2026-04-19 08:22:20
Full thread dump Java HotSpot(TM) 64-Bit Server VM (25.202-b08 mixed mode):

"DiscoveryClient-CacheRefreshExecutor-5" #3340 daemon prio=5 os_prio=0 tid=0x00007f5c14005800 nid=0xd55 waiting on condition [0x00007f5b24443000]
   java.lang.Thread.State: WAITING (parking)
	at sun.misc.Unsafe.park(Native Method)
	- parking to wait for  <0x00000007022a3600> (a java.util.concurrent.SynchronousQueue$TransferStack)
	at java.util.concurrent.locks.LockSupport.park(LockSupport.java:175)
	at java.util.concurrent.SynchronousQueue$TransferStack.awaitFulfill(SynchronousQueue.java:458)
	at java.util.concurrent.SynchronousQueue$TransferStack.transfer(SynchronousQueue.java:362)
	at java.util.concurrent.SynchronousQueue.take(SynchronousQueue.java:924)
	at java.util.concurrent.ThreadPoolExecutor.getTask(ThreadPoolExecutor.java:1074)
	at java.util.concurrent.ThreadPoolExecutor.runWorker(ThreadPoolExecutor.java:1134)
	at java.util.concurrent.ThreadPoolExecutor$Worker.run(ThreadPoolExecutor.java:624)
	at java.lang.Thread.run(Thread.java:748)

   Locked ownable synchronizers:
	- None

"PullMessageServiceScheduledThread" #3198 prio=5 os_prio=0 tid=0x00007f5ccc019000 nid=0xcc7 waiting on condition [0x00007f5b2564d000]
   java.lang.Thread.State: WAITING (parking)
	at sun.misc.Unsafe.park(Native Method)
	- parking to wait for  <0x00000006ffe74630> (a java.util.concurrent.locks.AbstractQueuedSynchronizer$ConditionObject)
	at java.util.concurrent.locks.LockSupport.park(LockSupport.java:175)
	at java.util.concurrent.locks.AbstractQueuedSynchronizer$ConditionObject.await(AbstractQueuedSynchronizer.java:2039)
	at java.util.concurrent.ScheduledThreadPoolExecutor$DelayedWorkQueue.take(ScheduledThreadPoolExecutor.java:1081)
	at java.util.concurrent.ScheduledThreadPoolExecutor$DelayedWorkQueue.take(ScheduledThreadPoolExecutor.java:809)
	at java.util.concurrent.ThreadPoolExecutor.getTask(ThreadPoolExecutor.java:1074)
	at java.util.concurrent.ThreadPoolExecutor.runWorker(ThreadPoolExecutor.java:1134)
	at java.util.concurrent.ThreadPoolExecutor$Worker.run(ThreadPoolExecutor.java:624)
	at java.lang.Thread.run(Thread.java:748)

   Locked ownable synchronizers:
	- None

"grpc-default-executor-5" #2889 daemon prio=5 os_prio=0 tid=0x00007f5de800b000 nid=0xb92 waiting on condition [0x00007f5b24e47000]
   java.lang.Thread.State: TIMED_WAITING (parking)
	at sun.misc.Unsafe.park(Native Method)
	- parking to wait for  <0x00000006fcb74f88> (a java.util.concurrent.SynchronousQueue$TransferStack)
	at java.util.concurrent.locks.LockSupport.parkNanos(LockSupport.java:215)
	at java.util.concurrent.SynchronousQueue$TransferStack.awaitFulfill(SynchronousQueue.java:460)
	at java.util.concurrent.SynchronousQueue$TransferStack.transfer(SynchronousQueue.java:362)
	at java.util.concurrent.SynchronousQueue.poll(SynchronousQueue.java:941)
	at java.util.concurrent.ThreadPoolExecutor.getTask(ThreadPoolExecutor.java:1073)
	at java.util.concurrent.ThreadPoolExecutor.runWorker(ThreadPoolExecutor.java:1134)
	at java.util.concurrent.ThreadPoolExecutor$Worker.run(ThreadPoolExecutor.java:624)
	at java.lang.Thread.run(Thread.java:748)

   Locked ownable synchronizers:
	- None

"mp-thread-msg-http-client-2" #1908 prio=5 os_prio=0 tid=0x00007f5c38071800 nid=0x7bd waiting on condition [0x00007f5b24b44000]
   java.lang.Thread.State: WAITING (parking)
	at sun.misc.Unsafe.park(Native Method)
	- parking to wait for  <0x00000006ff07b918> (a java.util.concurrent.locks.AbstractQueuedSynchronizer$ConditionObject)
	at java.util.concurrent.locks.LockSupport.park(LockSupport.java:175)
	at java.util.concurrent.locks.AbstractQueuedSynchronizer$ConditionObject.await(AbstractQueuedSynchronizer.java:2039)
	at java.util.concurrent.LinkedBlockingQueue.take(LinkedBlockingQueue.java:442)
	at java.util.concurrent.ThreadPoolExecutor.getTask(ThreadPoolExecutor.java:1074)
	at java.util.concurrent.ThreadPoolExecutor.runWorker(ThreadPoolExecutor.java:1134)
	at java.util.concurrent.ThreadPoolExecutor$Worker.run(ThreadPoolExecutor.java:624)
	at java.lang.Thread.run(Thread.java:748)

   Locked ownable synchronizers:
	- None

"mp-thread-msg-http-client-1" #1906 prio=5 os_prio=0 tid=0x00007f5c3800e000 nid=0x7bb waiting on condition [0x00007f5b26457000]
   java.lang.Thread.State: WAITING (parking)
	at sun.misc.Unsafe.park(Native Method)
	- parking to wait for  <0x00000006ff07b918> (a java.util.concurrent.locks.AbstractQueuedSynchronizer$ConditionObject)
	at java.util.concurrent.locks.LockSupport.park(LockSupport.java:175)
	at java.util.concurrent.locks.AbstractQueuedSynchronizer$ConditionObject.await(AbstractQueuedSynchronizer.java:2039)
	at java.util.concurrent.LinkedBlockingQueue.take(LinkedBlockingQueue.java:442)
	at java.util.concurrent.ThreadPoolExecutor.getTask(ThreadPoolExecutor.java:1074)
	at java.util.concurrent.ThreadPoolExecutor.runWorker(ThreadPoolExecutor.java:1134)
	at java.util.concurrent.ThreadPoolExecutor$Worker.run(ThreadPoolExecutor.java:624)
	at java.lang.Thread.run(Thread.java:748)

   Locked ownable synchronizers:
	- None

"pool-53-thread-1" #547 prio=5 os_prio=0 tid=0x00007f5c6803a800 nid=0x271 waiting on condition [0x00007f5b25e53000]
   java.lang.Thread.State: WAITING (parking)
	at sun.misc.Unsafe.park(Native Method)
	- parking to wait for  <0x0000000704b574f0> (a java.util.concurrent.locks.AbstractQueuedSynchronizer$ConditionObject)
	at java.util.concurrent.locks.LockSupport.park(LockSupport.java:175)
	at java.util.concurrent.locks.AbstractQueuedSynchronizer$ConditionObject.await(AbstractQueuedSynchronizer.java:2039)
	at java.util.concurrent.DelayQueue.take(DelayQueue.java:211)
	at com.dangdang.ddframe.job.warning.JobWarningHandle.lambda$static$0(JobWarningHandle.java:39)
	at com.dangdang.ddframe.job.warning.JobWarningHandle$$Lambda$1891/1269439677.run(Unknown Source)
	at java.util.concurrent.ThreadPoolExecutor.runWorker(ThreadPoolExecutor.java:1149)
	at java.util.concurrent.ThreadPoolExecutor$Worker.run(ThreadPoolExecutor.java:624)
	at java.lang.Thread.run(Thread.java:748)

   Locked ownable synchronizers:
	- <0x00000007045abc98> (a java.util.concurrent.ThreadPoolExecutor$Worker)

"AsyncResolver-bootstrap-executor-0" #517 daemon prio=5 os_prio=0 tid=0x00007f5c20003800 nid=0x254 waiting on condition [0x00007f5b26154000]
   java.lang.Thread.State: WAITING (parking)
	at sun.misc.Unsafe.park(Native Method)
	- parking to wait for  <0x00000007022a34e0> (a java.util.concurrent.SynchronousQueue$TransferStack)
	at java.util.concurrent.locks.LockSupport.park(LockSupport.java:175)
	at java.util.concurrent.SynchronousQueue$TransferStack.awaitFulfill(SynchronousQueue.java:458)
	at java.util.concurrent.SynchronousQueue$TransferStack.transfer(SynchronousQueue.java:362)
	at java.util.concurrent.SynchronousQueue.take(SynchronousQueue.java:924)
	at java.util.concurrent.ThreadPoolExecutor.getTask(ThreadPoolExecutor.java:1074)
	at java.util.concurrent.ThreadPoolExecutor.runWorker(ThreadPoolExecutor.java:1134)
	at java.util.concurrent.ThreadPoolExecutor$Worker.run(ThreadPoolExecutor.java:624)
	at java.lang.Thread.run(Thread.java:748)

   Locked ownable synchronizers:
	- None

"statistics-tracking-2" #511 prio=5 os_prio=0 tid=0x00007f5bd4009000 nid=0x24e waiting on condition [0x00007f5b26356000]
   java.lang.Thread.State: WAITING (parking)
	at sun.misc.Unsafe.park(Native Method)
	- parking to wait for  <0x00000007005ea188> (a java.util.concurrent.locks.AbstractQueuedSynchronizer$ConditionObject)
	at java.util.concurrent.locks.LockSupport.park(LockSupport.java:175)
	at java.util.concurrent.locks.AbstractQueuedSynchronizer$ConditionObject.await(AbstractQueuedSynchronizer.java:2039)
	at java.util.concurrent.LinkedBlockingQueue.take(LinkedBlockingQueue.java:442)
	at java.util.concurrent.ThreadPoolExecutor.getTask(ThreadPoolExecutor.java:1074)
	at java.util.concurrent.ThreadPoolExecutor.runWorker(ThreadPoolExecutor.java:1134)
	at java.util.concurrent.ThreadPoolExecutor$Worker.run(ThreadPoolExecutor.java:624)
	at java.lang.Thread.run(Thread.java:748)

   Locked ownable synchronizers:
	- None

"statistics-tracking-1" #506 prio=5 os_prio=0 tid=0x00007f5bb8030800 nid=0x249 waiting on condition [0x00007f5b26758000]
   java.lang.Thread.State: WAITING (parking)
	at sun.misc.Unsafe.park(Native Method)
	- parking to wait for  <0x00000007005ea188> (a java.util.concurrent.locks.AbstractQueuedSynchronizer$ConditionObject)
	at java.util.concurrent.locks.LockSupport.park(LockSupport.java:175)
	at java.util.concurrent.locks.AbstractQueuedSynchronizer$ConditionObject.await(AbstractQueuedSynchronizer.java:2039)
	at java.util.concurrent.LinkedBlockingQueue.take(LinkedBlockingQueue.java:442)
	at java.util.concurrent.ThreadPoolExecutor.getTask(ThreadPoolExecutor.java:1074)
	at java.util.concurrent.ThreadPoolExecutor.runWorker(ThreadPoolExecutor.java:1134)
	at java.util.concurrent.ThreadPoolExecutor$Worker.run(ThreadPoolExecutor.java:624)
	at java.lang.Thread.run(Thread.java:748)

   Locked ownable synchronizers:
	- None

"AsyncSenderExecutor_4" #502 prio=5 os_prio=0 tid=0x00007f5b580a9000 nid=0x245 waiting on condition [0x00007f5b26a59000]
   java.lang.Thread.State: WAITING (parking)
	at sun.misc.Unsafe.park(Native Method)
	- parking to wait for  <0x00000007005ea1d0> (a java.util.concurrent.locks.AbstractQueuedSynchronizer$ConditionObject)
	at java.util.concurrent.locks.LockSupport.park(LockSupport.java:175)
	at java.util.concurrent.locks.AbstractQueuedSynchronizer$ConditionObject.await(AbstractQueuedSynchronizer.java:2039)
	at java.util.concurrent.LinkedBlockingQueue.take(LinkedBlockingQueue.java:442)
	at java.util.concurrent.ThreadPoolExecutor.getTask(ThreadPoolExecutor.java:1074)
	at java.util.concurrent.ThreadPoolExecutor.runWorker(ThreadPoolExecutor.java:1134)
	at java.util.concurrent.ThreadPoolExecutor$Worker.run(ThreadPoolExecutor.java:624)
	at java.lang.Thread.run(Thread.java:748)

   Locked ownable synchronizers:
	- None

"AsyncSenderExecutor_3" #501 prio=5 os_prio=0 tid=0x00007f5b580a5000 nid=0x244 waiting on condition [0x00007f5b26b5a000]
   java.lang.Thread.State: WAITING (parking)
	at sun.misc.Unsafe.park(Native Method)
	- parking to wait for  <0x00000007005ea1d0> (a java.util.concurrent.locks.AbstractQueuedSynchronizer$ConditionObject)
	at java.util.concurrent.locks.LockSupport.park(LockSupport.java:175)
	at java.util.concurrent.locks.AbstractQueuedSynchronizer$ConditionObject.await(AbstractQueuedSynchronizer.java:2039)
	at java.util.concurrent.LinkedBlockingQueue.take(LinkedBlockingQueue.java:442)
	at java.util.concurrent.ThreadPoolExecutor.getTask(ThreadPoolExecutor.java:1074)
	at java.util.concurrent.ThreadPoolExecutor.runWorker(ThreadPoolExecutor.java:1134)
	at java.util.concurrent.ThreadPoolExecutor$Worker.run(ThreadPoolExecutor.java:624)
	at java.lang.Thread.run(Thread.java:748)

   Locked ownable synchronizers:
	- None

"AsyncSenderExecutor_2" #500 prio=5 os_prio=0 tid=0x00007f5b580a6000 nid=0x243 waiting on condition [0x00007f5b26c5b000]
   java.lang.Thread.State: WAITING (parking)
	at sun.misc.Unsafe.park(Native Method)
	- parking to wait for  <0x00000007005ea1d0> (a java.util.concurrent.locks.AbstractQueuedSynchronizer$ConditionObject)
	at java.util.concurrent.locks.LockSupport.park(LockSupport.java:175)
	at java.util.concurrent.locks.AbstractQueuedSynchronizer$ConditionObject.await(AbstractQueuedSynchronizer.java:2039)
	at java.util.concurrent.LinkedBlockingQueue.take(LinkedBlockingQueue.java:442)
	at java.util.concurrent.ThreadPoolExecutor.getTask(ThreadPoolExecutor.java:1074)
	at java.util.concurrent.ThreadPoolExecutor.runWorker(ThreadPoolExecutor.java:1134)
	at java.util.concurrent.ThreadPoolExecutor$Worker.run(ThreadPoolExecutor.java:624)
	at java.lang.Thread.run(Thread.java:748)

   Locked ownable synchronizers:
	- None

"AsyncSenderExecutor_1" #499 prio=5 os_prio=0 tid=0x00007f5b5809d800 nid=0x242 waiting on condition [0x00007f5b26d5c000]
   java.lang.Thread.State: WAITING (parking)
	at sun.misc.Unsafe.park(Native Method)
	- parking to wait for  <0x00000007005ea1d0> (a java.util.concurrent.locks.AbstractQueuedSynchronizer$ConditionObject)
	at java.util.concurrent.locks.LockSupport.park(LockSupport.java:175)
	at java.util.concurrent.locks.AbstractQueuedSynchronizer$ConditionObject.await(AbstractQueuedSynchronizer.java:2039)
	at java.util.concurrent.LinkedBlockingQueue.take(LinkedBlockingQueue.java:442)
	at java.util.concurrent.ThreadPoolExecutor.getTask(ThreadPoolExecutor.java:1074)
	at java.util.concurrent.ThreadPoolExecutor.runWorker(ThreadPoolExecutor.java:1134)
	at java.util.concurrent.ThreadPoolExecutor$Worker.run(ThreadPoolExecutor.java:624)
	at java.lang.Thread.run(Thread.java:748)

   Locked ownable synchronizers:
	- None

"MQTraceSendThread_10" #498 prio=5 os_prio=0 tid=0x00000000018da000 nid=0x241 waiting on condition [0x00007f5b26e5d000]
   java.lang.Thread.State: WAITING (parking)
	at sun.misc.Unsafe.park(Native Method)
	- parking to wait for  <0x0000000702c77848> (a java.util.concurrent.locks.AbstractQueuedSynchronizer$ConditionObject)
	at java.util.concurrent.locks.LockSupport.park(LockSupport.java:175)
	at java.util.concurrent.locks.AbstractQueuedSynchronizer$ConditionObject.await(AbstractQueuedSynchronizer.java:2039)
	at java.util.concurrent.ArrayBlockingQueue.take(ArrayBlockingQueue.java:403)
	at java.util.concurrent.ThreadPoolExecutor.getTask(ThreadPoolExecutor.java:1074)
	at java.util.concurrent.ThreadPoolExecutor.runWorker(ThreadPoolExecutor.java:1134)
	at java.util.concurrent.ThreadPoolExecutor$Worker.run(ThreadPoolExecutor.java:624)
	at java.lang.Thread.run(Thread.java:748)

   Locked ownable synchronizers:
	- None

"MQTraceSendThread_9" #497 prio=5 os_prio=0 tid=0x00000000018d8000 nid=0x240 waiting on condition [0x00007f5b26f5e000]
   java.lang.Thread.State: WAITING (parking)
	at sun.misc.Unsafe.park(Native Method)
	- parking to wait for  <0x0000000702c77848> (a java.util.concurrent.locks.AbstractQueuedSynchronizer$ConditionObject)
	at java.util.concurrent.locks.LockSupport.park(LockSupport.java:175)
	at java.util.concurrent.locks.AbstractQueuedSynchronizer$ConditionObject.await(AbstractQueuedSynchronizer.java:2039)
	at java.util.concurrent.ArrayBlockingQueue.take(ArrayBlockingQueue.java:403)
	at java.util.concurrent.ThreadPoolExecutor.getTask(ThreadPoolExecutor.java:1074)
	at java.util.concurrent.ThreadPoolExecutor.runWorker(ThreadPoolExecutor.java:1134)
	at java.util.concurrent.ThreadPoolExecutor$Worker.run(ThreadPoolExecutor.java:624)
	at java.lang.Thread.run(Thread.java:748)

   Locked ownable synchronizers:
	- None

"MQTraceSendThread_8" #496 prio=5 os_prio=0 tid=0x00000000018d6800 nid=0x23f waiting on condition [0x00007f5b2705f000]
   java.lang.Thread.State: WAITING (parking)
	at sun.misc.Unsafe.park(Native Method)
	- parking to wait for  <0x0000000702c77848> (a java.util.concurrent.locks.AbstractQueuedSynchronizer$ConditionObject)
	at java.util.concurrent.locks.LockSupport.park(LockSupport.java:175)
	at java.util.concurrent.locks.AbstractQueuedSynchronizer$ConditionObject.await(AbstractQueuedSynchronizer.java:2039)
	at java.util.concurrent.ArrayBlockingQueue.take(ArrayBlockingQueue.java:403)
	at java.util.concurrent.ThreadPoolExecutor.getTask(ThreadPoolExecutor.java:1074)
	at java.util.concurrent.ThreadPoolExecutor.runWorker(ThreadPoolExecutor.java:1134)
	at java.util.concurrent.ThreadPoolExecutor$Worker.run(ThreadPoolExecutor.java:624)
	at java.lang.Thread.run(Thread.java:748)

   Locked ownable synchronizers:
	- None

"NettyClientPublicExecutor_4" #495 prio=5 os_prio=0 tid=0x00007f5d20008000 nid=0x23e waiting on condition [0x00007f5b273b6000]
   java.lang.Thread.State: WAITING (parking)
	at sun.misc.Unsafe.park(Native Method)
	- parking to wait for  <0x00000007005ea290> (a java.util.concurrent.locks.AbstractQueuedSynchronizer$ConditionObject)
	at java.util.concurrent.locks.LockSupport.park(LockSupport.java:175)
	at java.util.concurrent.locks.AbstractQueuedSynchronizer$ConditionObject.await(AbstractQueuedSynchronizer.java:2039)
	at java.util.concurrent.LinkedBlockingQueue.take(LinkedBlockingQueue.java:442)
	at java.util.concurrent.ThreadPoolExecutor.getTask(ThreadPoolExecutor.java:1074)
	at java.util.concurrent.ThreadPoolExecutor.runWorker(ThreadPoolExecutor.java:1134)
	at java.util.concurrent.ThreadPoolExecutor$Worker.run(ThreadPoolExecutor.java:624)
	at java.lang.Thread.run(Thread.java:748)

   Locked ownable synchronizers:
	- None

"MQTraceSendThread_7" #494 prio=5 os_prio=0 tid=0x00000000018d4800 nid=0x23d waiting on condition [0x00007f5b274b7000]
   java.lang.Thread.State: WAITING (parking)
	at sun.misc.Unsafe.park(Native Method)
	- parking to wait for  <0x0000000702c77848> (a java.util.concurrent.locks.AbstractQueuedSynchronizer$ConditionObject)
	at java.util.concurrent.locks.LockSupport.park(LockSupport.java:175)
	at java.util.concurrent.locks.AbstractQueuedSynchronizer$ConditionObject.await(AbstractQueuedSynchronizer.java:2039)
	at java.util.concurrent.ArrayBlockingQueue.take(ArrayBlockingQueue.java:403)
	at java.util.concurrent.ThreadPoolExecutor.getTask(ThreadPoolExecutor.java:1074)
	at java.util.concurrent.ThreadPoolExecutor.runWorker(ThreadPoolExecutor.java:1134)
	at java.util.concurrent.ThreadPoolExecutor$Worker.run(ThreadPoolExecutor.java:624)
	at java.lang.Thread.run(Thread.java:748)

   Locked ownable synchronizers:
	- None

"NettyClientPublicExecutor_3" #493 prio=5 os_prio=0 tid=0x00007f5d14006800 nid=0x23c waiting on condition [0x00007f5b275b8000]
   java.lang.Thread.State: WAITING (parking)
	at sun.misc.Unsafe.park(Native Method)
	- parking to wait for  <0x00000007005ea290> (a java.util.concurrent.locks.AbstractQueuedSynchronizer$ConditionObject)
	at java.util.concurrent.locks.LockSupport.park(LockSupport.java:175)
	at java.util.concurrent.locks.AbstractQueuedSynchronizer$ConditionObject.await(AbstractQueuedSynchronizer.java:2039)
	at java.util.concurrent.LinkedBlockingQueue.take(LinkedBlockingQueue.java:442)
	at java.util.concurrent.ThreadPoolExecutor.getTask(ThreadPoolExecutor.java:1074)
	at java.util.concurrent.ThreadPoolExecutor.runWorker(ThreadPoolExecutor.java:1134)
	at java.util.concurrent.ThreadPoolExecutor$Worker.run(ThreadPoolExecutor.java:624)
	at java.lang.Thread.run(Thread.java:748)

   Locked ownable synchronizers:
	- None

"NettyClientPublicExecutor_2" #492 prio=5 os_prio=0 tid=0x00007f5d14004800 nid=0x23b waiting on condition [0x00007f5b276b9000]
   java.lang.Thread.State: WAITING (parking)
	at sun.misc.Unsafe.park(Native Method)
	- parking to wait for  <0x00000007005ea290> (a java.util.concurrent.locks.AbstractQueuedSynchronizer$ConditionObject)
	at java.util.concurrent.locks.LockSupport.park(LockSupport.java:175)
	at java.util.concurrent.locks.AbstractQueuedSynchronizer$ConditionObject.await(AbstractQueuedSynchronizer.java:2039)
	at java.util.concurrent.LinkedBlockingQueue.take(LinkedBlockingQueue.java:442)
	at java.util.concurrent.ThreadPoolExecutor.getTask(ThreadPoolExecutor.java:1074)
	at java.util.concurrent.ThreadPoolExecutor.runWorker(ThreadPoolExecutor.java:1134)
	at java.util.concurrent.ThreadPoolExecutor$Worker.run(ThreadPoolExecutor.java:624)
	at java.lang.Thread.run(Thread.java:748)

   Locked ownable synchronizers:
	- None

"NettyClientPublicExecutor_1" #491 prio=5 os_prio=0 tid=0x00007f5d14004000 nid=0x23a waiting on condition [0x00007f5b277ba000]
   java.lang.Thread.State: WAITING (parking)
	at sun.misc.Unsafe.park(Native Method)
	- parking to wait for  <0x00000007005ea290> (a java.util.concurrent.locks.AbstractQueuedSynchronizer$ConditionObject)
	at java.util.concurrent.locks.LockSupport.park(LockSupport.java:175)
	at java.util.concurrent.locks.AbstractQueuedSynchronizer$ConditionObject.await(AbstractQueuedSynchronizer.java:2039)
	at java.util.concurrent.LinkedBlockingQueue.take(LinkedBlockingQueue.java:442)
	at java.util.concurrent.ThreadPoolExecutor.getTask(ThreadPoolExecutor.java:1074)
	at java.util.concurrent.ThreadPoolExecutor.runWorker(ThreadPoolExecutor.java:1134)
	at java.util.concurrent.ThreadPoolExecutor$Worker.run(ThreadPoolExecutor.java:624)
	at java.lang.Thread.run(Thread.java:748)

   Locked ownable synchronizers:
	- None

"MQTraceSendThread_6" #490 prio=5 os_prio=0 tid=0x00000000018d3000 nid=0x239 waiting on condition [0x00007f5b278bb000]
   java.lang.Thread.State: WAITING (parking)
	at sun.misc.Unsafe.park(Native Method)
	- parking to wait for  <0x0000000702c77848> (a java.util.concurrent.locks.AbstractQueuedSynchronizer$ConditionObject)
	at java.util.concurrent.locks.LockSupport.park(LockSupport.java:175)
	at java.util.concurrent.locks.AbstractQueuedSynchronizer$ConditionObject.await(AbstractQueuedSynchronizer.java:2039)
	at java.util.concurrent.ArrayBlockingQueue.take(ArrayBlockingQueue.java:403)
	at java.util.concurrent.ThreadPoolExecutor.getTask(ThreadPoolExecutor.java:1074)
	at java.util.concurrent.ThreadPoolExecutor.runWorker(ThreadPoolExecutor.java:1134)
	at java.util.concurrent.ThreadPoolExecutor$Worker.run(ThreadPoolExecutor.java:624)
	at java.lang.Thread.run(Thread.java:748)

   Locked ownable synchronizers:
	- None

"AsyncSenderExecutor_4" #489 prio=5 os_prio=0 tid=0x00007f5e0c001800 nid=0x238 waiting on condition [0x00007f5b279bc000]
   java.lang.Thread.State: WAITING (parking)
	at sun.misc.Unsafe.park(Native Method)
	- parking to wait for  <0x0000000702c77860> (a java.util.concurrent.locks.AbstractQueuedSynchronizer$ConditionObject)
	at java.util.concurrent.locks.LockSupport.park(LockSupport.java:175)
	at java.util.concurrent.locks.AbstractQueuedSynchronizer$ConditionObject.await(AbstractQueuedSynchronizer.java:2039)
	at java.util.concurrent.LinkedBlockingQueue.take(LinkedBlockingQueue.java:442)
	at java.util.concurrent.ThreadPoolExecutor.getTask(ThreadPoolExecutor.java:1074)
	at java.util.concurrent.ThreadPoolExecutor.runWorker(ThreadPoolExecutor.java:1134)
	at java.util.concurrent.ThreadPoolExecutor$Worker.run(ThreadPoolExecutor.java:624)
	at java.lang.Thread.run(Thread.java:748)

   Locked ownable synchronizers:
	- None

"AsyncSenderExecutor_3" #488 prio=5 os_prio=0 tid=0x00007f5e0019c800 nid=0x237 waiting on condition [0x00007f5b27abd000]
   java.lang.Thread.State: WAITING (parking)
	at sun.misc.Unsafe.park(Native Method)
	- parking to wait for  <0x0000000702c77860> (a java.util.concurrent.locks.AbstractQueuedSynchronizer$ConditionObject)
	at java.util.concurrent.locks.LockSupport.park(LockSupport.java:175)
	at java.util.concurrent.locks.AbstractQueuedSynchronizer$ConditionObject.await(AbstractQueuedSynchronizer.java:2039)
	at java.util.concurrent.LinkedBlockingQueue.take(LinkedBlockingQueue.java:442)
	at java.util.concurrent.ThreadPoolExecutor.getTask(ThreadPoolExecutor.java:1074)
	at java.util.concurrent.ThreadPoolExecutor.runWorker(ThreadPoolExecutor.java:1134)
	at java.util.concurrent.ThreadPoolExecutor$Worker.run(ThreadPoolExecutor.java:624)
	at java.lang.Thread.run(Thread.java:748)

   Locked ownable synchronizers:
	- None

"MQTraceSendThread_5" #487 prio=5 os_prio=0 tid=0x00000000018d1000 nid=0x236 waiting on condition [0x00007f5b27bbe000]
   java.lang.Thread.State: WAITING (parking)
	at sun.misc.Unsafe.park(Native Method)
	- parking to wait for  <0x0000000702c77848> (a java.util.concurrent.locks.AbstractQueuedSynchronizer$ConditionObject)
	at java.util.concurrent.locks.LockSupport.park(LockSupport.java:175)
	at java.util.concurrent.locks.AbstractQueuedSynchronizer$ConditionObject.await(AbstractQueuedSynchronizer.java:2039)
	at java.util.concurrent.ArrayBlockingQueue.take(ArrayBlockingQueue.java:403)
	at java.util.concurrent.ThreadPoolExecutor.getTask(ThreadPoolExecutor.java:1074)
	at java.util.concurrent.ThreadPoolExecutor.runWorker(ThreadPoolExecutor.java:1134)
	at java.util.concurrent.ThreadPoolExecutor$Worker.run(ThreadPoolExecutor.java:624)
	at java.lang.Thread.run(Thread.java:748)

   Locked ownable synchronizers:
	- None

"AsyncSenderExecutor_2" #485 prio=5 os_prio=0 tid=0x00007f5e08001800 nid=0x235 waiting on condition [0x00007f5b27cbf000]
   java.lang.Thread.State: WAITING (parking)
	at sun.misc.Unsafe.park(Native Method)
	- parking to wait for  <0x0000000702c77860> (a java.util.concurrent.locks.AbstractQueuedSynchronizer$ConditionObject)
	at java.util.concurrent.locks.LockSupport.park(LockSupport.java:175)
	at java.util.concurrent.locks.AbstractQueuedSynchronizer$ConditionObject.await(AbstractQueuedSynchronizer.java:2039)
	at java.util.concurrent.LinkedBlockingQueue.take(LinkedBlockingQueue.java:442)
	at java.util.concurrent.ThreadPoolExecutor.getTask(ThreadPoolExecutor.java:1074)
	at java.util.concurrent.ThreadPoolExecutor.runWorker(ThreadPoolExecutor.java:1134)
	at java.util.concurrent.ThreadPoolExecutor$Worker.run(ThreadPoolExecutor.java:624)
	at java.lang.Thread.run(Thread.java:748)

   Locked ownable synchronizers:
	- None

"AsyncSenderExecutor_1" #486 prio=5 os_prio=0 tid=0x00007f5df4004000 nid=0x234 waiting on condition [0x00007f5b27dc0000]
   java.lang.Thread.State: WAITING (parking)
	at sun.misc.Unsafe.park(Native Method)
	- parking to wait for  <0x0000000702c77860> (a java.util.concurrent.locks.AbstractQueuedSynchronizer$ConditionObject)
	at java.util.concurrent.locks.LockSupport.park(LockSupport.java:175)
	at java.util.concurrent.locks.AbstractQueuedSynchronizer$ConditionObject.await(AbstractQueuedSynchronizer.java:2039)
	at java.util.concurrent.LinkedBlockingQueue.take(LinkedBlockingQueue.java:442)
	at java.util.concurrent.ThreadPoolExecutor.getTask(ThreadPoolExecutor.java:1074)
	at java.util.concurrent.ThreadPoolExecutor.runWorker(ThreadPoolExecutor.java:1134)
	at java.util.concurrent.ThreadPoolExecutor$Worker.run(ThreadPoolExecutor.java:624)
	at java.lang.Thread.run(Thread.java:748)

   Locked ownable synchronizers:
	- None

"MQTraceSendThread_4" #484 prio=5 os_prio=0 tid=0x00000000018cf800 nid=0x233 waiting on condition [0x00007f5b27ec1000]
   java.lang.Thread.State: WAITING (parking)
	at sun.misc.Unsafe.park(Native Method)
	- parking to wait for  <0x0000000702c77848> (a java.util.concurrent.locks.AbstractQueuedSynchronizer$ConditionObject)
	at java.util.concurrent.locks.LockSupport.park(LockSupport.java:175)
	at java.util.concurrent.locks.AbstractQueuedSynchronizer$ConditionObject.await(AbstractQueuedSynchronizer.java:2039)
	at java.util.concurrent.ArrayBlockingQueue.take(ArrayBlockingQueue.java:403)
	at java.util.concurrent.ThreadPoolExecutor.getTask(ThreadPoolExecutor.java:1074)
	at java.util.concurrent.ThreadPoolExecutor.runWorker(ThreadPoolExecutor.java:1134)
	at java.util.concurrent.ThreadPoolExecutor$Worker.run(ThreadPoolExecutor.java:624)
	at java.lang.Thread.run(Thread.java:748)

   Locked ownable synchronizers:
	- None

"MQTraceSendThread_3" #483 prio=5 os_prio=0 tid=0x00000000018ce000 nid=0x232 waiting on condition [0x00007f5b27fc2000]
   java.lang.Thread.State: WAITING (parking)
	at sun.misc.Unsafe.park(Native Method)
	- parking to wait for  <0x0000000702c77848> (a java.util.concurrent.locks.AbstractQueuedSynchronizer$ConditionObject)
	at java.util.concurrent.locks.LockSupport.park(LockSupport.java:175)
	at java.util.concurrent.locks.AbstractQueuedSynchronizer$ConditionObject.await(AbstractQueuedSynchronizer.java:2039)
	at java.util.concurrent.ArrayBlockingQueue.take(ArrayBlockingQueue.java:403)
	at java.util.concurrent.ThreadPoolExecutor.getTask(ThreadPoolExecutor.java:1074)
	at java.util.concurrent.ThreadPoolExecutor.runWorker(ThreadPoolExecutor.java:1134)
	at java.util.concurrent.ThreadPoolExecutor$Worker.run(ThreadPoolExecutor.java:624)
	at java.lang.Thread.run(Thread.java:748)

   Locked ownable synchronizers:
	- None

"MQTraceSendThread_2" #482 prio=5 os_prio=0 tid=0x00000000018cd000 nid=0x231 waiting on condition [0x00007f5b280c3000]
   java.lang.Thread.State: WAITING (parking)
	at sun.misc.Unsafe.park(Native Method)
	- parking to wait for  <0x0000000702c77848> (a java.util.concurrent.locks.AbstractQueuedSynchronizer$ConditionObject)
	at java.util.concurrent.locks.LockSupport.park(LockSupport.java:175)
	at java.util.concurrent.locks.AbstractQueuedSynchronizer$ConditionObject.await(AbstractQueuedSynchronizer.java:2039)
	at java.util.concurrent.ArrayBlockingQueue.take(ArrayBlockingQueue.java:403)
	at java.util.concurrent.ThreadPoolExecutor.getTask(ThreadPoolExecutor.java:1074)
	at java.util.concurrent.ThreadPoolExecutor.runWorker(ThreadPoolExecutor.java:1134)
	at java.util.concurrent.ThreadPoolExecutor$Worker.run(ThreadPoolExecutor.java:624)
	at java.lang.Thread.run(Thread.java:748)

   Locked ownable synchronizers:
	- None

"MQTraceSendThread_1" #481 prio=5 os_prio=0 tid=0x00000000018c5800 nid=0x230 waiting on condition [0x00007f5b281c4000]
   java.lang.Thread.State: WAITING (parking)
	at sun.misc.Unsafe.park(Native Method)
	- parking to wait for  <0x0000000702c77848> (a java.util.concurrent.locks.AbstractQueuedSynchronizer$ConditionObject)
	at java.util.concurrent.locks.LockSupport.park(LockSupport.java:175)
	at java.util.concurrent.locks.AbstractQueuedSynchronizer$ConditionObject.await(AbstractQueuedSynchronizer.java:2039)
	at java.util.concurrent.ArrayBlockingQueue.take(ArrayBlockingQueue.java:403)
	at java.util.concurrent.ThreadPoolExecutor.getTask(ThreadPoolExecutor.java:1074)
	at java.util.concurrent.ThreadPoolExecutor.runWorker(ThreadPoolExecutor.java:1134)
	at java.util.concurrent.ThreadPoolExecutor$Worker.run(ThreadPoolExecutor.java:624)
	at java.lang.Thread.run(Thread.java:748)

   Locked ownable synchronizers:
	- None

"ConsumeMessageThread_20" #480 prio=5 os_prio=0 tid=0x00007f5ccc00a000 nid=0x22f waiting on condition [0x00007f5b282c5000]
   java.lang.Thread.State: WAITING (parking)
	at sun.misc.Unsafe.park(Native Method)
	- parking to wait for  <0x0000000702c77560> (a java.util.concurrent.locks.AbstractQueuedSynchronizer$ConditionObject)
	at java.util.concurrent.locks.LockSupport.park(LockSupport.java:175)
	at java.util.concurrent.locks.AbstractQueuedSynchronizer$ConditionObject.await(AbstractQueuedSynchronizer.java:2039)
	at java.util.concurrent.LinkedBlockingQueue.take(LinkedBlockingQueue.java:442)
	at java.util.concurrent.ThreadPoolExecutor.getTask(ThreadPoolExecutor.java:1074)
	at java.util.concurrent.ThreadPoolExecutor.runWorker(ThreadPoolExecutor.java:1134)
	at java.util.concurrent.ThreadPoolExecutor$Worker.run(ThreadPoolExecutor.java:624)
	at java.lang.Thread.run(Thread.java:748)

   Locked ownable synchronizers:
	- None

"ConsumeMessageThread_19" #479 prio=5 os_prio=0 tid=0x00007f5cd800a000 nid=0x22e waiting on condition [0x00007f5b283c6000]
   java.lang.Thread.State: WAITING (parking)
	at sun.misc.Unsafe.park(Native Method)
	- parking to wait for  <0x0000000702c77560> (a java.util.concurrent.locks.AbstractQueuedSynchronizer$ConditionObject)
	at java.util.concurrent.locks.LockSupport.park(LockSupport.java:175)
	at java.util.concurrent.locks.AbstractQueuedSynchronizer$ConditionObject.await(AbstractQueuedSynchronizer.java:2039)
	at java.util.concurrent.LinkedBlockingQueue.take(LinkedBlockingQueue.java:442)
	at java.util.concurrent.ThreadPoolExecutor.getTask(ThreadPoolExecutor.java:1074)
	at java.util.concurrent.ThreadPoolExecutor.runWorker(ThreadPoolExecutor.java:1134)
	at java.util.concurrent.ThreadPoolExecutor$Worker.run(ThreadPoolExecutor.java:624)
	at java.lang.Thread.run(Thread.java:748)

   Locked ownable synchronizers:
	- None

"ConsumeMessageThread_18" #478 prio=5 os_prio=0 tid=0x00007f5b2c00f800 nid=0x22d waiting on condition [0x00007f5b284c7000]
   java.lang.Thread.State: WAITING (parking)
	at sun.misc.Unsafe.park(Native Method)
	- parking to wait for  <0x0000000702c77560> (a java.util.concurrent.locks.AbstractQueuedSynchronizer$ConditionObject)
	at java.util.concurrent.locks.LockSupport.park(LockSupport.java:175)
	at java.util.concurrent.locks.AbstractQueuedSynchronizer$ConditionObject.await(AbstractQueuedSynchronizer.java:2039)
	at java.util.concurrent.LinkedBlockingQueue.take(LinkedBlockingQueue.java:442)
	at java.util.concurrent.ThreadPoolExecutor.getTask(ThreadPoolExecutor.java:1074)
	at java.util.concurrent.ThreadPoolExecutor.runWorker(ThreadPoolExecutor.java:1134)
	at java.util.concurrent.ThreadPoolExecutor$Worker.run(ThreadPoolExecutor.java:624)
	at java.lang.Thread.run(Thread.java:748)

   Locked ownable synchronizers:
	- None

"ConsumeMessageThread_17" #477 prio=5 os_prio=0 tid=0x00007f5b3800b800 nid=0x22c waiting on condition [0x00007f5b285c8000]
   java.lang.Thread.State: WAITING (parking)
	at sun.misc.Unsafe.park(Native Method)
	- parking to wait for  <0x0000000702c77560> (a java.util.concurrent.locks.AbstractQueuedSynchronizer$ConditionObject)
	at java.util.concurrent.locks.LockSupport.park(LockSupport.java:175)
	at java.util.concurrent.locks.AbstractQueuedSynchronizer$ConditionObject.await(AbstractQueuedSynchronizer.java:2039)
	at java.util.concurrent.LinkedBlockingQueue.take(LinkedBlockingQueue.java:442)
	at java.util.concurrent.ThreadPoolExecutor.getTask(ThreadPoolExecutor.java:1074)
	at java.util.concurrent.ThreadPoolExecutor.runWorker(ThreadPoolExecutor.java:1134)
	at java.util.concurrent.ThreadPoolExecutor$Worker.run(ThreadPoolExecutor.java:624)
	at java.lang.Thread.run(Thread.java:748)

   Locked ownable synchronizers:
	- None

"ConsumeMessageThread_16" #476 prio=5 os_prio=0 tid=0x00007f5ccc008000 nid=0x22b waiting on condition [0x00007f5b286c9000]
   java.lang.Thread.State: WAITING (parking)
	at sun.misc.Unsafe.park(Native Method)
	- parking to wait for  <0x0000000702c77560> (a java.util.concurrent.locks.AbstractQueuedSynchronizer$ConditionObject)
	at java.util.concurrent.locks.LockSupport.park(LockSupport.java:175)
	at java.util.concurrent.locks.AbstractQueuedSynchronizer$ConditionObject.await(AbstractQueuedSynchronizer.java:2039)
	at java.util.concurrent.LinkedBlockingQueue.take(LinkedBlockingQueue.java:442)
	at java.util.concurrent.ThreadPoolExecutor.getTask(ThreadPoolExecutor.java:1074)
	at java.util.concurrent.ThreadPoolExecutor.runWorker(ThreadPoolExecutor.java:1134)
	at java.util.concurrent.ThreadPoolExecutor$Worker.run(ThreadPoolExecutor.java:624)
	at java.lang.Thread.run(Thread.java:748)

   Locked ownable synchronizers:
	- None

"ConsumeMessageThread_15" #475 prio=5 os_prio=0 tid=0x00007f5cd8008800 nid=0x22a waiting on condition [0x00007f5b287ca000]
   java.lang.Thread.State: WAITING (parking)
	at sun.misc.Unsafe.park(Native Method)
	- parking to wait for  <0x0000000702c77560> (a java.util.concurrent.locks.AbstractQueuedSynchronizer$ConditionObject)
	at java.util.concurrent.locks.LockSupport.park(LockSupport.java:175)
	at java.util.concurrent.locks.AbstractQueuedSynchronizer$ConditionObject.await(AbstractQueuedSynchronizer.java:2039)
	at java.util.concurrent.LinkedBlockingQueue.take(LinkedBlockingQueue.java:442)
	at java.util.concurrent.ThreadPoolExecutor.getTask(ThreadPoolExecutor.java:1074)
	at java.util.concurrent.ThreadPoolExecutor.runWorker(ThreadPoolExecutor.java:1134)
	at java.util.concurrent.ThreadPoolExecutor$Worker.run(ThreadPoolExecutor.java:624)
	at java.lang.Thread.run(Thread.java:748)

   Locked ownable synchronizers:
	- None

"ConsumeMessageThread_14" #474 prio=5 os_prio=0 tid=0x00007f5b2c00d800 nid=0x229 waiting on condition [0x00007f5b288cb000]
   java.lang.Thread.State: WAITING (parking)
	at sun.misc.Unsafe.park(Native Method)
	- parking to wait for  <0x0000000702c77560> (a java.util.concurrent.locks.AbstractQueuedSynchronizer$ConditionObject)
	at java.util.concurrent.locks.LockSupport.park(LockSupport.java:175)
	at java.util.concurrent.locks.AbstractQueuedSynchronizer$ConditionObject.await(AbstractQueuedSynchronizer.java:2039)
	at java.util.concurrent.LinkedBlockingQueue.take(LinkedBlockingQueue.java:442)
	at java.util.concurrent.ThreadPoolExecutor.getTask(ThreadPoolExecutor.java:1074)
	at java.util.concurrent.ThreadPoolExecutor.runWorker(ThreadPoolExecutor.java:1134)
	at java.util.concurrent.ThreadPoolExecutor$Worker.run(ThreadPoolExecutor.java:624)
	at java.lang.Thread.run(Thread.java:748)

   Locked ownable synchronizers:
	- None

"ConsumeMessageThread_13" #473 prio=5 os_prio=0 tid=0x00007f5b3800a800 nid=0x228 waiting on condition [0x00007f5b289cc000]
   java.lang.Thread.State: WAITING (parking)
	at sun.misc.Unsafe.park(Native Method)
	- parking to wait for  <0x0000000702c77560> (a java.util.concurrent.locks.AbstractQueuedSynchronizer$ConditionObject)
	at java.util.concurrent.locks.LockSupport.park(LockSupport.java:175)
	at java.util.concurrent.locks.AbstractQueuedSynchronizer$ConditionObject.await(AbstractQueuedSynchronizer.java:2039)
	at java.util.concurrent.LinkedBlockingQueue.take(LinkedBlockingQueue.java:442)
	at java.util.concurrent.ThreadPoolExecutor.getTask(ThreadPoolExecutor.java:1074)
	at java.util.concurrent.ThreadPoolExecutor.runWorker(ThreadPoolExecutor.java:1134)
	at java.util.concurrent.ThreadPoolExecutor$Worker.run(ThreadPoolExecutor.java:624)
	at java.lang.Thread.run(Thread.java:748)

   Locked ownable synchronizers:
	- None

"ConsumeMessageThread_12" #472 prio=5 os_prio=0 tid=0x00007f5ccc006000 nid=0x227 waiting on condition [0x00007f5b28acd000]
   java.lang.Thread.State: WAITING (parking)
	at sun.misc.Unsafe.park(Native Method)
	- parking to wait for  <0x0000000702c77560> (a java.util.concurrent.locks.AbstractQueuedSynchronizer$ConditionObject)
	at java.util.concurrent.locks.LockSupport.park(LockSupport.java:175)
	at java.util.concurrent.locks.AbstractQueuedSynchronizer$ConditionObject.await(AbstractQueuedSynchronizer.java:2039)
	at java.util.concurrent.LinkedBlockingQueue.take(LinkedBlockingQueue.java:442)
	at java.util.concurrent.ThreadPoolExecutor.getTask(ThreadPoolExecutor.java:1074)
	at java.util.concurrent.ThreadPoolExecutor.runWorker(ThreadPoolExecutor.java:1134)
	at java.util.concurrent.ThreadPoolExecutor$Worker.run(ThreadPoolExecutor.java:624)
	at java.lang.Thread.run(Thread.java:748)

   Locked ownable synchronizers:
	- None

"ConsumeMessageThread_11" #471 prio=5 os_prio=0 tid=0x00007f5cd8006800 nid=0x226 waiting on condition [0x00007f5b28bce000]
   java.lang.Thread.State: WAITING (parking)
	at sun.misc.Unsafe.park(Native Method)
	- parking to wait for  <0x0000000702c77560> (a java.util.concurrent.locks.AbstractQueuedSynchronizer$ConditionObject)
	at java.util.concurrent.locks.LockSupport.park(LockSupport.java:175)
	at java.util.concurrent.locks.AbstractQueuedSynchronizer$ConditionObject.await(AbstractQueuedSynchronizer.java:2039)
	at java.util.concurrent.LinkedBlockingQueue.take(LinkedBlockingQueue.java:442)
	at java.util.concurrent.ThreadPoolExecutor.getTask(ThreadPoolExecutor.java:1074)
	at java.util.concurrent.ThreadPoolExecutor.runWorker(ThreadPoolExecutor.java:1134)
	at java.util.concurrent.ThreadPoolExecutor$Worker.run(ThreadPoolExecutor.java:624)
	at java.lang.Thread.run(Thread.java:748)

   Locked ownable synchronizers:
	- None

"ConsumeMessageThread_10" #470 prio=5 os_prio=0 tid=0x00007f5b2c00c000 nid=0x225 waiting on condition [0x00007f5b28ccf000]
   java.lang.Thread.State: WAITING (parking)
	at sun.misc.Unsafe.park(Native Method)
	- parking to wait for  <0x0000000702c77560> (a java.util.concurrent.locks.AbstractQueuedSynchronizer$ConditionObject)
	at java.util.concurrent.locks.LockSupport.park(LockSupport.java:175)
	at java.util.concurrent.locks.AbstractQueuedSynchronizer$ConditionObject.await(AbstractQueuedSynchronizer.java:2039)
	at java.util.concurrent.LinkedBlockingQueue.take(LinkedBlockingQueue.java:442)
	at java.util.concurrent.ThreadPoolExecutor.getTask(ThreadPoolExecutor.java:1074)
	at java.util.concurrent.ThreadPoolExecutor.runWorker(ThreadPoolExecutor.java:1134)
	at java.util.concurrent.ThreadPoolExecutor$Worker.run(ThreadPoolExecutor.java:624)
	at java.lang.Thread.run(Thread.java:748)

   Locked ownable synchronizers:
	- None

"ConsumeMessageThread_9" #469 prio=5 os_prio=0 tid=0x00007f5b38004800 nid=0x224 waiting on condition [0x00007f5b28dd0000]
   java.lang.Thread.State: WAITING (parking)
	at sun.misc.Unsafe.park(Native Method)
	- parking to wait for  <0x0000000702c77560> (a java.util.concurrent.locks.AbstractQueuedSynchronizer$ConditionObject)
	at java.util.concurrent.locks.LockSupport.park(LockSupport.java:175)
	at java.util.concurrent.locks.AbstractQueuedSynchronizer$ConditionObject.await(AbstractQueuedSynchronizer.java:2039)
	at java.util.concurrent.LinkedBlockingQueue.take(LinkedBlockingQueue.java:442)
	at java.util.concurrent.ThreadPoolExecutor.getTask(ThreadPoolExecutor.java:1074)
	at java.util.concurrent.ThreadPoolExecutor.runWorker(ThreadPoolExecutor.java:1134)
	at java.util.concurrent.ThreadPoolExecutor$Worker.run(ThreadPoolExecutor.java:624)
	at java.lang.Thread.run(Thread.java:748)

   Locked ownable synchronizers:
	- None

"ConsumeMessageThread_8" #468 prio=5 os_prio=0 tid=0x00007f5ccc004800 nid=0x223 waiting on condition [0x00007f5b28ed1000]
   java.lang.Thread.State: WAITING (parking)
	at sun.misc.Unsafe.park(Native Method)
	- parking to wait for  <0x0000000702c77560> (a java.util.concurrent.locks.AbstractQueuedSynchronizer$ConditionObject)
	at java.util.concurrent.locks.LockSupport.park(LockSupport.java:175)
	at java.util.concurrent.locks.AbstractQueuedSynchronizer$ConditionObject.await(AbstractQueuedSynchronizer.java:2039)
	at java.util.concurrent.LinkedBlockingQueue.take(LinkedBlockingQueue.java:442)
	at java.util.concurrent.ThreadPoolExecutor.getTask(ThreadPoolExecutor.java:1074)
	at java.util.concurrent.ThreadPoolExecutor.runWorker(ThreadPoolExecutor.java:1134)
	at java.util.concurrent.ThreadPoolExecutor$Worker.run(ThreadPoolExecutor.java:624)
	at java.lang.Thread.run(Thread.java:748)

   Locked ownable synchronizers:
	- None

"ConsumeMessageThread_7" #467 prio=5 os_prio=0 tid=0x00007f5cd8004800 nid=0x222 waiting on condition [0x00007f5b28fd2000]
   java.lang.Thread.State: WAITING (parking)
	at sun.misc.Unsafe.park(Native Method)
	- parking to wait for  <0x0000000702c77560> (a java.util.concurrent.locks.AbstractQueuedSynchronizer$ConditionObject)
	at java.util.concurrent.locks.LockSupport.park(LockSupport.java:175)
	at java.util.concurrent.locks.AbstractQueuedSynchronizer$ConditionObject.await(AbstractQueuedSynchronizer.java:2039)
	at java.util.concurrent.LinkedBlockingQueue.take(LinkedBlockingQueue.java:442)
	at java.util.concurrent.ThreadPoolExecutor.getTask(ThreadPoolExecutor.java:1074)
	at java.util.concurrent.ThreadPoolExecutor.runWorker(ThreadPoolExecutor.java:1134)
	at java.util.concurrent.ThreadPoolExecutor$Worker.run(ThreadPoolExecutor.java:624)
	at java.lang.Thread.run(Thread.java:748)

   Locked ownable synchronizers:
	- None

"ConsumeMessageThread_6" #466 prio=5 os_prio=0 tid=0x00007f5b2c00a000 nid=0x221 waiting on condition [0x00007f5b290d3000]
   java.lang.Thread.State: WAITING (parking)
	at sun.misc.Unsafe.park(Native Method)
	- parking to wait for  <0x0000000702c77560> (a java.util.concurrent.locks.AbstractQueuedSynchronizer$ConditionObject)
	at java.util.concurrent.locks.LockSupport.park(LockSupport.java:175)
	at java.util.concurrent.locks.AbstractQueuedSynchronizer$ConditionObject.await(AbstractQueuedSynchronizer.java:2039)
	at java.util.concurrent.LinkedBlockingQueue.take(LinkedBlockingQueue.java:442)
	at java.util.concurrent.ThreadPoolExecutor.getTask(ThreadPoolExecutor.java:1074)
	at java.util.concurrent.ThreadPoolExecutor.runWorker(ThreadPoolExecutor.java:1134)
	at java.util.concurrent.ThreadPoolExecutor$Worker.run(ThreadPoolExecutor.java:624)
	at java.lang.Thread.run(Thread.java:748)

   Locked ownable synchronizers:
	- None

"ConsumeMessageThread_5" #465 prio=5 os_prio=0 tid=0x00007f5b38002000 nid=0x220 waiting on condition [0x00007f5b291d4000]
   java.lang.Thread.State: WAITING (parking)
	at sun.misc.Unsafe.park(Native Method)
	- parking to wait for  <0x0000000702c77560> (a java.util.concurrent.locks.AbstractQueuedSynchronizer$ConditionObject)
	at java.util.concurrent.locks.LockSupport.park(LockSupport.java:175)
	at java.util.concurrent.locks.AbstractQueuedSynchronizer$ConditionObject.await(AbstractQueuedSynchronizer.java:2039)
	at java.util.concurrent.LinkedBlockingQueue.take(LinkedBlockingQueue.java:442)
	at java.util.concurrent.ThreadPoolExecutor.getTask(ThreadPoolExecutor.java:1074)
	at java.util.concurrent.ThreadPoolExecutor.runWorker(ThreadPoolExecutor.java:1134)
	at java.util.concurrent.ThreadPoolExecutor$Worker.run(ThreadPoolExecutor.java:624)
	at java.lang.Thread.run(Thread.java:748)

   Locked ownable synchronizers:
	- None

"ConsumeMessageThread_2" #464 prio=5 os_prio=0 tid=0x00007f5ccc002800 nid=0x21f waiting on condition [0x00007f5b292d5000]
   java.lang.Thread.State: WAITING (parking)
	at sun.misc.Unsafe.park(Native Method)
	- parking to wait for  <0x0000000702c77560> (a java.util.concurrent.locks.AbstractQueuedSynchronizer$ConditionObject)
	at java.util.concurrent.locks.LockSupport.park(LockSupport.java:175)
	at java.util.concurrent.locks.AbstractQueuedSynchronizer$ConditionObject.await(AbstractQueuedSynchronizer.java:2039)
	at java.util.concurrent.LinkedBlockingQueue.take(LinkedBlockingQueue.java:442)
	at java.util.concurrent.ThreadPoolExecutor.getTask(ThreadPoolExecutor.java:1074)
	at java.util.concurrent.ThreadPoolExecutor.runWorker(ThreadPoolExecutor.java:1134)
	at java.util.concurrent.ThreadPoolExecutor$Worker.run(ThreadPoolExecutor.java:624)
	at java.lang.Thread.run(Thread.java:748)

   Locked ownable synchronizers:
	- None

"ConsumeMessageThread_3" #463 prio=5 os_prio=0 tid=0x00007f5cd8001800 nid=0x21e waiting on condition [0x00007f5b293d6000]
   java.lang.Thread.State: WAITING (parking)
	at sun.misc.Unsafe.park(Native Method)
	- parking to wait for  <0x0000000702c77560> (a java.util.concurrent.locks.AbstractQueuedSynchronizer$ConditionObject)
	at java.util.concurrent.locks.LockSupport.park(LockSupport.java:175)
	at java.util.concurrent.locks.AbstractQueuedSynchronizer$ConditionObject.await(AbstractQueuedSynchronizer.java:2039)
	at java.util.concurrent.LinkedBlockingQueue.take(LinkedBlockingQueue.java:442)
	at java.util.concurrent.ThreadPoolExecutor.getTask(ThreadPoolExecutor.java:1074)
	at java.util.concurrent.ThreadPoolExecutor.runWorker(ThreadPoolExecutor.java:1134)
	at java.util.concurrent.ThreadPoolExecutor$Worker.run(ThreadPoolExecutor.java:624)
	at java.lang.Thread.run(Thread.java:748)

   Locked ownable synchronizers:
	- None

"ConsumeMessageThread_4" #462 prio=5 os_prio=0 tid=0x00007f5b2c008000 nid=0x21d waiting on condition [0x00007f5b294d7000]
   java.lang.Thread.State: WAITING (parking)
	at sun.misc.Unsafe.park(Native Method)
	- parking to wait for  <0x0000000702c77560> (a java.util.concurrent.locks.AbstractQueuedSynchronizer$ConditionObject)
	at java.util.concurrent.locks.LockSupport.park(LockSupport.java:175)
	at java.util.concurrent.locks.AbstractQueuedSynchronizer$ConditionObject.await(AbstractQueuedSynchronizer.java:2039)
	at java.util.concurrent.LinkedBlockingQueue.take(LinkedBlockingQueue.java:442)
	at java.util.concurrent.ThreadPoolExecutor.getTask(ThreadPoolExecutor.java:1074)
	at java.util.concurrent.ThreadPoolExecutor.runWorker(ThreadPoolExecutor.java:1134)
	at java.util.concurrent.ThreadPoolExecutor$Worker.run(ThreadPoolExecutor.java:624)
	at java.lang.Thread.run(Thread.java:748)

   Locked ownable synchronizers:
	- None

"ConsumeMessageThread_1" #461 prio=5 os_prio=0 tid=0x00007f5b38006800 nid=0x21c waiting on condition [0x00007f5b295d8000]
   java.lang.Thread.State: WAITING (parking)
	at sun.misc.Unsafe.park(Native Method)
	- parking to wait for  <0x0000000702c77560> (a java.util.concurrent.locks.AbstractQueuedSynchronizer$ConditionObject)
	at java.util.concurrent.locks.LockSupport.park(LockSupport.java:175)
	at java.util.concurrent.locks.AbstractQueuedSynchronizer$ConditionObject.await(AbstractQueuedSynchronizer.java:2039)
	at java.util.concurrent.LinkedBlockingQueue.take(LinkedBlockingQueue.java:442)
	at java.util.concurrent.ThreadPoolExecutor.getTask(ThreadPoolExecutor.java:1074)
	at java.util.concurrent.ThreadPoolExecutor.runWorker(ThreadPoolExecutor.java:1134)
	at java.util.concurrent.ThreadPoolExecutor$Worker.run(ThreadPoolExecutor.java:624)
	at java.lang.Thread.run(Thread.java:748)

   Locked ownable synchronizers:
	- None

"NettyClientPublicExecutor_4" #459 prio=5 os_prio=0 tid=0x00007f5d2800a800 nid=0x21a waiting on condition [0x00007f5b296d9000]
   java.lang.Thread.State: WAITING (parking)
	at sun.misc.Unsafe.park(Native Method)
	- parking to wait for  <0x0000000702c77488> (a java.util.concurrent.locks.AbstractQueuedSynchronizer$ConditionObject)
	at java.util.concurrent.locks.LockSupport.park(LockSupport.java:175)
	at java.util.concurrent.locks.AbstractQueuedSynchronizer$ConditionObject.await(AbstractQueuedSynchronizer.java:2039)
	at java.util.concurrent.LinkedBlockingQueue.take(LinkedBlockingQueue.java:442)
	at java.util.concurrent.ThreadPoolExecutor.getTask(ThreadPoolExecutor.java:1074)
	at java.util.concurrent.ThreadPoolExecutor.runWorker(ThreadPoolExecutor.java:1134)
	at java.util.concurrent.ThreadPoolExecutor$Worker.run(ThreadPoolExecutor.java:624)
	at java.lang.Thread.run(Thread.java:748)

   Locked ownable synchronizers:
	- None

"NettyClientPublicExecutor_3" #458 prio=5 os_prio=0 tid=0x00007f5d28009000 nid=0x219 waiting on condition [0x00007f5b297da000]
   java.lang.Thread.State: WAITING (parking)
	at sun.misc.Unsafe.park(Native Method)
	- parking to wait for  <0x0000000702c77488> (a java.util.concurrent.locks.AbstractQueuedSynchronizer$ConditionObject)
	at java.util.concurrent.locks.LockSupport.park(LockSupport.java:175)
	at java.util.concurrent.locks.AbstractQueuedSynchronizer$ConditionObject.await(AbstractQueuedSynchronizer.java:2039)
	at java.util.concurrent.LinkedBlockingQueue.take(LinkedBlockingQueue.java:442)
	at java.util.concurrent.ThreadPoolExecutor.getTask(ThreadPoolExecutor.java:1074)
	at java.util.concurrent.ThreadPoolExecutor.runWorker(ThreadPoolExecutor.java:1134)
	at java.util.concurrent.ThreadPoolExecutor$Worker.run(ThreadPoolExecutor.java:624)
	at java.lang.Thread.run(Thread.java:748)

   Locked ownable synchronizers:
	- None

"NettyClientPublicExecutor_4" #457 prio=5 os_prio=0 tid=0x00007f5d60009000 nid=0x218 waiting on condition [0x00007f5b298db000]
   java.lang.Thread.State: WAITING (parking)
	at sun.misc.Unsafe.park(Native Method)
	- parking to wait for  <0x0000000702737178> (a java.util.concurrent.locks.AbstractQueuedSynchronizer$ConditionObject)
	at java.util.concurrent.locks.LockSupport.park(LockSupport.java:175)
	at java.util.concurrent.locks.AbstractQueuedSynchronizer$ConditionObject.await(AbstractQueuedSynchronizer.java:2039)
	at java.util.concurrent.LinkedBlockingQueue.take(LinkedBlockingQueue.java:442)
	at java.util.concurrent.ThreadPoolExecutor.getTask(ThreadPoolExecutor.java:1074)
	at java.util.concurrent.ThreadPoolExecutor.runWorker(ThreadPoolExecutor.java:1134)
	at java.util.concurrent.ThreadPoolExecutor$Worker.run(ThreadPoolExecutor.java:624)
	at java.lang.Thread.run(Thread.java:748)

   Locked ownable synchronizers:
	- None

"NettyClientPublicExecutor_3" #456 prio=5 os_prio=0 tid=0x00007f5d60012800 nid=0x217 waiting on condition [0x00007f5b299dc000]
   java.lang.Thread.State: WAITING (parking)
	at sun.misc.Unsafe.park(Native Method)
	- parking to wait for  <0x0000000702737178> (a java.util.concurrent.locks.AbstractQueuedSynchronizer$ConditionObject)
	at java.util.concurrent.locks.LockSupport.park(LockSupport.java:175)
	at java.util.concurrent.locks.AbstractQueuedSynchronizer$ConditionObject.await(AbstractQueuedSynchronizer.java:2039)
	at java.util.concurrent.LinkedBlockingQueue.take(LinkedBlockingQueue.java:442)
	at java.util.concurrent.ThreadPoolExecutor.getTask(ThreadPoolExecutor.java:1074)
	at java.util.concurrent.ThreadPoolExecutor.runWorker(ThreadPoolExecutor.java:1134)
	at java.util.concurrent.ThreadPoolExecutor$Worker.run(ThreadPoolExecutor.java:624)
	at java.lang.Thread.run(Thread.java:748)

   Locked ownable synchronizers:
	- None

"NettyClientPublicExecutor_4" #455 prio=5 os_prio=0 tid=0x00007f5bb4005800 nid=0x216 waiting on condition [0x00007f5b29cdd000]
   java.lang.Thread.State: WAITING (parking)
	at sun.misc.Unsafe.park(Native Method)
	- parking to wait for  <0x0000000702c77320> (a java.util.concurrent.locks.AbstractQueuedSynchronizer$ConditionObject)
	at java.util.concurrent.locks.LockSupport.park(LockSupport.java:175)
	at java.util.concurrent.locks.AbstractQueuedSynchronizer$ConditionObject.await(AbstractQueuedSynchronizer.java:2039)
	at java.util.concurrent.LinkedBlockingQueue.take(LinkedBlockingQueue.java:442)
	at java.util.concurrent.ThreadPoolExecutor.getTask(ThreadPoolExecutor.java:1074)
	at java.util.concurrent.ThreadPoolExecutor.runWorker(ThreadPoolExecutor.java:1134)
	at java.util.concurrent.ThreadPoolExecutor$Worker.run(ThreadPoolExecutor.java:624)
	at java.lang.Thread.run(Thread.java:748)

   Locked ownable synchronizers:
	- None

"NettyClientPublicExecutor_3" #454 prio=5 os_prio=0 tid=0x00007f5bb4004800 nid=0x215 waiting on condition [0x00007f5b2a1e2000]
   java.lang.Thread.State: WAITING (parking)
	at sun.misc.Unsafe.park(Native Method)
	- parking to wait for  <0x0000000702c77320> (a java.util.concurrent.locks.AbstractQueuedSynchronizer$ConditionObject)
	at java.util.concurrent.locks.LockSupport.park(LockSupport.java:175)
	at java.util.concurrent.locks.AbstractQueuedSynchronizer$ConditionObject.await(AbstractQueuedSynchronizer.java:2039)
	at java.util.concurrent.LinkedBlockingQueue.take(LinkedBlockingQueue.java:442)
	at java.util.concurrent.ThreadPoolExecutor.getTask(ThreadPoolExecutor.java:1074)
	at java.util.concurrent.ThreadPoolExecutor.runWorker(ThreadPoolExecutor.java:1134)
	at java.util.concurrent.ThreadPoolExecutor$Worker.run(ThreadPoolExecutor.java:624)
	at java.lang.Thread.run(Thread.java:748)

   Locked ownable synchronizers:
	- None

"DestroyJavaVM" #452 prio=5 os_prio=0 tid=0x00007f5f6000e800 nid=0x7 waiting on condition [0x0000000000000000]
   java.lang.Thread.State: RUNNABLE

   Locked ownable synchronizers:
	- None

"registry-scheduler-pool-0-" #451 daemon prio=5 os_prio=0 tid=0x00007f5f637e0800 nid=0x213 waiting on condition [0x00007f5b29dde000]
   java.lang.Thread.State: WAITING (parking)
	at sun.misc.Unsafe.park(Native Method)
	- parking to wait for  <0x00000007021e7fc8> (a java.util.concurrent.locks.AbstractQueuedSynchronizer$ConditionObject)
	at java.util.concurrent.locks.LockSupport.park(LockSupport.java:175)
	at java.util.concurrent.locks.AbstractQueuedSynchronizer$ConditionObject.await(AbstractQueuedSynchronizer.java:2039)
	at java.util.concurrent.ScheduledThreadPoolExecutor$DelayedWorkQueue.take(ScheduledThreadPoolExecutor.java:1081)
	at java.util.concurrent.ScheduledThreadPoolExecutor$DelayedWorkQueue.take(ScheduledThreadPoolExecutor.java:809)
	at java.util.concurrent.ThreadPoolExecutor.getTask(ThreadPoolExecutor.java:1074)
	at java.util.concurrent.ThreadPoolExecutor.runWorker(ThreadPoolExecutor.java:1134)
	at java.util.concurrent.ThreadPoolExecutor$Worker.run(ThreadPoolExecutor.java:624)
	at java.lang.Thread.run(Thread.java:748)

   Locked ownable synchronizers:
	- None

"com.lixiang.lse.common" #450 daemon prio=5 os_prio=0 tid=0x00007f5f630d9800 nid=0x212 waiting on condition [0x00007f5b29edf000]
   java.lang.Thread.State: WAITING (parking)
	at sun.misc.Unsafe.park(Native Method)
	- parking to wait for  <0x00000007024061c8> (a java.util.concurrent.locks.AbstractQueuedSynchronizer$ConditionObject)
	at java.util.concurrent.locks.LockSupport.park(LockSupport.java:175)
	at java.util.concurrent.locks.AbstractQueuedSynchronizer$ConditionObject.await(AbstractQueuedSynchronizer.java:2039)
	at java.util.concurrent.LinkedBlockingQueue.take(LinkedBlockingQueue.java:442)
	at java.util.concurrent.ThreadPoolExecutor.getTask(ThreadPoolExecutor.java:1074)
	at java.util.concurrent.ThreadPoolExecutor.runWorker(ThreadPoolExecutor.java:1134)
	at java.util.concurrent.ThreadPoolExecutor$Worker.run(ThreadPoolExecutor.java:624)
	at java.lang.Thread.run(Thread.java:748)

   Locked ownable synchronizers:
	- None

"AsyncHttpClient-timer-10-1" #449 prio=5 os_prio=0 tid=0x00007f5f6324c000 nid=0x211 sleeping[0x00007f5b29fe0000]
   java.lang.Thread.State: TIMED_WAITING (sleeping)
	at java.lang.Thread.sleep(Native Method)
	at io.netty.util.HashedWheelTimer$Worker.waitForNextTick(HashedWheelTimer.java:569)
	at io.netty.util.HashedWheelTimer$Worker.run(HashedWheelTimer.java:465)
	at io.netty.util.concurrent.FastThreadLocalRunnable.run(FastThreadLocalRunnable.java:30)
	at java.lang.Thread.run(Thread.java:748)

   Locked ownable synchronizers:
	- None

"nioEventLoopGroup-9-1" #448 prio=10 os_prio=0 tid=0x00007f5f631a5800 nid=0x210 runnable [0x00007f5b2a0e1000]
   java.lang.Thread.State: RUNNABLE
	at sun.nio.ch.EPollArrayWrapper.epollWait(Native Method)
	at sun.nio.ch.EPollArrayWrapper.poll(EPollArrayWrapper.java:269)
	at sun.nio.ch.EPollSelectorImpl.doSelect(EPollSelectorImpl.java:93)
	at sun.nio.ch.SelectorImpl.lockAndDoSelect(SelectorImpl.java:86)
	- locked <0x0000000702b8dfd0> (a io.netty.channel.nio.SelectedSelectionKeySet)
	- locked <0x0000000702b8e000> (a java.util.Collections$UnmodifiableSet)
	- locked <0x00000007024188a0> (a sun.nio.ch.EPollSelectorImpl)
	at sun.nio.ch.SelectorImpl.select(SelectorImpl.java:97)
	at sun.nio.ch.SelectorImpl.select(SelectorImpl.java:101)
	at io.netty.channel.nio.SelectedSelectionKeySetSelector.select(SelectedSelectionKeySetSelector.java:68)
	at io.netty.channel.nio.NioEventLoop.select(NioEventLoop.java:803)
	at io.netty.channel.nio.NioEventLoop.run(NioEventLoop.java:457)
	at io.netty.util.concurrent.SingleThreadEventExecutor$4.run(SingleThreadEventExecutor.java:989)
	at io.netty.util.internal.ThreadExecutorMap$2.run(ThreadExecutorMap.java:74)
	at io.netty.util.concurrent.FastThreadLocalRunnable.run(FastThreadLocalRunnable.java:30)
	at java.lang.Thread.run(Thread.java:748)

   Locked ownable synchronizers:
	- None

"kafka-coordinator-heartbeat-thread | platform-mdm" #446 daemon prio=5 os_prio=0 tid=0x00007f5b4832b000 nid=0x20e waiting on condition [0x00007f5b2a4e3000]
   java.lang.Thread.State: WAITING (parking)
	at sun.misc.Unsafe.park(Native Method)
	- parking to wait for  <0x000000070298aad8> (a java.util.concurrent.locks.ReentrantLock$FairSync)
	at java.util.concurrent.locks.LockSupport.park(LockSupport.java:175)
	at java.util.concurrent.locks.AbstractQueuedSynchronizer.parkAndCheckInterrupt(AbstractQueuedSynchronizer.java:836)
	at java.util.concurrent.locks.AbstractQueuedSynchronizer.acquireQueued(AbstractQueuedSynchronizer.java:870)
	at java.util.concurrent.locks.AbstractQueuedSynchronizer.acquire(AbstractQueuedSynchronizer.java:1199)
	at java.util.concurrent.locks.ReentrantLock$FairSync.lock(ReentrantLock.java:224)
	at java.util.concurrent.locks.ReentrantLock.lock(ReentrantLock.java:285)
	at org.apache.kafka.clients.consumer.internals.ConsumerNetworkClient.poll(ConsumerNetworkClient.java:246)
	at org.apache.kafka.clients.consumer.internals.ConsumerNetworkClient.pollNoWakeup(ConsumerNetworkClient.java:303)
	at org.apache.kafka.clients.consumer.internals.AbstractCoordinator$HeartbeatThread.run(AbstractCoordinator.java:1280)
	- locked <0x0000000702fa6a78> (a org.apache.kafka.clients.consumer.internals.ConsumerCoordinator)

   Locked ownable synchronizers:
	- None

"NettyClientPublicExecutor_2" #445 prio=5 os_prio=0 tid=0x00007f5d68001800 nid=0x20d waiting on condition [0x00007f5b2a5e4000]
   java.lang.Thread.State: WAITING (parking)
	at sun.misc.Unsafe.park(Native Method)
	- parking to wait for  <0x0000000702737178> (a java.util.concurrent.locks.AbstractQueuedSynchronizer$ConditionObject)
	at java.util.concurrent.locks.LockSupport.park(LockSupport.java:175)
	at java.util.concurrent.locks.AbstractQueuedSynchronizer$ConditionObject.await(AbstractQueuedSynchronizer.java:2039)
	at java.util.concurrent.LinkedBlockingQueue.take(LinkedBlockingQueue.java:442)
	at java.util.concurrent.ThreadPoolExecutor.getTask(ThreadPoolExecutor.java:1074)
	at java.util.concurrent.ThreadPoolExecutor.runWorker(ThreadPoolExecutor.java:1134)
	at java.util.concurrent.ThreadPoolExecutor$Worker.run(ThreadPoolExecutor.java:624)
	at java.lang.Thread.run(Thread.java:748)

   Locked ownable synchronizers:
	- None

"NettyClientWorkerThread_3" #444 prio=5 os_prio=0 tid=0x00007f5d50005800 nid=0x20c waiting on condition [0x00007f5b2a6e5000]
   java.lang.Thread.State: TIMED_WAITING (parking)
	at sun.misc.Unsafe.park(Native Method)
	- parking to wait for  <0x00000007024041a0> (a java.util.concurrent.locks.AbstractQueuedSynchronizer$ConditionObject)
	at java.util.concurrent.locks.LockSupport.parkNanos(LockSupport.java:215)
	at java.util.concurrent.locks.AbstractQueuedSynchronizer$ConditionObject.awaitNanos(AbstractQueuedSynchronizer.java:2078)
	at java.util.concurrent.LinkedBlockingQueue.poll(LinkedBlockingQueue.java:467)
	at io.netty.util.concurrent.SingleThreadEventExecutor.takeTask(SingleThreadEventExecutor.java:256)
	at io.netty.util.concurrent.DefaultEventExecutor.run(DefaultEventExecutor.java:64)
	at io.netty.util.concurrent.SingleThreadEventExecutor$4.run(SingleThreadEventExecutor.java:989)
	at io.netty.util.internal.ThreadExecutorMap$2.run(ThreadExecutorMap.java:74)
	at java.lang.Thread.run(Thread.java:748)

   Locked ownable synchronizers:
	- None

"NettyClientPublicExecutor_1" #443 prio=5 os_prio=0 tid=0x00007f5d60006000 nid=0x20b waiting on condition [0x00007f5b2a7e6000]
   java.lang.Thread.State: WAITING (parking)
	at sun.misc.Unsafe.park(Native Method)
	- parking to wait for  <0x0000000702737178> (a java.util.concurrent.locks.AbstractQueuedSynchronizer$ConditionObject)
	at java.util.concurrent.locks.LockSupport.park(LockSupport.java:175)
	at java.util.concurrent.locks.AbstractQueuedSynchronizer$ConditionObject.await(AbstractQueuedSynchronizer.java:2039)
	at java.util.concurrent.LinkedBlockingQueue.take(LinkedBlockingQueue.java:442)
	at java.util.concurrent.ThreadPoolExecutor.getTask(ThreadPoolExecutor.java:1074)
	at java.util.concurrent.ThreadPoolExecutor.runWorker(ThreadPoolExecutor.java:1134)
	at java.util.concurrent.ThreadPoolExecutor$Worker.run(ThreadPoolExecutor.java:624)
	at java.lang.Thread.run(Thread.java:748)

   Locked ownable synchronizers:
	- None

"NettyClientWorkerThread_2" #442 prio=5 os_prio=0 tid=0x00007f5d50003800 nid=0x20a waiting on condition [0x00007f5b2a8e7000]
   java.lang.Thread.State: TIMED_WAITING (parking)
	at sun.misc.Unsafe.park(Native Method)
	- parking to wait for  <0x00000007024039a8> (a java.util.concurrent.locks.AbstractQueuedSynchronizer$ConditionObject)
	at java.util.concurrent.locks.LockSupport.parkNanos(LockSupport.java:215)
	at java.util.concurrent.locks.AbstractQueuedSynchronizer$ConditionObject.awaitNanos(AbstractQueuedSynchronizer.java:2078)
	at java.util.concurrent.LinkedBlockingQueue.poll(LinkedBlockingQueue.java:467)
	at io.netty.util.concurrent.SingleThreadEventExecutor.takeTask(SingleThreadEventExecutor.java:256)
	at io.netty.util.concurrent.DefaultEventExecutor.run(DefaultEventExecutor.java:64)
	at io.netty.util.concurrent.SingleThreadEventExecutor$4.run(SingleThreadEventExecutor.java:989)
	at io.netty.util.internal.ThreadExecutorMap$2.run(ThreadExecutorMap.java:74)
	at java.lang.Thread.run(Thread.java:748)

   Locked ownable synchronizers:
	- None

"kafka-coordinator-heartbeat-thread | platform-mdm" #441 daemon prio=5 os_prio=0 tid=0x00007f5b50016000 nid=0x209 in Object.wait() [0x00007f5b2a9e8000]
   java.lang.Thread.State: TIMED_WAITING (on object monitor)
	at java.lang.Object.wait(Native Method)
	at org.apache.kafka.clients.consumer.internals.AbstractCoordinator$HeartbeatThread.run(AbstractCoordinator.java:1304)
	- locked <0x0000000702fa6b20> (a org.apache.kafka.clients.consumer.internals.ConsumerCoordinator)

   Locked ownable synchronizers:
	- None

"kafka-coordinator-heartbeat-thread | platform-mdm" #440 daemon prio=5 os_prio=0 tid=0x00007f5b5818e800 nid=0x208 waiting on condition [0x00007f5b2aae9000]
   java.lang.Thread.State: WAITING (parking)
	at sun.misc.Unsafe.park(Native Method)
	- parking to wait for  <0x000000070299cd18> (a java.util.concurrent.locks.ReentrantLock$FairSync)
	at java.util.concurrent.locks.LockSupport.park(LockSupport.java:175)
	at java.util.concurrent.locks.AbstractQueuedSynchronizer.parkAndCheckInterrupt(AbstractQueuedSynchronizer.java:836)
	at java.util.concurrent.locks.AbstractQueuedSynchronizer.acquireQueued(AbstractQueuedSynchronizer.java:870)
	at java.util.concurrent.locks.AbstractQueuedSynchronizer.acquire(AbstractQueuedSynchronizer.java:1199)
	at java.util.concurrent.locks.ReentrantLock$FairSync.lock(ReentrantLock.java:224)
	at java.util.concurrent.locks.ReentrantLock.lock(ReentrantLock.java:285)
	at org.apache.kafka.clients.consumer.internals.ConsumerNetworkClient.poll(ConsumerNetworkClient.java:246)
	at org.apache.kafka.clients.consumer.internals.ConsumerNetworkClient.pollNoWakeup(ConsumerNetworkClient.java:303)
	at org.apache.kafka.clients.consumer.internals.AbstractCoordinator$HeartbeatThread.run(AbstractCoordinator.java:1280)
	- locked <0x0000000702fa6bc8> (a org.apache.kafka.clients.consumer.internals.ConsumerCoordinator)

   Locked ownable synchronizers:
	- None

"NettyClientWorkerThread_1" #439 prio=5 os_prio=0 tid=0x00007f5d50001800 nid=0x207 waiting on condition [0x00007f5b2abea000]
   java.lang.Thread.State: TIMED_WAITING (parking)
	at sun.misc.Unsafe.park(Native Method)
	- parking to wait for  <0x0000000702d2c920> (a java.util.concurrent.locks.AbstractQueuedSynchronizer$ConditionObject)
	at java.util.concurrent.locks.LockSupport.parkNanos(LockSupport.java:215)
	at java.util.concurrent.locks.AbstractQueuedSynchronizer$ConditionObject.awaitNanos(AbstractQueuedSynchronizer.java:2078)
	at java.util.concurrent.LinkedBlockingQueue.poll(LinkedBlockingQueue.java:467)
	at io.netty.util.concurrent.SingleThreadEventExecutor.takeTask(SingleThreadEventExecutor.java:256)
	at io.netty.util.concurrent.DefaultEventExecutor.run(DefaultEventExecutor.java:64)
	at io.netty.util.concurrent.SingleThreadEventExecutor$4.run(SingleThreadEventExecutor.java:989)
	at io.netty.util.internal.ThreadExecutorMap$2.run(ThreadExecutorMap.java:74)
	at java.lang.Thread.run(Thread.java:748)

   Locked ownable synchronizers:
	- None

"NettyClientSelector_1" #438 prio=5 os_prio=0 tid=0x00007f5d00070000 nid=0x206 runnable [0x00007f5b2aceb000]
   java.lang.Thread.State: RUNNABLE
	at sun.nio.ch.EPollArrayWrapper.epollWait(Native Method)
	at sun.nio.ch.EPollArrayWrapper.poll(EPollArrayWrapper.java:269)
	at sun.nio.ch.EPollSelectorImpl.doSelect(EPollSelectorImpl.java:93)
	at sun.nio.ch.SelectorImpl.lockAndDoSelect(SelectorImpl.java:86)
	- locked <0x0000000702404038> (a io.netty.channel.nio.SelectedSelectionKeySet)
	- locked <0x0000000702403fd8> (a java.util.Collections$UnmodifiableSet)
	- locked <0x0000000702d28a20> (a sun.nio.ch.EPollSelectorImpl)
	at sun.nio.ch.SelectorImpl.select(SelectorImpl.java:97)
	at sun.nio.ch.SelectorImpl.select(SelectorImpl.java:101)
	at io.netty.channel.nio.SelectedSelectionKeySetSelector.select(SelectedSelectionKeySetSelector.java:68)
	at io.netty.channel.nio.NioEventLoop.select(NioEventLoop.java:803)
	at io.netty.channel.nio.NioEventLoop.run(NioEventLoop.java:457)
	at io.netty.util.concurrent.SingleThreadEventExecutor$4.run(SingleThreadEventExecutor.java:989)
	at io.netty.util.internal.ThreadExecutorMap$2.run(ThreadExecutorMap.java:74)
	at java.lang.Thread.run(Thread.java:748)

   Locked ownable synchronizers:
	- None

"RebalanceService" #437 prio=5 os_prio=0 tid=0x00007f5d0006e000 nid=0x205 waiting on condition [0x00007f5b2adec000]
   java.lang.Thread.State: TIMED_WAITING (parking)
	at sun.misc.Unsafe.park(Native Method)
	- parking to wait for  <0x0000000702d3f770> (a org.apache.rocketmq.common.CountDownLatch2$Sync)
	at java.util.concurrent.locks.LockSupport.parkNanos(LockSupport.java:215)
	at java.util.concurrent.locks.AbstractQueuedSynchronizer.doAcquireSharedNanos(AbstractQueuedSynchronizer.java:1037)
	at java.util.concurrent.locks.AbstractQueuedSynchronizer.tryAcquireSharedNanos(AbstractQueuedSynchronizer.java:1328)
	at org.apache.rocketmq.common.CountDownLatch2.await(CountDownLatch2.java:114)
	at org.apache.rocketmq.common.ServiceThread.waitForRunning(ServiceThread.java:139)
	at org.apache.rocketmq.client.impl.consumer.RebalanceService.run(RebalanceService.java:40)
	at java.lang.Thread.run(Thread.java:748)

   Locked ownable synchronizers:
	- None

"PullMessageService" #436 prio=5 os_prio=0 tid=0x00007f5d0006c800 nid=0x204 waiting on condition [0x00007f5b2aeed000]
   java.lang.Thread.State: WAITING (parking)
	at sun.misc.Unsafe.park(Native Method)
	- parking to wait for  <0x0000000702d2b918> (a java.util.concurrent.locks.AbstractQueuedSynchronizer$ConditionObject)
	at java.util.concurrent.locks.LockSupport.park(LockSupport.java:175)
	at java.util.concurrent.locks.AbstractQueuedSynchronizer$ConditionObject.await(AbstractQueuedSynchronizer.java:2039)
	at java.util.concurrent.LinkedBlockingQueue.take(LinkedBlockingQueue.java:442)
	at org.apache.rocketmq.client.impl.consumer.PullMessageService.run(PullMessageService.java:95)
	at java.lang.Thread.run(Thread.java:748)

   Locked ownable synchronizers:
	- None

"CleanExpireMsgScheduledThread_1" #435 prio=5 os_prio=0 tid=0x00007f5d0006a800 nid=0x203 waiting on condition [0x00007f5b2afee000]
   java.lang.Thread.State: TIMED_WAITING (parking)
	at sun.misc.Unsafe.park(Native Method)
	- parking to wait for  <0x0000000702d2b570> (a java.util.concurrent.locks.AbstractQueuedSynchronizer$ConditionObject)
	at java.util.concurrent.locks.LockSupport.parkNanos(LockSupport.java:215)
	at java.util.concurrent.locks.AbstractQueuedSynchronizer$ConditionObject.awaitNanos(AbstractQueuedSynchronizer.java:2078)
	at java.util.concurrent.ScheduledThreadPoolExecutor$DelayedWorkQueue.take(ScheduledThreadPoolExecutor.java:1093)
	at java.util.concurrent.ScheduledThreadPoolExecutor$DelayedWorkQueue.take(ScheduledThreadPoolExecutor.java:809)
	at java.util.concurrent.ThreadPoolExecutor.getTask(ThreadPoolExecutor.java:1074)
	at java.util.concurrent.ThreadPoolExecutor.runWorker(ThreadPoolExecutor.java:1134)
	at java.util.concurrent.ThreadPoolExecutor$Worker.run(ThreadPoolExecutor.java:624)
	at java.lang.Thread.run(Thread.java:748)

   Locked ownable synchronizers:
	- None

"MQClientFactoryScheduledThread" #434 prio=5 os_prio=0 tid=0x00007f5d00069000 nid=0x202 waiting on condition [0x00007f5b2b0ef000]
   java.lang.Thread.State: TIMED_WAITING (parking)
	at sun.misc.Unsafe.park(Native Method)
	- parking to wait for  <0x0000000702d2c7e8> (a java.util.concurrent.locks.AbstractQueuedSynchronizer$ConditionObject)
	at java.util.concurrent.locks.LockSupport.parkNanos(LockSupport.java:215)
	at java.util.concurrent.locks.AbstractQueuedSynchronizer$ConditionObject.awaitNanos(AbstractQueuedSynchronizer.java:2078)
	at java.util.concurrent.ScheduledThreadPoolExecutor$DelayedWorkQueue.take(ScheduledThreadPoolExecutor.java:1093)
	at java.util.concurrent.ScheduledThreadPoolExecutor$DelayedWorkQueue.take(ScheduledThreadPoolExecutor.java:809)
	at java.util.concurrent.ThreadPoolExecutor.getTask(ThreadPoolExecutor.java:1074)
	at java.util.concurrent.ThreadPoolExecutor.runWorker(ThreadPoolExecutor.java:1134)
	at java.util.concurrent.ThreadPoolExecutor$Worker.run(ThreadPoolExecutor.java:624)
	at java.lang.Thread.run(Thread.java:748)

   Locked ownable synchronizers:
	- None

"RequestHouseKeepingService" #433 daemon prio=5 os_prio=0 tid=0x00007f5d00067000 nid=0x201 in Object.wait() [0x00007f5b2b1f0000]
   java.lang.Thread.State: TIMED_WAITING (on object monitor)
	at java.lang.Object.wait(Native Method)
	at java.util.TimerThread.mainLoop(Timer.java:552)
	- locked <0x0000000702d2c4b8> (a java.util.TaskQueue)
	at java.util.TimerThread.run(Timer.java:505)

   Locked ownable synchronizers:
	- None

"ClientHouseKeepingService" #432 daemon prio=5 os_prio=0 tid=0x00007f5d0004c800 nid=0x200 in Object.wait() [0x00007f5b2b2f1000]
   java.lang.Thread.State: TIMED_WAITING (on object monitor)
	at java.lang.Object.wait(Native Method)
	at java.util.TimerThread.mainLoop(Timer.java:552)
	- locked <0x0000000702736f80> (a java.util.TaskQueue)
	at java.util.TimerThread.run(Timer.java:505)

   Locked ownable synchronizers:
	- None

"NettyClientPublicExecutor_2" #430 prio=5 os_prio=0 tid=0x00007f5d30013800 nid=0x1ff waiting on condition [0x00007f5b2b3f2000]
   java.lang.Thread.State: WAITING (parking)
	at sun.misc.Unsafe.park(Native Method)
	- parking to wait for  <0x0000000702c77488> (a java.util.concurrent.locks.AbstractQueuedSynchronizer$ConditionObject)
	at java.util.concurrent.locks.LockSupport.park(LockSupport.java:175)
	at java.util.concurrent.locks.AbstractQueuedSynchronizer$ConditionObject.await(AbstractQueuedSynchronizer.java:2039)
	at java.util.concurrent.LinkedBlockingQueue.take(LinkedBlockingQueue.java:442)
	at java.util.concurrent.ThreadPoolExecutor.getTask(ThreadPoolExecutor.java:1074)
	at java.util.concurrent.ThreadPoolExecutor.runWorker(ThreadPoolExecutor.java:1134)
	at java.util.concurrent.ThreadPoolExecutor$Worker.run(ThreadPoolExecutor.java:624)
	at java.lang.Thread.run(Thread.java:748)

   Locked ownable synchronizers:
	- None

"NettyClientWorkerThread_3" #429 prio=5 os_prio=0 tid=0x00007f5d20005000 nid=0x1fe waiting on condition [0x00007f5b2b4f3000]
   java.lang.Thread.State: TIMED_WAITING (parking)
	at sun.misc.Unsafe.park(Native Method)
	- parking to wait for  <0x0000000702404c50> (a java.util.concurrent.locks.AbstractQueuedSynchronizer$ConditionObject)
	at java.util.concurrent.locks.LockSupport.parkNanos(LockSupport.java:215)
	at java.util.concurrent.locks.AbstractQueuedSynchronizer$ConditionObject.awaitNanos(AbstractQueuedSynchronizer.java:2078)
	at java.util.concurrent.LinkedBlockingQueue.poll(LinkedBlockingQueue.java:467)
	at io.netty.util.concurrent.SingleThreadEventExecutor.takeTask(SingleThreadEventExecutor.java:256)
	at io.netty.util.concurrent.DefaultEventExecutor.run(DefaultEventExecutor.java:64)
	at io.netty.util.concurrent.SingleThreadEventExecutor$4.run(SingleThreadEventExecutor.java:989)
	at io.netty.util.internal.ThreadExecutorMap$2.run(ThreadExecutorMap.java:74)
	at java.lang.Thread.run(Thread.java:748)

   Locked ownable synchronizers:
	- None

"NettyClientPublicExecutor_1" #428 prio=5 os_prio=0 tid=0x00007f5d28007000 nid=0x1fd waiting on condition [0x00007f5b2b5f4000]
   java.lang.Thread.State: WAITING (parking)
	at sun.misc.Unsafe.park(Native Method)
	- parking to wait for  <0x0000000702c77488> (a java.util.concurrent.locks.AbstractQueuedSynchronizer$ConditionObject)
	at java.util.concurrent.locks.LockSupport.park(LockSupport.java:175)
	at java.util.concurrent.locks.AbstractQueuedSynchronizer$ConditionObject.await(AbstractQueuedSynchronizer.java:2039)
	at java.util.concurrent.LinkedBlockingQueue.take(LinkedBlockingQueue.java:442)
	at java.util.concurrent.ThreadPoolExecutor.getTask(ThreadPoolExecutor.java:1074)
	at java.util.concurrent.ThreadPoolExecutor.runWorker(ThreadPoolExecutor.java:1134)
	at java.util.concurrent.ThreadPoolExecutor$Worker.run(ThreadPoolExecutor.java:624)
	at java.lang.Thread.run(Thread.java:748)

   Locked ownable synchronizers:
	- None

"NettyClientWorkerThread_2" #427 prio=5 os_prio=0 tid=0x00007f5d20003800 nid=0x1fc waiting on condition [0x00007f5b2b6f5000]
   java.lang.Thread.State: TIMED_WAITING (parking)
	at sun.misc.Unsafe.park(Native Method)
	- parking to wait for  <0x0000000702404470> (a java.util.concurrent.locks.AbstractQueuedSynchronizer$ConditionObject)
	at java.util.concurrent.locks.LockSupport.parkNanos(LockSupport.java:215)
	at java.util.concurrent.locks.AbstractQueuedSynchronizer$ConditionObject.awaitNanos(AbstractQueuedSynchronizer.java:2078)
	at java.util.concurrent.LinkedBlockingQueue.poll(LinkedBlockingQueue.java:467)
	at io.netty.util.concurrent.SingleThreadEventExecutor.takeTask(SingleThreadEventExecutor.java:256)
	at io.netty.util.concurrent.DefaultEventExecutor.run(DefaultEventExecutor.java:64)
	at io.netty.util.concurrent.SingleThreadEventExecutor$4.run(SingleThreadEventExecutor.java:989)
	at io.netty.util.internal.ThreadExecutorMap$2.run(ThreadExecutorMap.java:74)
	at java.lang.Thread.run(Thread.java:748)

   Locked ownable synchronizers:
	- None

"NettyClientWorkerThread_1" #426 prio=5 os_prio=0 tid=0x00007f5d20001800 nid=0x1fb waiting on condition [0x00007f5b2b7f6000]
   java.lang.Thread.State: TIMED_WAITING (parking)
	at sun.misc.Unsafe.park(Native Method)
	- parking to wait for  <0x0000000702404350> (a java.util.concurrent.locks.AbstractQueuedSynchronizer$ConditionObject)
	at java.util.concurrent.locks.LockSupport.parkNanos(LockSupport.java:215)
	at java.util.concurrent.locks.AbstractQueuedSynchronizer$ConditionObject.awaitNanos(AbstractQueuedSynchronizer.java:2078)
	at java.util.concurrent.LinkedBlockingQueue.poll(LinkedBlockingQueue.java:467)
	at io.netty.util.concurrent.SingleThreadEventExecutor.takeTask(SingleThreadEventExecutor.java:256)
	at io.netty.util.concurrent.DefaultEventExecutor.run(DefaultEventExecutor.java:64)
	at io.netty.util.concurrent.SingleThreadEventExecutor$4.run(SingleThreadEventExecutor.java:989)
	at io.netty.util.internal.ThreadExecutorMap$2.run(ThreadExecutorMap.java:74)
	at java.lang.Thread.run(Thread.java:748)

   Locked ownable synchronizers:
	- None

"NettyClientSelector_1" #425 prio=5 os_prio=0 tid=0x00007f5d0004b000 nid=0x1fa runnable [0x00007f5b2b8f7000]
   java.lang.Thread.State: RUNNABLE
	at sun.nio.ch.EPollArrayWrapper.epollWait(Native Method)
	at sun.nio.ch.EPollArrayWrapper.poll(EPollArrayWrapper.java:269)
	at sun.nio.ch.EPollSelectorImpl.doSelect(EPollSelectorImpl.java:93)
	at sun.nio.ch.SelectorImpl.lockAndDoSelect(SelectorImpl.java:86)
	- locked <0x0000000702404ae8> (a io.netty.channel.nio.SelectedSelectionKeySet)
	- locked <0x0000000702404a88> (a java.util.Collections$UnmodifiableSet)
	- locked <0x0000000702d28990> (a sun.nio.ch.EPollSelectorImpl)
	at sun.nio.ch.SelectorImpl.select(SelectorImpl.java:97)
	at sun.nio.ch.SelectorImpl.select(SelectorImpl.java:101)
	at io.netty.channel.nio.SelectedSelectionKeySetSelector.select(SelectedSelectionKeySetSelector.java:68)
	at io.netty.channel.nio.NioEventLoop.select(NioEventLoop.java:803)
	at io.netty.channel.nio.NioEventLoop.run(NioEventLoop.java:457)
	at io.netty.util.concurrent.SingleThreadEventExecutor$4.run(SingleThreadEventExecutor.java:989)
	at io.netty.util.internal.ThreadExecutorMap$2.run(ThreadExecutorMap.java:74)
	at java.lang.Thread.run(Thread.java:748)

   Locked ownable synchronizers:
	- None

"RebalanceService" #424 prio=5 os_prio=0 tid=0x00007f5d00048800 nid=0x1f9 waiting on condition [0x00007f5b2b9f8000]
   java.lang.Thread.State: TIMED_WAITING (parking)
	at sun.misc.Unsafe.park(Native Method)
	- parking to wait for  <0x0000000702d3d930> (a org.apache.rocketmq.common.CountDownLatch2$Sync)
	at java.util.concurrent.locks.LockSupport.parkNanos(LockSupport.java:215)
	at java.util.concurrent.locks.AbstractQueuedSynchronizer.doAcquireSharedNanos(AbstractQueuedSynchronizer.java:1037)
	at java.util.concurrent.locks.AbstractQueuedSynchronizer.tryAcquireSharedNanos(AbstractQueuedSynchronizer.java:1328)
	at org.apache.rocketmq.common.CountDownLatch2.await(CountDownLatch2.java:114)
	at org.apache.rocketmq.common.ServiceThread.waitForRunning(ServiceThread.java:139)
	at org.apache.rocketmq.client.impl.consumer.RebalanceService.run(RebalanceService.java:40)
	at java.lang.Thread.run(Thread.java:748)

   Locked ownable synchronizers:
	- None

"PullMessageService" #423 prio=5 os_prio=0 tid=0x00007f5d00047000 nid=0x1f8 waiting on condition [0x00007f5b2baf9000]
   java.lang.Thread.State: WAITING (parking)
	at sun.misc.Unsafe.park(Native Method)
	- parking to wait for  <0x0000000702c68600> (a java.util.concurrent.locks.AbstractQueuedSynchronizer$ConditionObject)
	at java.util.concurrent.locks.LockSupport.park(LockSupport.java:175)
	at java.util.concurrent.locks.AbstractQueuedSynchronizer$ConditionObject.await(AbstractQueuedSynchronizer.java:2039)
	at java.util.concurrent.LinkedBlockingQueue.take(LinkedBlockingQueue.java:442)
	at org.apache.rocketmq.client.impl.consumer.PullMessageService.run(PullMessageService.java:95)
	at java.lang.Thread.run(Thread.java:748)

   Locked ownable synchronizers:
	- None

"CleanExpireMsgScheduledThread_1" #422 prio=5 os_prio=0 tid=0x00007f5d00045800 nid=0x1f7 waiting on condition [0x00007f5b2bbfa000]
   java.lang.Thread.State: TIMED_WAITING (parking)
	at sun.misc.Unsafe.park(Native Method)
	- parking to wait for  <0x0000000702c68258> (a java.util.concurrent.locks.AbstractQueuedSynchronizer$ConditionObject)
	at java.util.concurrent.locks.LockSupport.parkNanos(LockSupport.java:215)
	at java.util.concurrent.locks.AbstractQueuedSynchronizer$ConditionObject.awaitNanos(AbstractQueuedSynchronizer.java:2078)
	at java.util.concurrent.ScheduledThreadPoolExecutor$DelayedWorkQueue.take(ScheduledThreadPoolExecutor.java:1093)
	at java.util.concurrent.ScheduledThreadPoolExecutor$DelayedWorkQueue.take(ScheduledThreadPoolExecutor.java:809)
	at java.util.concurrent.ThreadPoolExecutor.getTask(ThreadPoolExecutor.java:1074)
	at java.util.concurrent.ThreadPoolExecutor.runWorker(ThreadPoolExecutor.java:1134)
	at java.util.concurrent.ThreadPoolExecutor$Worker.run(ThreadPoolExecutor.java:624)
	at java.lang.Thread.run(Thread.java:748)

   Locked ownable synchronizers:
	- None

"MQClientFactoryScheduledThread" #421 prio=5 os_prio=0 tid=0x00007f5d00043800 nid=0x1f6 waiting on condition [0x00007f5b2bcfb000]
   java.lang.Thread.State: TIMED_WAITING (parking)
	at sun.misc.Unsafe.park(Native Method)
	- parking to wait for  <0x0000000702c68198> (a java.util.concurrent.locks.AbstractQueuedSynchronizer$ConditionObject)
	at java.util.concurrent.locks.LockSupport.parkNanos(LockSupport.java:215)
	at java.util.concurrent.locks.AbstractQueuedSynchronizer$ConditionObject.awaitNanos(AbstractQueuedSynchronizer.java:2078)
	at java.util.concurrent.ScheduledThreadPoolExecutor$DelayedWorkQueue.take(ScheduledThreadPoolExecutor.java:1093)
	at java.util.concurrent.ScheduledThreadPoolExecutor$DelayedWorkQueue.take(ScheduledThreadPoolExecutor.java:809)
	at java.util.concurrent.ThreadPoolExecutor.getTask(ThreadPoolExecutor.java:1074)
	at java.util.concurrent.ThreadPoolExecutor.runWorker(ThreadPoolExecutor.java:1134)
	at java.util.concurrent.ThreadPoolExecutor$Worker.run(ThreadPoolExecutor.java:624)
	at java.lang.Thread.run(Thread.java:748)

   Locked ownable synchronizers:
	- None

"Thread-52" #420 prio=5 os_prio=0 tid=0x00007f5f62f50000 nid=0x1f5 waiting on condition [0x00007f5b2bdfc000]
   java.lang.Thread.State: TIMED_WAITING (sleeping)
	at java.lang.Thread.sleep(Native Method)
	at org.apache.commons.io.monitor.FileAlterationMonitor.run(FileAlterationMonitor.java:188)
	at java.lang.Thread.run(Thread.java:748)

   Locked ownable synchronizers:
	- None

"RequestHouseKeepingService" #419 daemon prio=5 os_prio=0 tid=0x00007f5d00042000 nid=0x1f4 in Object.wait() [0x00007f5b2befd000]
   java.lang.Thread.State: TIMED_WAITING (on object monitor)
	at java.lang.Object.wait(Native Method)
	at java.util.TimerThread.mainLoop(Timer.java:552)
	- locked <0x0000000702405670> (a java.util.TaskQueue)
	at java.util.TimerThread.run(Timer.java:505)

   Locked ownable synchronizers:
	- None

"ClientHouseKeepingService" #418 daemon prio=5 os_prio=0 tid=0x00007f5d00027800 nid=0x1f3 in Object.wait() [0x00007f5b2bffe000]
   java.lang.Thread.State: TIMED_WAITING (on object monitor)
	at java.lang.Object.wait(Native Method)
	at java.util.TimerThread.mainLoop(Timer.java:552)
	- locked <0x0000000702c67730> (a java.util.TaskQueue)
	at java.util.TimerThread.run(Timer.java:505)

   Locked ownable synchronizers:
	- None

"scheduling-1" #415 prio=5 os_prio=0 tid=0x00007f5f631b6800 nid=0x1f2 waiting on condition [0x00007f5b301c6000]
   java.lang.Thread.State: TIMED_WAITING (parking)
	at sun.misc.Unsafe.park(Native Method)
	- parking to wait for  <0x0000000702c67790> (a java.util.concurrent.locks.AbstractQueuedSynchronizer$ConditionObject)
	at java.util.concurrent.locks.LockSupport.parkNanos(LockSupport.java:215)
	at java.util.concurrent.locks.AbstractQueuedSynchronizer$ConditionObject.awaitNanos(AbstractQueuedSynchronizer.java:2078)
	at java.util.concurrent.ScheduledThreadPoolExecutor$DelayedWorkQueue.take(ScheduledThreadPoolExecutor.java:1093)
	at java.util.concurrent.ScheduledThreadPoolExecutor$DelayedWorkQueue.take(ScheduledThreadPoolExecutor.java:809)
	at java.util.concurrent.ThreadPoolExecutor.getTask(ThreadPoolExecutor.java:1074)
	at java.util.concurrent.ThreadPoolExecutor.runWorker(ThreadPoolExecutor.java:1134)
	at java.util.concurrent.ThreadPoolExecutor$Worker.run(ThreadPoolExecutor.java:624)
	at java.lang.Thread.run(Thread.java:748)

   Locked ownable synchronizers:
	- None

"http-nio-8090-Acceptor" #414 daemon prio=5 os_prio=0 tid=0x00007f5f63258000 nid=0x1e9 runnable [0x00007f5b308c7000]
   java.lang.Thread.State: RUNNABLE
	at sun.nio.ch.ServerSocketChannelImpl.accept0(Native Method)
	at sun.nio.ch.ServerSocketChannelImpl.accept(ServerSocketChannelImpl.java:422)
	at sun.nio.ch.ServerSocketChannelImpl.accept(ServerSocketChannelImpl.java:250)
	- locked <0x0000000702c66ae8> (a java.lang.Object)
	at org.apache.tomcat.util.net.NioEndpoint.serverSocketAccept(NioEndpoint.java:468)
	at org.apache.tomcat.util.net.NioEndpoint.serverSocketAccept(NioEndpoint.java:71)
	at org.apache.tomcat.util.net.Acceptor.run(Acceptor.java:95)
	at java.lang.Thread.run(Thread.java:748)

   Locked ownable synchronizers:
	- None

"http-nio-8090-ClientPoller" #413 daemon prio=5 os_prio=0 tid=0x00007f5f61d6b000 nid=0x1e8 runnable [0x00007f5b309c8000]
   java.lang.Thread.State: RUNNABLE
	at sun.nio.ch.EPollArrayWrapper.epollWait(Native Method)
	at sun.nio.ch.EPollArrayWrapper.poll(EPollArrayWrapper.java:269)
	at sun.nio.ch.EPollSelectorImpl.doSelect(EPollSelectorImpl.java:93)
	at sun.nio.ch.SelectorImpl.lockAndDoSelect(SelectorImpl.java:86)
	- locked <0x0000000702c66908> (a sun.nio.ch.Util$3)
	- locked <0x0000000702c668f0> (a java.util.Collections$UnmodifiableSet)
	- locked <0x000000070249e2c8> (a sun.nio.ch.EPollSelectorImpl)
	at sun.nio.ch.SelectorImpl.select(SelectorImpl.java:97)
	at org.apache.tomcat.util.net.NioEndpoint$Poller.run(NioEndpoint.java:708)
	at java.lang.Thread.run(Thread.java:748)

   Locked ownable synchronizers:
	- None

"http-nio-8090-exec-100" #412 daemon prio=5 os_prio=0 tid=0x00007f5f61a3c000 nid=0x1e7 waiting on condition [0x00007f5b30ac9000]
   java.lang.Thread.State: WAITING (parking)
	at sun.misc.Unsafe.park(Native Method)
	- parking to wait for  <0x0000000702c20308> (a java.util.concurrent.locks.AbstractQueuedSynchronizer$ConditionObject)
	at java.util.concurrent.locks.LockSupport.park(LockSupport.java:175)
	at java.util.concurrent.locks.AbstractQueuedSynchronizer$ConditionObject.await(AbstractQueuedSynchronizer.java:2039)
	at java.util.concurrent.LinkedBlockingQueue.take(LinkedBlockingQueue.java:442)
	at org.apache.tomcat.util.threads.TaskQueue.take(TaskQueue.java:107)
	at org.apache.tomcat.util.threads.TaskQueue.take(TaskQueue.java:33)
	at java.util.concurrent.ThreadPoolExecutor.getTask(ThreadPoolExecutor.java:1074)
	at java.util.concurrent.ThreadPoolExecutor.runWorker(ThreadPoolExecutor.java:1134)
	at java.util.concurrent.ThreadPoolExecutor$Worker.run(ThreadPoolExecutor.java:624)
	at org.apache.tomcat.util.threads.TaskThread$WrappingRunnable.run(TaskThread.java:61)
	at java.lang.Thread.run(Thread.java:748)

   Locked ownable synchronizers:
	- None

"http-nio-8090-exec-99" #411 daemon prio=5 os_prio=0 tid=0x00007f5f61a3a000 nid=0x1e6 waiting on condition [0x00007f5b30bca000]
   java.lang.Thread.State: WAITING (parking)
	at sun.misc.Unsafe.park(Native Method)
	- parking to wait for  <0x0000000702c20308> (a java.util.concurrent.locks.AbstractQueuedSynchronizer$ConditionObject)
	at java.util.concurrent.locks.LockSupport.park(LockSupport.java:175)
	at java.util.concurrent.locks.AbstractQueuedSynchronizer$ConditionObject.await(AbstractQueuedSynchronizer.java:2039)
	at java.util.concurrent.LinkedBlockingQueue.take(LinkedBlockingQueue.java:442)
	at org.apache.tomcat.util.threads.TaskQueue.take(TaskQueue.java:107)
	at org.apache.tomcat.util.threads.TaskQueue.take(TaskQueue.java:33)
	at java.util.concurrent.ThreadPoolExecutor.getTask(ThreadPoolExecutor.java:1074)
	at java.util.concurrent.ThreadPoolExecutor.runWorker(ThreadPoolExecutor.java:1134)
	at java.util.concurrent.ThreadPoolExecutor$Worker.run(ThreadPoolExecutor.java:624)
	at org.apache.tomcat.util.threads.TaskThread$WrappingRunnable.run(TaskThread.java:61)
	at java.lang.Thread.run(Thread.java:748)

   Locked ownable synchronizers:
	- None

"http-nio-8090-exec-98" #410 daemon prio=5 os_prio=0 tid=0x00007f5f61a38000 nid=0x1e5 waiting on condition [0x00007f5b30ccb000]
   java.lang.Thread.State: WAITING (parking)
	at sun.misc.Unsafe.park(Native Method)
	- parking to wait for  <0x0000000702c20308> (a java.util.concurrent.locks.AbstractQueuedSynchronizer$ConditionObject)
	at java.util.concurrent.locks.LockSupport.park(LockSupport.java:175)
	at java.util.concurrent.locks.AbstractQueuedSynchronizer$ConditionObject.await(AbstractQueuedSynchronizer.java:2039)
	at java.util.concurrent.LinkedBlockingQueue.take(LinkedBlockingQueue.java:442)
	at org.apache.tomcat.util.threads.TaskQueue.take(TaskQueue.java:107)
	at org.apache.tomcat.util.threads.TaskQueue.take(TaskQueue.java:33)
	at java.util.concurrent.ThreadPoolExecutor.getTask(ThreadPoolExecutor.java:1074)
	at java.util.concurrent.ThreadPoolExecutor.runWorker(ThreadPoolExecutor.java:1134)
	at java.util.concurrent.ThreadPoolExecutor$Worker.run(ThreadPoolExecutor.java:624)
	at org.apache.tomcat.util.threads.TaskThread$WrappingRunnable.run(TaskThread.java:61)
	at java.lang.Thread.run(Thread.java:748)

   Locked ownable synchronizers:
	- None

"http-nio-8090-exec-97" #409 daemon prio=5 os_prio=0 tid=0x00007f5f6194f800 nid=0x1e4 waiting on condition [0x00007f5b30dcc000]
   java.lang.Thread.State: WAITING (parking)
	at sun.misc.Unsafe.park(Native Method)
	- parking to wait for  <0x0000000702c20308> (a java.util.concurrent.locks.AbstractQueuedSynchronizer$ConditionObject)
	at java.util.concurrent.locks.LockSupport.park(LockSupport.java:175)
	at java.util.concurrent.locks.AbstractQueuedSynchronizer$ConditionObject.await(AbstractQueuedSynchronizer.java:2039)
	at java.util.concurrent.LinkedBlockingQueue.take(LinkedBlockingQueue.java:442)
	at org.apache.tomcat.util.threads.TaskQueue.take(TaskQueue.java:107)
	at org.apache.tomcat.util.threads.TaskQueue.take(TaskQueue.java:33)
	at java.util.concurrent.ThreadPoolExecutor.getTask(ThreadPoolExecutor.java:1074)
	at java.util.concurrent.ThreadPoolExecutor.runWorker(ThreadPoolExecutor.java:1134)
	at java.util.concurrent.ThreadPoolExecutor$Worker.run(ThreadPoolExecutor.java:624)
	at org.apache.tomcat.util.threads.TaskThread$WrappingRunnable.run(TaskThread.java:61)
	at java.lang.Thread.run(Thread.java:748)

   Locked ownable synchronizers:
	- None

"http-nio-8090-exec-96" #408 daemon prio=5 os_prio=0 tid=0x00007f5f6194d800 nid=0x1e3 waiting on condition [0x00007f5b30ecd000]
   java.lang.Thread.State: WAITING (parking)
	at sun.misc.Unsafe.park(Native Method)
	- parking to wait for  <0x0000000702c20308> (a java.util.concurrent.locks.AbstractQueuedSynchronizer$ConditionObject)
	at java.util.concurrent.locks.LockSupport.park(LockSupport.java:175)
	at java.util.concurrent.locks.AbstractQueuedSynchronizer$ConditionObject.await(AbstractQueuedSynchronizer.java:2039)
	at java.util.concurrent.LinkedBlockingQueue.take(LinkedBlockingQueue.java:442)
	at org.apache.tomcat.util.threads.TaskQueue.take(TaskQueue.java:107)
	at org.apache.tomcat.util.threads.TaskQueue.take(TaskQueue.java:33)
	at java.util.concurrent.ThreadPoolExecutor.getTask(ThreadPoolExecutor.java:1074)
	at java.util.concurrent.ThreadPoolExecutor.runWorker(ThreadPoolExecutor.java:1134)
	at java.util.concurrent.ThreadPoolExecutor$Worker.run(ThreadPoolExecutor.java:624)
	at org.apache.tomcat.util.threads.TaskThread$WrappingRunnable.run(TaskThread.java:61)
	at java.lang.Thread.run(Thread.java:748)

   Locked ownable synchronizers:
	- None

"http-nio-8090-exec-95" #407 daemon prio=5 os_prio=0 tid=0x00007f5f6194c000 nid=0x1e2 waiting on condition [0x00007f5b30fce000]
   java.lang.Thread.State: WAITING (parking)
	at sun.misc.Unsafe.park(Native Method)
	- parking to wait for  <0x0000000702c20308> (a java.util.concurrent.locks.AbstractQueuedSynchronizer$ConditionObject)
	at java.util.concurrent.locks.LockSupport.park(LockSupport.java:175)
	at java.util.concurrent.locks.AbstractQueuedSynchronizer$ConditionObject.await(AbstractQueuedSynchronizer.java:2039)
	at java.util.concurrent.LinkedBlockingQueue.take(LinkedBlockingQueue.java:442)
	at org.apache.tomcat.util.threads.TaskQueue.take(TaskQueue.java:107)
	at org.apache.tomcat.util.threads.TaskQueue.take(TaskQueue.java:33)
	at java.util.concurrent.ThreadPoolExecutor.getTask(ThreadPoolExecutor.java:1074)
	at java.util.concurrent.ThreadPoolExecutor.runWorker(ThreadPoolExecutor.java:1134)
	at java.util.concurrent.ThreadPoolExecutor$Worker.run(ThreadPoolExecutor.java:624)
	at org.apache.tomcat.util.threads.TaskThread$WrappingRunnable.run(TaskThread.java:61)
	at java.lang.Thread.run(Thread.java:748)

   Locked ownable synchronizers:
	- None

"http-nio-8090-exec-94" #406 daemon prio=5 os_prio=0 tid=0x00007f5f61fbc000 nid=0x1e1 waiting on condition [0x00007f5b310cf000]
   java.lang.Thread.State: WAITING (parking)
	at sun.misc.Unsafe.park(Native Method)
	- parking to wait for  <0x0000000702c20308> (a java.util.concurrent.locks.AbstractQueuedSynchronizer$ConditionObject)
	at java.util.concurrent.locks.LockSupport.park(LockSupport.java:175)
	at java.util.concurrent.locks.AbstractQueuedSynchronizer$ConditionObject.await(AbstractQueuedSynchronizer.java:2039)
	at java.util.concurrent.LinkedBlockingQueue.take(LinkedBlockingQueue.java:442)
	at org.apache.tomcat.util.threads.TaskQueue.take(TaskQueue.java:107)
	at org.apache.tomcat.util.threads.TaskQueue.take(TaskQueue.java:33)
	at java.util.concurrent.ThreadPoolExecutor.getTask(ThreadPoolExecutor.java:1074)
	at java.util.concurrent.ThreadPoolExecutor.runWorker(ThreadPoolExecutor.java:1134)
	at java.util.concurrent.ThreadPoolExecutor$Worker.run(ThreadPoolExecutor.java:624)
	at org.apache.tomcat.util.threads.TaskThread$WrappingRunnable.run(TaskThread.java:61)
	at java.lang.Thread.run(Thread.java:748)

   Locked ownable synchronizers:
	- None

"http-nio-8090-exec-93" #405 daemon prio=5 os_prio=0 tid=0x00007f5f61fba000 nid=0x1e0 waiting on condition [0x00007f5b311d0000]
   java.lang.Thread.State: WAITING (parking)
	at sun.misc.Unsafe.park(Native Method)
	- parking to wait for  <0x0000000702c20308> (a java.util.concurrent.locks.AbstractQueuedSynchronizer$ConditionObject)
	at java.util.concurrent.locks.LockSupport.park(LockSupport.java:175)
	at java.util.concurrent.locks.AbstractQueuedSynchronizer$ConditionObject.await(AbstractQueuedSynchronizer.java:2039)
	at java.util.concurrent.LinkedBlockingQueue.take(LinkedBlockingQueue.java:442)
	at org.apache.tomcat.util.threads.TaskQueue.take(TaskQueue.java:107)
	at org.apache.tomcat.util.threads.TaskQueue.take(TaskQueue.java:33)
	at java.util.concurrent.ThreadPoolExecutor.getTask(ThreadPoolExecutor.java:1074)
	at java.util.concurrent.ThreadPoolExecutor.runWorker(ThreadPoolExecutor.java:1134)
	at java.util.concurrent.ThreadPoolExecutor$Worker.run(ThreadPoolExecutor.java:624)
	at org.apache.tomcat.util.threads.TaskThread$WrappingRunnable.run(TaskThread.java:61)
	at java.lang.Thread.run(Thread.java:748)

   Locked ownable synchronizers:
	- None

"http-nio-8090-exec-92" #404 daemon prio=5 os_prio=0 tid=0x00007f5f62dd0000 nid=0x1df waiting on condition [0x00007f5b312d1000]
   java.lang.Thread.State: WAITING (parking)
	at sun.misc.Unsafe.park(Native Method)
	- parking to wait for  <0x0000000702c20308> (a java.util.concurrent.locks.AbstractQueuedSynchronizer$ConditionObject)
	at java.util.concurrent.locks.LockSupport.park(LockSupport.java:175)
	at java.util.concurrent.locks.AbstractQueuedSynchronizer$ConditionObject.await(AbstractQueuedSynchronizer.java:2039)
	at java.util.concurrent.LinkedBlockingQueue.take(LinkedBlockingQueue.java:442)
	at org.apache.tomcat.util.threads.TaskQueue.take(TaskQueue.java:107)
	at org.apache.tomcat.util.threads.TaskQueue.take(TaskQueue.java:33)
	at java.util.concurrent.ThreadPoolExecutor.getTask(ThreadPoolExecutor.java:1074)
	at java.util.concurrent.ThreadPoolExecutor.runWorker(ThreadPoolExecutor.java:1134)
	at java.util.concurrent.ThreadPoolExecutor$Worker.run(ThreadPoolExecutor.java:624)
	at org.apache.tomcat.util.threads.TaskThread$WrappingRunnable.run(TaskThread.java:61)
	at java.lang.Thread.run(Thread.java:748)

   Locked ownable synchronizers:
	- None

"http-nio-8090-exec-91" #403 daemon prio=5 os_prio=0 tid=0x00007f5f62dce000 nid=0x1de waiting on condition [0x00007f5b313d2000]
   java.lang.Thread.State: WAITING (parking)
	at sun.misc.Unsafe.park(Native Method)
	- parking to wait for  <0x0000000702c20308> (a java.util.concurrent.locks.AbstractQueuedSynchronizer$ConditionObject)
	at java.util.concurrent.locks.LockSupport.park(LockSupport.java:175)
	at java.util.concurrent.locks.AbstractQueuedSynchronizer$ConditionObject.await(AbstractQueuedSynchronizer.java:2039)
	at java.util.concurrent.LinkedBlockingQueue.take(LinkedBlockingQueue.java:442)
	at org.apache.tomcat.util.threads.TaskQueue.take(TaskQueue.java:107)
	at org.apache.tomcat.util.threads.TaskQueue.take(TaskQueue.java:33)
	at java.util.concurrent.ThreadPoolExecutor.getTask(ThreadPoolExecutor.java:1074)
	at java.util.concurrent.ThreadPoolExecutor.runWorker(ThreadPoolExecutor.java:1134)
	at java.util.concurrent.ThreadPoolExecutor$Worker.run(ThreadPoolExecutor.java:624)
	at org.apache.tomcat.util.threads.TaskThread$WrappingRunnable.run(TaskThread.java:61)
	at java.lang.Thread.run(Thread.java:748)

   Locked ownable synchronizers:
	- None

"http-nio-8090-exec-90" #402 daemon prio=5 os_prio=0 tid=0x00007f5f62dcc800 nid=0x1dd waiting on condition [0x00007f5b314d3000]
   java.lang.Thread.State: WAITING (parking)
	at sun.misc.Unsafe.park(Native Method)
	- parking to wait for  <0x0000000702c20308> (a java.util.concurrent.locks.AbstractQueuedSynchronizer$ConditionObject)
	at java.util.concurrent.locks.LockSupport.park(LockSupport.java:175)
	at java.util.concurrent.locks.AbstractQueuedSynchronizer$ConditionObject.await(AbstractQueuedSynchronizer.java:2039)
	at java.util.concurrent.LinkedBlockingQueue.take(LinkedBlockingQueue.java:442)
	at org.apache.tomcat.util.threads.TaskQueue.take(TaskQueue.java:107)
	at org.apache.tomcat.util.threads.TaskQueue.take(TaskQueue.java:33)
	at java.util.concurrent.ThreadPoolExecutor.getTask(ThreadPoolExecutor.java:1074)
	at java.util.concurrent.ThreadPoolExecutor.runWorker(ThreadPoolExecutor.java:1134)
	at java.util.concurrent.ThreadPoolExecutor$Worker.run(ThreadPoolExecutor.java:624)
	at org.apache.tomcat.util.threads.TaskThread$WrappingRunnable.run(TaskThread.java:61)
	at java.lang.Thread.run(Thread.java:748)

   Locked ownable synchronizers:
	- None

"http-nio-8090-exec-89" #401 daemon prio=5 os_prio=0 tid=0x00007f5f6265d000 nid=0x1dc waiting on condition [0x00007f5b315d4000]
   java.lang.Thread.State: WAITING (parking)
	at sun.misc.Unsafe.park(Native Method)
	- parking to wait for  <0x0000000702c20308> (a java.util.concurrent.locks.AbstractQueuedSynchronizer$ConditionObject)
	at java.util.concurrent.locks.LockSupport.park(LockSupport.java:175)
	at java.util.concurrent.locks.AbstractQueuedSynchronizer$ConditionObject.await(AbstractQueuedSynchronizer.java:2039)
	at java.util.concurrent.LinkedBlockingQueue.take(LinkedBlockingQueue.java:442)
	at org.apache.tomcat.util.threads.TaskQueue.take(TaskQueue.java:107)
	at org.apache.tomcat.util.threads.TaskQueue.take(TaskQueue.java:33)
	at java.util.concurrent.ThreadPoolExecutor.getTask(ThreadPoolExecutor.java:1074)
	at java.util.concurrent.ThreadPoolExecutor.runWorker(ThreadPoolExecutor.java:1134)
	at java.util.concurrent.ThreadPoolExecutor$Worker.run(ThreadPoolExecutor.java:624)
	at org.apache.tomcat.util.threads.TaskThread$WrappingRunnable.run(TaskThread.java:61)
	at java.lang.Thread.run(Thread.java:748)

   Locked ownable synchronizers:
	- None

"http-nio-8090-exec-88" #400 daemon prio=5 os_prio=0 tid=0x00007f5f6265b000 nid=0x1db waiting on condition [0x00007f5b316d5000]
   java.lang.Thread.State: WAITING (parking)
	at sun.misc.Unsafe.park(Native Method)
	- parking to wait for  <0x0000000702c20308> (a java.util.concurrent.locks.AbstractQueuedSynchronizer$ConditionObject)
	at java.util.concurrent.locks.LockSupport.park(LockSupport.java:175)
	at java.util.concurrent.locks.AbstractQueuedSynchronizer$ConditionObject.await(AbstractQueuedSynchronizer.java:2039)
	at java.util.concurrent.LinkedBlockingQueue.take(LinkedBlockingQueue.java:442)
	at org.apache.tomcat.util.threads.TaskQueue.take(TaskQueue.java:107)
	at org.apache.tomcat.util.threads.TaskQueue.take(TaskQueue.java:33)
	at java.util.concurrent.ThreadPoolExecutor.getTask(ThreadPoolExecutor.java:1074)
	at java.util.concurrent.ThreadPoolExecutor.runWorker(ThreadPoolExecutor.java:1134)
	at java.util.concurrent.ThreadPoolExecutor$Worker.run(ThreadPoolExecutor.java:624)
	at org.apache.tomcat.util.threads.TaskThread$WrappingRunnable.run(TaskThread.java:61)
	at java.lang.Thread.run(Thread.java:748)

   Locked ownable synchronizers:
	- None

"http-nio-8090-exec-87" #399 daemon prio=5 os_prio=0 tid=0x00007f5f63b34800 nid=0x1da waiting on condition [0x00007f5b317d6000]
   java.lang.Thread.State: WAITING (parking)
	at sun.misc.Unsafe.park(Native Method)
	- parking to wait for  <0x0000000702c20308> (a java.util.concurrent.locks.AbstractQueuedSynchronizer$ConditionObject)
	at java.util.concurrent.locks.LockSupport.park(LockSupport.java:175)
	at java.util.concurrent.locks.AbstractQueuedSynchronizer$ConditionObject.await(AbstractQueuedSynchronizer.java:2039)
	at java.util.concurrent.LinkedBlockingQueue.take(LinkedBlockingQueue.java:442)
	at org.apache.tomcat.util.threads.TaskQueue.take(TaskQueue.java:107)
	at org.apache.tomcat.util.threads.TaskQueue.take(TaskQueue.java:33)
	at java.util.concurrent.ThreadPoolExecutor.getTask(ThreadPoolExecutor.java:1074)
	at java.util.concurrent.ThreadPoolExecutor.runWorker(ThreadPoolExecutor.java:1134)
	at java.util.concurrent.ThreadPoolExecutor$Worker.run(ThreadPoolExecutor.java:624)
	at org.apache.tomcat.util.threads.TaskThread$WrappingRunnable.run(TaskThread.java:61)
	at java.lang.Thread.run(Thread.java:748)

   Locked ownable synchronizers:
	- None

"http-nio-8090-exec-86" #398 daemon prio=5 os_prio=0 tid=0x00007f5f63b32800 nid=0x1d9 waiting on condition [0x00007f5b318d7000]
   java.lang.Thread.State: WAITING (parking)
	at sun.misc.Unsafe.park(Native Method)
	- parking to wait for  <0x0000000702c20308> (a java.util.concurrent.locks.AbstractQueuedSynchronizer$ConditionObject)
	at java.util.concurrent.locks.LockSupport.park(LockSupport.java:175)
	at java.util.concurrent.locks.AbstractQueuedSynchronizer$ConditionObject.await(AbstractQueuedSynchronizer.java:2039)
	at java.util.concurrent.LinkedBlockingQueue.take(LinkedBlockingQueue.java:442)
	at org.apache.tomcat.util.threads.TaskQueue.take(TaskQueue.java:107)
	at org.apache.tomcat.util.threads.TaskQueue.take(TaskQueue.java:33)
	at java.util.concurrent.ThreadPoolExecutor.getTask(ThreadPoolExecutor.java:1074)
	at java.util.concurrent.ThreadPoolExecutor.runWorker(ThreadPoolExecutor.java:1134)
	at java.util.concurrent.ThreadPoolExecutor$Worker.run(ThreadPoolExecutor.java:624)
	at org.apache.tomcat.util.threads.TaskThread$WrappingRunnable.run(TaskThread.java:61)
	at java.lang.Thread.run(Thread.java:748)

   Locked ownable synchronizers:
	- None

"http-nio-8090-exec-85" #397 daemon prio=5 os_prio=0 tid=0x00007f5f62435000 nid=0x1d8 waiting on condition [0x00007f5b319d8000]
   java.lang.Thread.State: WAITING (parking)
	at sun.misc.Unsafe.park(Native Method)
	- parking to wait for  <0x0000000702c20308> (a java.util.concurrent.locks.AbstractQueuedSynchronizer$ConditionObject)
	at java.util.concurrent.locks.LockSupport.park(LockSupport.java:175)
	at java.util.concurrent.locks.AbstractQueuedSynchronizer$ConditionObject.await(AbstractQueuedSynchronizer.java:2039)
	at java.util.concurrent.LinkedBlockingQueue.take(LinkedBlockingQueue.java:442)
	at org.apache.tomcat.util.threads.TaskQueue.take(TaskQueue.java:107)
	at org.apache.tomcat.util.threads.TaskQueue.take(TaskQueue.java:33)
	at java.util.concurrent.ThreadPoolExecutor.getTask(ThreadPoolExecutor.java:1074)
	at java.util.concurrent.ThreadPoolExecutor.runWorker(ThreadPoolExecutor.java:1134)
	at java.util.concurrent.ThreadPoolExecutor$Worker.run(ThreadPoolExecutor.java:624)
	at org.apache.tomcat.util.threads.TaskThread$WrappingRunnable.run(TaskThread.java:61)
	at java.lang.Thread.run(Thread.java:748)

   Locked ownable synchronizers:
	- None

"http-nio-8090-exec-84" #396 daemon prio=5 os_prio=0 tid=0x00007f5f62433000 nid=0x1d7 waiting on condition [0x00007f5b31ad9000]
   java.lang.Thread.State: WAITING (parking)
	at sun.misc.Unsafe.park(Native Method)
	- parking to wait for  <0x0000000702c20308> (a java.util.concurrent.locks.AbstractQueuedSynchronizer$ConditionObject)
	at java.util.concurrent.locks.LockSupport.park(LockSupport.java:175)
	at java.util.concurrent.locks.AbstractQueuedSynchronizer$ConditionObject.await(AbstractQueuedSynchronizer.java:2039)
	at java.util.concurrent.LinkedBlockingQueue.take(LinkedBlockingQueue.java:442)
	at org.apache.tomcat.util.threads.TaskQueue.take(TaskQueue.java:107)
	at org.apache.tomcat.util.threads.TaskQueue.take(TaskQueue.java:33)
	at java.util.concurrent.ThreadPoolExecutor.getTask(ThreadPoolExecutor.java:1074)
	at java.util.concurrent.ThreadPoolExecutor.runWorker(ThreadPoolExecutor.java:1134)
	at java.util.concurrent.ThreadPoolExecutor$Worker.run(ThreadPoolExecutor.java:624)
	at org.apache.tomcat.util.threads.TaskThread$WrappingRunnable.run(TaskThread.java:61)
	at java.lang.Thread.run(Thread.java:748)

   Locked ownable synchronizers:
	- None

"http-nio-8090-exec-83" #395 daemon prio=5 os_prio=0 tid=0x00007f5f6384a000 nid=0x1d6 waiting on condition [0x00007f5b31bda000]
   java.lang.Thread.State: WAITING (parking)
	at sun.misc.Unsafe.park(Native Method)
	- parking to wait for  <0x0000000702c20308> (a java.util.concurrent.locks.AbstractQueuedSynchronizer$ConditionObject)
	at java.util.concurrent.locks.LockSupport.park(LockSupport.java:175)
	at java.util.concurrent.locks.AbstractQueuedSynchronizer$ConditionObject.await(AbstractQueuedSynchronizer.java:2039)
	at java.util.concurrent.LinkedBlockingQueue.take(LinkedBlockingQueue.java:442)
	at org.apache.tomcat.util.threads.TaskQueue.take(TaskQueue.java:107)
	at org.apache.tomcat.util.threads.TaskQueue.take(TaskQueue.java:33)
	at java.util.concurrent.ThreadPoolExecutor.getTask(ThreadPoolExecutor.java:1074)
	at java.util.concurrent.ThreadPoolExecutor.runWorker(ThreadPoolExecutor.java:1134)
	at java.util.concurrent.ThreadPoolExecutor$Worker.run(ThreadPoolExecutor.java:624)
	at org.apache.tomcat.util.threads.TaskThread$WrappingRunnable.run(TaskThread.java:61)
	at java.lang.Thread.run(Thread.java:748)

   Locked ownable synchronizers:
	- None

"http-nio-8090-exec-82" #394 daemon prio=5 os_prio=0 tid=0x00007f5f63848000 nid=0x1d5 waiting on condition [0x00007f5b31cdb000]
   java.lang.Thread.State: WAITING (parking)
	at sun.misc.Unsafe.park(Native Method)
	- parking to wait for  <0x0000000702c20308> (a java.util.concurrent.locks.AbstractQueuedSynchronizer$ConditionObject)
	at java.util.concurrent.locks.LockSupport.park(LockSupport.java:175)
	at java.util.concurrent.locks.AbstractQueuedSynchronizer$ConditionObject.await(AbstractQueuedSynchronizer.java:2039)
	at java.util.concurrent.LinkedBlockingQueue.take(LinkedBlockingQueue.java:442)
	at org.apache.tomcat.util.threads.TaskQueue.take(TaskQueue.java:107)
	at org.apache.tomcat.util.threads.TaskQueue.take(TaskQueue.java:33)
	at java.util.concurrent.ThreadPoolExecutor.getTask(ThreadPoolExecutor.java:1074)
	at java.util.concurrent.ThreadPoolExecutor.runWorker(ThreadPoolExecutor.java:1134)
	at java.util.concurrent.ThreadPoolExecutor$Worker.run(ThreadPoolExecutor.java:624)
	at org.apache.tomcat.util.threads.TaskThread$WrappingRunnable.run(TaskThread.java:61)
	at java.lang.Thread.run(Thread.java:748)

   Locked ownable synchronizers:
	- None

"http-nio-8090-exec-81" #393 daemon prio=5 os_prio=0 tid=0x00007f5f62d64000 nid=0x1d4 waiting on condition [0x00007f5b31ddc000]
   java.lang.Thread.State: WAITING (parking)
	at sun.misc.Unsafe.park(Native Method)
	- parking to wait for  <0x0000000702c20308> (a java.util.concurrent.locks.AbstractQueuedSynchronizer$ConditionObject)
	at java.util.concurrent.locks.LockSupport.park(LockSupport.java:175)
	at java.util.concurrent.locks.AbstractQueuedSynchronizer$ConditionObject.await(AbstractQueuedSynchronizer.java:2039)
	at java.util.concurrent.LinkedBlockingQueue.take(LinkedBlockingQueue.java:442)
	at org.apache.tomcat.util.threads.TaskQueue.take(TaskQueue.java:107)
	at org.apache.tomcat.util.threads.TaskQueue.take(TaskQueue.java:33)
	at java.util.concurrent.ThreadPoolExecutor.getTask(ThreadPoolExecutor.java:1074)
	at java.util.concurrent.ThreadPoolExecutor.runWorker(ThreadPoolExecutor.java:1134)
	at java.util.concurrent.ThreadPoolExecutor$Worker.run(ThreadPoolExecutor.java:624)
	at org.apache.tomcat.util.threads.TaskThread$WrappingRunnable.run(TaskThread.java:61)
	at java.lang.Thread.run(Thread.java:748)

   Locked ownable synchronizers:
	- None

"http-nio-8090-exec-80" #392 daemon prio=5 os_prio=0 tid=0x00007f5f62d62800 nid=0x1d3 waiting on condition [0x00007f5b31edd000]
   java.lang.Thread.State: WAITING (parking)
	at sun.misc.Unsafe.park(Native Method)
	- parking to wait for  <0x0000000702c20308> (a java.util.concurrent.locks.AbstractQueuedSynchronizer$ConditionObject)
	at java.util.concurrent.locks.LockSupport.park(LockSupport.java:175)
	at java.util.concurrent.locks.AbstractQueuedSynchronizer$ConditionObject.await(AbstractQueuedSynchronizer.java:2039)
	at java.util.concurrent.LinkedBlockingQueue.take(LinkedBlockingQueue.java:442)
	at org.apache.tomcat.util.threads.TaskQueue.take(TaskQueue.java:107)
	at org.apache.tomcat.util.threads.TaskQueue.take(TaskQueue.java:33)
	at java.util.concurrent.ThreadPoolExecutor.getTask(ThreadPoolExecutor.java:1074)
	at java.util.concurrent.ThreadPoolExecutor.runWorker(ThreadPoolExecutor.java:1134)
	at java.util.concurrent.ThreadPoolExecutor$Worker.run(ThreadPoolExecutor.java:624)
	at org.apache.tomcat.util.threads.TaskThread$WrappingRunnable.run(TaskThread.java:61)
	at java.lang.Thread.run(Thread.java:748)

   Locked ownable synchronizers:
	- None

"http-nio-8090-exec-79" #391 daemon prio=5 os_prio=0 tid=0x00007f5f63a74800 nid=0x1d2 waiting on condition [0x00007f5b31fde000]
   java.lang.Thread.State: WAITING (parking)
	at sun.misc.Unsafe.park(Native Method)
	- parking to wait for  <0x0000000702c20308> (a java.util.concurrent.locks.AbstractQueuedSynchronizer$ConditionObject)
	at java.util.concurrent.locks.LockSupport.park(LockSupport.java:175)
	at java.util.concurrent.locks.AbstractQueuedSynchronizer$ConditionObject.await(AbstractQueuedSynchronizer.java:2039)
	at java.util.concurrent.LinkedBlockingQueue.take(LinkedBlockingQueue.java:442)
	at org.apache.tomcat.util.threads.TaskQueue.take(TaskQueue.java:107)
	at org.apache.tomcat.util.threads.TaskQueue.take(TaskQueue.java:33)
	at java.util.concurrent.ThreadPoolExecutor.getTask(ThreadPoolExecutor.java:1074)
	at java.util.concurrent.ThreadPoolExecutor.runWorker(ThreadPoolExecutor.java:1134)
	at java.util.concurrent.ThreadPoolExecutor$Worker.run(ThreadPoolExecutor.java:624)
	at org.apache.tomcat.util.threads.TaskThread$WrappingRunnable.run(TaskThread.java:61)
	at java.lang.Thread.run(Thread.java:748)

   Locked ownable synchronizers:
	- None

"http-nio-8090-exec-78" #390 daemon prio=5 os_prio=0 tid=0x00007f5f63a66000 nid=0x1d1 waiting on condition [0x00007f5b320df000]
   java.lang.Thread.State: WAITING (parking)
	at sun.misc.Unsafe.park(Native Method)
	- parking to wait for  <0x0000000702c20308> (a java.util.concurrent.locks.AbstractQueuedSynchronizer$ConditionObject)
	at java.util.concurrent.locks.LockSupport.park(LockSupport.java:175)
	at java.util.concurrent.locks.AbstractQueuedSynchronizer$ConditionObject.await(AbstractQueuedSynchronizer.java:2039)
	at java.util.concurrent.LinkedBlockingQueue.take(LinkedBlockingQueue.java:442)
	at org.apache.tomcat.util.threads.TaskQueue.take(TaskQueue.java:107)
	at org.apache.tomcat.util.threads.TaskQueue.take(TaskQueue.java:33)
	at java.util.concurrent.ThreadPoolExecutor.getTask(ThreadPoolExecutor.java:1074)
	at java.util.concurrent.ThreadPoolExecutor.runWorker(ThreadPoolExecutor.java:1134)
	at java.util.concurrent.ThreadPoolExecutor$Worker.run(ThreadPoolExecutor.java:624)
	at org.apache.tomcat.util.threads.TaskThread$WrappingRunnable.run(TaskThread.java:61)
	at java.lang.Thread.run(Thread.java:748)

   Locked ownable synchronizers:
	- None

"http-nio-8090-exec-77" #389 daemon prio=5 os_prio=0 tid=0x00007f5f63a64000 nid=0x1d0 waiting on condition [0x00007f5b321e0000]
   java.lang.Thread.State: WAITING (parking)
	at sun.misc.Unsafe.park(Native Method)
	- parking to wait for  <0x0000000702c20308> (a java.util.concurrent.locks.AbstractQueuedSynchronizer$ConditionObject)
	at java.util.concurrent.locks.LockSupport.park(LockSupport.java:175)
	at java.util.concurrent.locks.AbstractQueuedSynchronizer$ConditionObject.await(AbstractQueuedSynchronizer.java:2039)
	at java.util.concurrent.LinkedBlockingQueue.take(LinkedBlockingQueue.java:442)
	at org.apache.tomcat.util.threads.TaskQueue.take(TaskQueue.java:107)
	at org.apache.tomcat.util.threads.TaskQueue.take(TaskQueue.java:33)
	at java.util.concurrent.ThreadPoolExecutor.getTask(ThreadPoolExecutor.java:1074)
	at java.util.concurrent.ThreadPoolExecutor.runWorker(ThreadPoolExecutor.java:1134)
	at java.util.concurrent.ThreadPoolExecutor$Worker.run(ThreadPoolExecutor.java:624)
	at org.apache.tomcat.util.threads.TaskThread$WrappingRunnable.run(TaskThread.java:61)
	at java.lang.Thread.run(Thread.java:748)

   Locked ownable synchronizers:
	- None

"http-nio-8090-exec-76" #388 daemon prio=5 os_prio=0 tid=0x00007f5f63b3f000 nid=0x1cf waiting on condition [0x00007f5b322e1000]
   java.lang.Thread.State: WAITING (parking)
	at sun.misc.Unsafe.park(Native Method)
	- parking to wait for  <0x0000000702c20308> (a java.util.concurrent.locks.AbstractQueuedSynchronizer$ConditionObject)
	at java.util.concurrent.locks.LockSupport.park(LockSupport.java:175)
	at java.util.concurrent.locks.AbstractQueuedSynchronizer$ConditionObject.await(AbstractQueuedSynchronizer.java:2039)
	at java.util.concurrent.LinkedBlockingQueue.take(LinkedBlockingQueue.java:442)
	at org.apache.tomcat.util.threads.TaskQueue.take(TaskQueue.java:107)
	at org.apache.tomcat.util.threads.TaskQueue.take(TaskQueue.java:33)
	at java.util.concurrent.ThreadPoolExecutor.getTask(ThreadPoolExecutor.java:1074)
	at java.util.concurrent.ThreadPoolExecutor.runWorker(ThreadPoolExecutor.java:1134)
	at java.util.concurrent.ThreadPoolExecutor$Worker.run(ThreadPoolExecutor.java:624)
	at org.apache.tomcat.util.threads.TaskThread$WrappingRunnable.run(TaskThread.java:61)
	at java.lang.Thread.run(Thread.java:748)

   Locked ownable synchronizers:
	- None

"http-nio-8090-exec-75" #387 daemon prio=5 os_prio=0 tid=0x00007f5f63b3d000 nid=0x1ce waiting on condition [0x00007f5b323e2000]
   java.lang.Thread.State: WAITING (parking)
	at sun.misc.Unsafe.park(Native Method)
	- parking to wait for  <0x0000000702c20308> (a java.util.concurrent.locks.AbstractQueuedSynchronizer$ConditionObject)
	at java.util.concurrent.locks.LockSupport.park(LockSupport.java:175)
	at java.util.concurrent.locks.AbstractQueuedSynchronizer$ConditionObject.await(AbstractQueuedSynchronizer.java:2039)
	at java.util.concurrent.LinkedBlockingQueue.take(LinkedBlockingQueue.java:442)
	at org.apache.tomcat.util.threads.TaskQueue.take(TaskQueue.java:107)
	at org.apache.tomcat.util.threads.TaskQueue.take(TaskQueue.java:33)
	at java.util.concurrent.ThreadPoolExecutor.getTask(ThreadPoolExecutor.java:1074)
	at java.util.concurrent.ThreadPoolExecutor.runWorker(ThreadPoolExecutor.java:1134)
	at java.util.concurrent.ThreadPoolExecutor$Worker.run(ThreadPoolExecutor.java:624)
	at org.apache.tomcat.util.threads.TaskThread$WrappingRunnable.run(TaskThread.java:61)
	at java.lang.Thread.run(Thread.java:748)

   Locked ownable synchronizers:
	- None

"http-nio-8090-exec-74" #386 daemon prio=5 os_prio=0 tid=0x00007f5f62b11800 nid=0x1cd waiting on condition [0x00007f5b324e3000]
   java.lang.Thread.State: WAITING (parking)
	at sun.misc.Unsafe.park(Native Method)
	- parking to wait for  <0x0000000702c20308> (a java.util.concurrent.locks.AbstractQueuedSynchronizer$ConditionObject)
	at java.util.concurrent.locks.LockSupport.park(LockSupport.java:175)
	at java.util.concurrent.locks.AbstractQueuedSynchronizer$ConditionObject.await(AbstractQueuedSynchronizer.java:2039)
	at java.util.concurrent.LinkedBlockingQueue.take(LinkedBlockingQueue.java:442)
	at org.apache.tomcat.util.threads.TaskQueue.take(TaskQueue.java:107)
	at org.apache.tomcat.util.threads.TaskQueue.take(TaskQueue.java:33)
	at java.util.concurrent.ThreadPoolExecutor.getTask(ThreadPoolExecutor.java:1074)
	at java.util.concurrent.ThreadPoolExecutor.runWorker(ThreadPoolExecutor.java:1134)
	at java.util.concurrent.ThreadPoolExecutor$Worker.run(ThreadPoolExecutor.java:624)
	at org.apache.tomcat.util.threads.TaskThread$WrappingRunnable.run(TaskThread.java:61)
	at java.lang.Thread.run(Thread.java:748)

   Locked ownable synchronizers:
	- None

"http-nio-8090-exec-73" #385 daemon prio=5 os_prio=0 tid=0x00007f5f62b0f800 nid=0x1cc waiting on condition [0x00007f5b325e4000]
   java.lang.Thread.State: WAITING (parking)
	at sun.misc.Unsafe.park(Native Method)
	- parking to wait for  <0x0000000702c20308> (a java.util.concurrent.locks.AbstractQueuedSynchronizer$ConditionObject)
	at java.util.concurrent.locks.LockSupport.park(LockSupport.java:175)
	at java.util.concurrent.locks.AbstractQueuedSynchronizer$ConditionObject.await(AbstractQueuedSynchronizer.java:2039)
	at java.util.concurrent.LinkedBlockingQueue.take(LinkedBlockingQueue.java:442)
	at org.apache.tomcat.util.threads.TaskQueue.take(TaskQueue.java:107)
	at org.apache.tomcat.util.threads.TaskQueue.take(TaskQueue.java:33)
	at java.util.concurrent.ThreadPoolExecutor.getTask(ThreadPoolExecutor.java:1074)
	at java.util.concurrent.ThreadPoolExecutor.runWorker(ThreadPoolExecutor.java:1134)
	at java.util.concurrent.ThreadPoolExecutor$Worker.run(ThreadPoolExecutor.java:624)
	at org.apache.tomcat.util.threads.TaskThread$WrappingRunnable.run(TaskThread.java:61)
	at java.lang.Thread.run(Thread.java:748)

   Locked ownable synchronizers:
	- None

"http-nio-8090-exec-72" #384 daemon prio=5 os_prio=0 tid=0x00007f5f629bb000 nid=0x1cb waiting on condition [0x00007f5b326e5000]
   java.lang.Thread.State: WAITING (parking)
	at sun.misc.Unsafe.park(Native Method)
	- parking to wait for  <0x0000000702c20308> (a java.util.concurrent.locks.AbstractQueuedSynchronizer$ConditionObject)
	at java.util.concurrent.locks.LockSupport.park(LockSupport.java:175)
	at java.util.concurrent.locks.AbstractQueuedSynchronizer$ConditionObject.await(AbstractQueuedSynchronizer.java:2039)
	at java.util.concurrent.LinkedBlockingQueue.take(LinkedBlockingQueue.java:442)
	at org.apache.tomcat.util.threads.TaskQueue.take(TaskQueue.java:107)
	at org.apache.tomcat.util.threads.TaskQueue.take(TaskQueue.java:33)
	at java.util.concurrent.ThreadPoolExecutor.getTask(ThreadPoolExecutor.java:1074)
	at java.util.concurrent.ThreadPoolExecutor.runWorker(ThreadPoolExecutor.java:1134)
	at java.util.concurrent.ThreadPoolExecutor$Worker.run(ThreadPoolExecutor.java:624)
	at org.apache.tomcat.util.threads.TaskThread$WrappingRunnable.run(TaskThread.java:61)
	at java.lang.Thread.run(Thread.java:748)

   Locked ownable synchronizers:
	- None

"http-nio-8090-exec-71" #383 daemon prio=5 os_prio=0 tid=0x00007f5f629b9800 nid=0x1ca waiting on condition [0x00007f5b327e6000]
   java.lang.Thread.State: WAITING (parking)
	at sun.misc.Unsafe.park(Native Method)
	- parking to wait for  <0x0000000702c20308> (a java.util.concurrent.locks.AbstractQueuedSynchronizer$ConditionObject)
	at java.util.concurrent.locks.LockSupport.park(LockSupport.java:175)
	at java.util.concurrent.locks.AbstractQueuedSynchronizer$ConditionObject.await(AbstractQueuedSynchronizer.java:2039)
	at java.util.concurrent.LinkedBlockingQueue.take(LinkedBlockingQueue.java:442)
	at org.apache.tomcat.util.threads.TaskQueue.take(TaskQueue.java:107)
	at org.apache.tomcat.util.threads.TaskQueue.take(TaskQueue.java:33)
	at java.util.concurrent.ThreadPoolExecutor.getTask(ThreadPoolExecutor.java:1074)
	at java.util.concurrent.ThreadPoolExecutor.runWorker(ThreadPoolExecutor.java:1134)
	at java.util.concurrent.ThreadPoolExecutor$Worker.run(ThreadPoolExecutor.java:624)
	at org.apache.tomcat.util.threads.TaskThread$WrappingRunnable.run(TaskThread.java:61)
	at java.lang.Thread.run(Thread.java:748)

   Locked ownable synchronizers:
	- None

"http-nio-8090-exec-70" #382 daemon prio=5 os_prio=0 tid=0x00007f5f61910800 nid=0x1c9 waiting on condition [0x00007f5b328e7000]
   java.lang.Thread.State: WAITING (parking)
	at sun.misc.Unsafe.park(Native Method)
	- parking to wait for  <0x0000000702c20308> (a java.util.concurrent.locks.AbstractQueuedSynchronizer$ConditionObject)
	at java.util.concurrent.locks.LockSupport.park(LockSupport.java:175)
	at java.util.concurrent.locks.AbstractQueuedSynchronizer$ConditionObject.await(AbstractQueuedSynchronizer.java:2039)
	at java.util.concurrent.LinkedBlockingQueue.take(LinkedBlockingQueue.java:442)
	at org.apache.tomcat.util.threads.TaskQueue.take(TaskQueue.java:107)
	at org.apache.tomcat.util.threads.TaskQueue.take(TaskQueue.java:33)
	at java.util.concurrent.ThreadPoolExecutor.getTask(ThreadPoolExecutor.java:1074)
	at java.util.concurrent.ThreadPoolExecutor.runWorker(ThreadPoolExecutor.java:1134)
	at java.util.concurrent.ThreadPoolExecutor$Worker.run(ThreadPoolExecutor.java:624)
	at org.apache.tomcat.util.threads.TaskThread$WrappingRunnable.run(TaskThread.java:61)
	at java.lang.Thread.run(Thread.java:748)

   Locked ownable synchronizers:
	- None

"http-nio-8090-exec-69" #381 daemon prio=5 os_prio=0 tid=0x00007f5f62d43800 nid=0x1c8 waiting on condition [0x00007f5b329e8000]
   java.lang.Thread.State: WAITING (parking)
	at sun.misc.Unsafe.park(Native Method)
	- parking to wait for  <0x0000000702c20308> (a java.util.concurrent.locks.AbstractQueuedSynchronizer$ConditionObject)
	at java.util.concurrent.locks.LockSupport.park(LockSupport.java:175)
	at java.util.concurrent.locks.AbstractQueuedSynchronizer$ConditionObject.await(AbstractQueuedSynchronizer.java:2039)
	at java.util.concurrent.LinkedBlockingQueue.take(LinkedBlockingQueue.java:442)
	at org.apache.tomcat.util.threads.TaskQueue.take(TaskQueue.java:107)
	at org.apache.tomcat.util.threads.TaskQueue.take(TaskQueue.java:33)
	at java.util.concurrent.ThreadPoolExecutor.getTask(ThreadPoolExecutor.java:1074)
	at java.util.concurrent.ThreadPoolExecutor.runWorker(ThreadPoolExecutor.java:1134)
	at java.util.concurrent.ThreadPoolExecutor$Worker.run(ThreadPoolExecutor.java:624)
	at org.apache.tomcat.util.threads.TaskThread$WrappingRunnable.run(TaskThread.java:61)
	at java.lang.Thread.run(Thread.java:748)

   Locked ownable synchronizers:
	- None

"http-nio-8090-exec-68" #380 daemon prio=5 os_prio=0 tid=0x00007f5f62d41800 nid=0x1c7 waiting on condition [0x00007f5b32ae9000]
   java.lang.Thread.State: WAITING (parking)
	at sun.misc.Unsafe.park(Native Method)
	- parking to wait for  <0x0000000702c20308> (a java.util.concurrent.locks.AbstractQueuedSynchronizer$ConditionObject)
	at java.util.concurrent.locks.LockSupport.park(LockSupport.java:175)
	at java.util.concurrent.locks.AbstractQueuedSynchronizer$ConditionObject.await(AbstractQueuedSynchronizer.java:2039)
	at java.util.concurrent.LinkedBlockingQueue.take(LinkedBlockingQueue.java:442)
	at org.apache.tomcat.util.threads.TaskQueue.take(TaskQueue.java:107)
	at org.apache.tomcat.util.threads.TaskQueue.take(TaskQueue.java:33)
	at java.util.concurrent.ThreadPoolExecutor.getTask(ThreadPoolExecutor.java:1074)
	at java.util.concurrent.ThreadPoolExecutor.runWorker(ThreadPoolExecutor.java:1134)
	at java.util.concurrent.ThreadPoolExecutor$Worker.run(ThreadPoolExecutor.java:624)
	at org.apache.tomcat.util.threads.TaskThread$WrappingRunnable.run(TaskThread.java:61)
	at java.lang.Thread.run(Thread.java:748)

   Locked ownable synchronizers:
	- None

"http-nio-8090-exec-67" #379 daemon prio=5 os_prio=0 tid=0x00007f5f639f4000 nid=0x1c6 waiting on condition [0x00007f5b32bea000]
   java.lang.Thread.State: WAITING (parking)
	at sun.misc.Unsafe.park(Native Method)
	- parking to wait for  <0x0000000702c20308> (a java.util.concurrent.locks.AbstractQueuedSynchronizer$ConditionObject)
	at java.util.concurrent.locks.LockSupport.park(LockSupport.java:175)
	at java.util.concurrent.locks.AbstractQueuedSynchronizer$ConditionObject.await(AbstractQueuedSynchronizer.java:2039)
	at java.util.concurrent.LinkedBlockingQueue.take(LinkedBlockingQueue.java:442)
	at org.apache.tomcat.util.threads.TaskQueue.take(TaskQueue.java:107)
	at org.apache.tomcat.util.threads.TaskQueue.take(TaskQueue.java:33)
	at java.util.concurrent.ThreadPoolExecutor.getTask(ThreadPoolExecutor.java:1074)
	at java.util.concurrent.ThreadPoolExecutor.runWorker(ThreadPoolExecutor.java:1134)
	at java.util.concurrent.ThreadPoolExecutor$Worker.run(ThreadPoolExecutor.java:624)
	at org.apache.tomcat.util.threads.TaskThread$WrappingRunnable.run(TaskThread.java:61)
	at java.lang.Thread.run(Thread.java:748)

   Locked ownable synchronizers:
	- None

"http-nio-8090-exec-66" #378 daemon prio=5 os_prio=0 tid=0x00007f5f639f2000 nid=0x1c5 waiting on condition [0x00007f5b32ceb000]
   java.lang.Thread.State: WAITING (parking)
	at sun.misc.Unsafe.park(Native Method)
	- parking to wait for  <0x0000000702c20308> (a java.util.concurrent.locks.AbstractQueuedSynchronizer$ConditionObject)
	at java.util.concurrent.locks.LockSupport.park(LockSupport.java:175)
	at java.util.concurrent.locks.AbstractQueuedSynchronizer$ConditionObject.await(AbstractQueuedSynchronizer.java:2039)
	at java.util.concurrent.LinkedBlockingQueue.take(LinkedBlockingQueue.java:442)
	at org.apache.tomcat.util.threads.TaskQueue.take(TaskQueue.java:107)
	at org.apache.tomcat.util.threads.TaskQueue.take(TaskQueue.java:33)
	at java.util.concurrent.ThreadPoolExecutor.getTask(ThreadPoolExecutor.java:1074)
	at java.util.concurrent.ThreadPoolExecutor.runWorker(ThreadPoolExecutor.java:1134)
	at java.util.concurrent.ThreadPoolExecutor$Worker.run(ThreadPoolExecutor.java:624)
	at org.apache.tomcat.util.threads.TaskThread$WrappingRunnable.run(TaskThread.java:61)
	at java.lang.Thread.run(Thread.java:748)

   Locked ownable synchronizers:
	- None

"http-nio-8090-exec-65" #377 daemon prio=5 os_prio=0 tid=0x00007f5f62bd2800 nid=0x1c4 waiting on condition [0x00007f5b32dec000]
   java.lang.Thread.State: WAITING (parking)
	at sun.misc.Unsafe.park(Native Method)
	- parking to wait for  <0x0000000702c20308> (a java.util.concurrent.locks.AbstractQueuedSynchronizer$ConditionObject)
	at java.util.concurrent.locks.LockSupport.park(LockSupport.java:175)
	at java.util.concurrent.locks.AbstractQueuedSynchronizer$ConditionObject.await(AbstractQueuedSynchronizer.java:2039)
	at java.util.concurrent.LinkedBlockingQueue.take(LinkedBlockingQueue.java:442)
	at org.apache.tomcat.util.threads.TaskQueue.take(TaskQueue.java:107)
	at org.apache.tomcat.util.threads.TaskQueue.take(TaskQueue.java:33)
	at java.util.concurrent.ThreadPoolExecutor.getTask(ThreadPoolExecutor.java:1074)
	at java.util.concurrent.ThreadPoolExecutor.runWorker(ThreadPoolExecutor.java:1134)
	at java.util.concurrent.ThreadPoolExecutor$Worker.run(ThreadPoolExecutor.java:624)
	at org.apache.tomcat.util.threads.TaskThread$WrappingRunnable.run(TaskThread.java:61)
	at java.lang.Thread.run(Thread.java:748)

   Locked ownable synchronizers:
	- None

"http-nio-8090-exec-64" #376 daemon prio=5 os_prio=0 tid=0x00007f5f62bd1000 nid=0x1c3 waiting on condition [0x00007f5b32eed000]
   java.lang.Thread.State: WAITING (parking)
	at sun.misc.Unsafe.park(Native Method)
	- parking to wait for  <0x0000000702c20308> (a java.util.concurrent.locks.AbstractQueuedSynchronizer$ConditionObject)
	at java.util.concurrent.locks.LockSupport.park(LockSupport.java:175)
	at java.util.concurrent.locks.AbstractQueuedSynchronizer$ConditionObject.await(AbstractQueuedSynchronizer.java:2039)
	at java.util.concurrent.LinkedBlockingQueue.take(LinkedBlockingQueue.java:442)
	at org.apache.tomcat.util.threads.TaskQueue.take(TaskQueue.java:107)
	at org.apache.tomcat.util.threads.TaskQueue.take(TaskQueue.java:33)
	at java.util.concurrent.ThreadPoolExecutor.getTask(ThreadPoolExecutor.java:1074)
	at java.util.concurrent.ThreadPoolExecutor.runWorker(ThreadPoolExecutor.java:1134)
	at java.util.concurrent.ThreadPoolExecutor$Worker.run(ThreadPoolExecutor.java:624)
	at org.apache.tomcat.util.threads.TaskThread$WrappingRunnable.run(TaskThread.java:61)
	at java.lang.Thread.run(Thread.java:748)

   Locked ownable synchronizers:
	- None

"http-nio-8090-exec-63" #375 daemon prio=5 os_prio=0 tid=0x00007f5f627b2800 nid=0x1c2 waiting on condition [0x00007f5b32fee000]
   java.lang.Thread.State: WAITING (parking)
	at sun.misc.Unsafe.park(Native Method)
	- parking to wait for  <0x0000000702c20308> (a java.util.concurrent.locks.AbstractQueuedSynchronizer$ConditionObject)
	at java.util.concurrent.locks.LockSupport.park(LockSupport.java:175)
	at java.util.concurrent.locks.AbstractQueuedSynchronizer$ConditionObject.await(AbstractQueuedSynchronizer.java:2039)
	at java.util.concurrent.LinkedBlockingQueue.take(LinkedBlockingQueue.java:442)
	at org.apache.tomcat.util.threads.TaskQueue.take(TaskQueue.java:107)
	at org.apache.tomcat.util.threads.TaskQueue.take(TaskQueue.java:33)
	at java.util.concurrent.ThreadPoolExecutor.getTask(ThreadPoolExecutor.java:1074)
	at java.util.concurrent.ThreadPoolExecutor.runWorker(ThreadPoolExecutor.java:1134)
	at java.util.concurrent.ThreadPoolExecutor$Worker.run(ThreadPoolExecutor.java:624)
	at org.apache.tomcat.util.threads.TaskThread$WrappingRunnable.run(TaskThread.java:61)
	at java.lang.Thread.run(Thread.java:748)

   Locked ownable synchronizers:
	- None

"http-nio-8090-exec-62" #374 daemon prio=5 os_prio=0 tid=0x00007f5f627b1000 nid=0x1c1 waiting on condition [0x00007f5b330ef000]
   java.lang.Thread.State: WAITING (parking)
	at sun.misc.Unsafe.park(Native Method)
	- parking to wait for  <0x0000000702c20308> (a java.util.concurrent.locks.AbstractQueuedSynchronizer$ConditionObject)
	at java.util.concurrent.locks.LockSupport.park(LockSupport.java:175)
	at java.util.concurrent.locks.AbstractQueuedSynchronizer$ConditionObject.await(AbstractQueuedSynchronizer.java:2039)
	at java.util.concurrent.LinkedBlockingQueue.take(LinkedBlockingQueue.java:442)
	at org.apache.tomcat.util.threads.TaskQueue.take(TaskQueue.java:107)
	at org.apache.tomcat.util.threads.TaskQueue.take(TaskQueue.java:33)
	at java.util.concurrent.ThreadPoolExecutor.getTask(ThreadPoolExecutor.java:1074)
	at java.util.concurrent.ThreadPoolExecutor.runWorker(ThreadPoolExecutor.java:1134)
	at java.util.concurrent.ThreadPoolExecutor$Worker.run(ThreadPoolExecutor.java:624)
	at org.apache.tomcat.util.threads.TaskThread$WrappingRunnable.run(TaskThread.java:61)
	at java.lang.Thread.run(Thread.java:748)

   Locked ownable synchronizers:
	- None

"http-nio-8090-exec-61" #373 daemon prio=5 os_prio=0 tid=0x00007f5f63a79000 nid=0x1c0 waiting on condition [0x00007f5b331f0000]
   java.lang.Thread.State: WAITING (parking)
	at sun.misc.Unsafe.park(Native Method)
	- parking to wait for  <0x0000000702c20308> (a java.util.concurrent.locks.AbstractQueuedSynchronizer$ConditionObject)
	at java.util.concurrent.locks.LockSupport.park(LockSupport.java:175)
	at java.util.concurrent.locks.AbstractQueuedSynchronizer$ConditionObject.await(AbstractQueuedSynchronizer.java:2039)
	at java.util.concurrent.LinkedBlockingQueue.take(LinkedBlockingQueue.java:442)
	at org.apache.tomcat.util.threads.TaskQueue.take(TaskQueue.java:107)
	at org.apache.tomcat.util.threads.TaskQueue.take(TaskQueue.java:33)
	at java.util.concurrent.ThreadPoolExecutor.getTask(ThreadPoolExecutor.java:1074)
	at java.util.concurrent.ThreadPoolExecutor.runWorker(ThreadPoolExecutor.java:1134)
	at java.util.concurrent.ThreadPoolExecutor$Worker.run(ThreadPoolExecutor.java:624)
	at org.apache.tomcat.util.threads.TaskThread$WrappingRunnable.run(TaskThread.java:61)
	at java.lang.Thread.run(Thread.java:748)

   Locked ownable synchronizers:
	- None

"http-nio-8090-exec-60" #372 daemon prio=5 os_prio=0 tid=0x00007f5f63a77800 nid=0x1bf waiting on condition [0x00007f5b332f1000]
   java.lang.Thread.State: WAITING (parking)
	at sun.misc.Unsafe.park(Native Method)
	- parking to wait for  <0x0000000702c20308> (a java.util.concurrent.locks.AbstractQueuedSynchronizer$ConditionObject)
	at java.util.concurrent.locks.LockSupport.park(LockSupport.java:175)
	at java.util.concurrent.locks.AbstractQueuedSynchronizer$ConditionObject.await(AbstractQueuedSynchronizer.java:2039)
	at java.util.concurrent.LinkedBlockingQueue.take(LinkedBlockingQueue.java:442)
	at org.apache.tomcat.util.threads.TaskQueue.take(TaskQueue.java:107)
	at org.apache.tomcat.util.threads.TaskQueue.take(TaskQueue.java:33)
	at java.util.concurrent.ThreadPoolExecutor.getTask(ThreadPoolExecutor.java:1074)
	at java.util.concurrent.ThreadPoolExecutor.runWorker(ThreadPoolExecutor.java:1134)
	at java.util.concurrent.ThreadPoolExecutor$Worker.run(ThreadPoolExecutor.java:624)
	at org.apache.tomcat.util.threads.TaskThread$WrappingRunnable.run(TaskThread.java:61)
	at java.lang.Thread.run(Thread.java:748)

   Locked ownable synchronizers:
	- None

"http-nio-8090-exec-59" #371 daemon prio=5 os_prio=0 tid=0x00007f5f63ab9000 nid=0x1be waiting on condition [0x00007f5b333f2000]
   java.lang.Thread.State: WAITING (parking)
	at sun.misc.Unsafe.park(Native Method)
	- parking to wait for  <0x0000000702c20308> (a java.util.concurrent.locks.AbstractQueuedSynchronizer$ConditionObject)
	at java.util.concurrent.locks.LockSupport.park(LockSupport.java:175)
	at java.util.concurrent.locks.AbstractQueuedSynchronizer$ConditionObject.await(AbstractQueuedSynchronizer.java:2039)
	at java.util.concurrent.LinkedBlockingQueue.take(LinkedBlockingQueue.java:442)
	at org.apache.tomcat.util.threads.TaskQueue.take(TaskQueue.java:107)
	at org.apache.tomcat.util.threads.TaskQueue.take(TaskQueue.java:33)
	at java.util.concurrent.ThreadPoolExecutor.getTask(ThreadPoolExecutor.java:1074)
	at java.util.concurrent.ThreadPoolExecutor.runWorker(ThreadPoolExecutor.java:1134)
	at java.util.concurrent.ThreadPoolExecutor$Worker.run(ThreadPoolExecutor.java:624)
	at org.apache.tomcat.util.threads.TaskThread$WrappingRunnable.run(TaskThread.java:61)
	at java.lang.Thread.run(Thread.java:748)

   Locked ownable synchronizers:
	- None

"http-nio-8090-exec-58" #370 daemon prio=5 os_prio=0 tid=0x00007f5f63b00000 nid=0x1bd waiting on condition [0x00007f5b334f3000]
   java.lang.Thread.State: WAITING (parking)
	at sun.misc.Unsafe.park(Native Method)
	- parking to wait for  <0x0000000702c20308> (a java.util.concurrent.locks.AbstractQueuedSynchronizer$ConditionObject)
	at java.util.concurrent.locks.LockSupport.park(LockSupport.java:175)
	at java.util.concurrent.locks.AbstractQueuedSynchronizer$ConditionObject.await(AbstractQueuedSynchronizer.java:2039)
	at java.util.concurrent.LinkedBlockingQueue.take(LinkedBlockingQueue.java:442)
	at org.apache.tomcat.util.threads.TaskQueue.take(TaskQueue.java:107)
	at org.apache.tomcat.util.threads.TaskQueue.take(TaskQueue.java:33)
	at java.util.concurrent.ThreadPoolExecutor.getTask(ThreadPoolExecutor.java:1074)
	at java.util.concurrent.ThreadPoolExecutor.runWorker(ThreadPoolExecutor.java:1134)
	at java.util.concurrent.ThreadPoolExecutor$Worker.run(ThreadPoolExecutor.java:624)
	at org.apache.tomcat.util.threads.TaskThread$WrappingRunnable.run(TaskThread.java:61)
	at java.lang.Thread.run(Thread.java:748)

   Locked ownable synchronizers:
	- None

"http-nio-8090-exec-57" #369 daemon prio=5 os_prio=0 tid=0x00007f5f63afe000 nid=0x1bc waiting on condition [0x00007f5b335f4000]
   java.lang.Thread.State: WAITING (parking)
	at sun.misc.Unsafe.park(Native Method)
	- parking to wait for  <0x0000000702c20308> (a java.util.concurrent.locks.AbstractQueuedSynchronizer$ConditionObject)
	at java.util.concurrent.locks.LockSupport.park(LockSupport.java:175)
	at java.util.concurrent.locks.AbstractQueuedSynchronizer$ConditionObject.await(AbstractQueuedSynchronizer.java:2039)
	at java.util.concurrent.LinkedBlockingQueue.take(LinkedBlockingQueue.java:442)
	at org.apache.tomcat.util.threads.TaskQueue.take(TaskQueue.java:107)
	at org.apache.tomcat.util.threads.TaskQueue.take(TaskQueue.java:33)
	at java.util.concurrent.ThreadPoolExecutor.getTask(ThreadPoolExecutor.java:1074)
	at java.util.concurrent.ThreadPoolExecutor.runWorker(ThreadPoolExecutor.java:1134)
	at java.util.concurrent.ThreadPoolExecutor$Worker.run(ThreadPoolExecutor.java:624)
	at org.apache.tomcat.util.threads.TaskThread$WrappingRunnable.run(TaskThread.java:61)
	at java.lang.Thread.run(Thread.java:748)

   Locked ownable synchronizers:
	- None

"http-nio-8090-exec-56" #368 daemon prio=5 os_prio=0 tid=0x00007f5f63b47000 nid=0x1bb waiting on condition [0x00007f5b336f5000]
   java.lang.Thread.State: WAITING (parking)
	at sun.misc.Unsafe.park(Native Method)
	- parking to wait for  <0x0000000702c20308> (a java.util.concurrent.locks.AbstractQueuedSynchronizer$ConditionObject)
	at java.util.concurrent.locks.LockSupport.park(LockSupport.java:175)
	at java.util.concurrent.locks.AbstractQueuedSynchronizer$ConditionObject.await(AbstractQueuedSynchronizer.java:2039)
	at java.util.concurrent.LinkedBlockingQueue.take(LinkedBlockingQueue.java:442)
	at org.apache.tomcat.util.threads.TaskQueue.take(TaskQueue.java:107)
	at org.apache.tomcat.util.threads.TaskQueue.take(TaskQueue.java:33)
	at java.util.concurrent.ThreadPoolExecutor.getTask(ThreadPoolExecutor.java:1074)
	at java.util.concurrent.ThreadPoolExecutor.runWorker(ThreadPoolExecutor.java:1134)
	at java.util.concurrent.ThreadPoolExecutor$Worker.run(ThreadPoolExecutor.java:624)
	at org.apache.tomcat.util.threads.TaskThread$WrappingRunnable.run(TaskThread.java:61)
	at java.lang.Thread.run(Thread.java:748)

   Locked ownable synchronizers:
	- None

"http-nio-8090-exec-55" #367 daemon prio=5 os_prio=0 tid=0x00007f5f63b45000 nid=0x1ba waiting on condition [0x00007f5b337f6000]
   java.lang.Thread.State: WAITING (parking)
	at sun.misc.Unsafe.park(Native Method)
	- parking to wait for  <0x0000000702c20308> (a java.util.concurrent.locks.AbstractQueuedSynchronizer$ConditionObject)
	at java.util.concurrent.locks.LockSupport.park(LockSupport.java:175)
	at java.util.concurrent.locks.AbstractQueuedSynchronizer$ConditionObject.await(AbstractQueuedSynchronizer.java:2039)
	at java.util.concurrent.LinkedBlockingQueue.take(LinkedBlockingQueue.java:442)
	at org.apache.tomcat.util.threads.TaskQueue.take(TaskQueue.java:107)
	at org.apache.tomcat.util.threads.TaskQueue.take(TaskQueue.java:33)
	at java.util.concurrent.ThreadPoolExecutor.getTask(ThreadPoolExecutor.java:1074)
	at java.util.concurrent.ThreadPoolExecutor.runWorker(ThreadPoolExecutor.java:1134)
	at java.util.concurrent.ThreadPoolExecutor$Worker.run(ThreadPoolExecutor.java:624)
	at org.apache.tomcat.util.threads.TaskThread$WrappingRunnable.run(TaskThread.java:61)
	at java.lang.Thread.run(Thread.java:748)

   Locked ownable synchronizers:
	- None

"http-nio-8090-exec-54" #366 daemon prio=5 os_prio=0 tid=0x00007f5f637eb800 nid=0x1b9 waiting on condition [0x00007f5b338f7000]
   java.lang.Thread.State: WAITING (parking)
	at sun.misc.Unsafe.park(Native Method)
	- parking to wait for  <0x0000000702c20308> (a java.util.concurrent.locks.AbstractQueuedSynchronizer$ConditionObject)
	at java.util.concurrent.locks.LockSupport.park(LockSupport.java:175)
	at java.util.concurrent.locks.AbstractQueuedSynchronizer$ConditionObject.await(AbstractQueuedSynchronizer.java:2039)
	at java.util.concurrent.LinkedBlockingQueue.take(LinkedBlockingQueue.java:442)
	at org.apache.tomcat.util.threads.TaskQueue.take(TaskQueue.java:107)
	at org.apache.tomcat.util.threads.TaskQueue.take(TaskQueue.java:33)
	at java.util.concurrent.ThreadPoolExecutor.getTask(ThreadPoolExecutor.java:1074)
	at java.util.concurrent.ThreadPoolExecutor.runWorker(ThreadPoolExecutor.java:1134)
	at java.util.concurrent.ThreadPoolExecutor$Worker.run(ThreadPoolExecutor.java:624)
	at org.apache.tomcat.util.threads.TaskThread$WrappingRunnable.run(TaskThread.java:61)
	at java.lang.Thread.run(Thread.java:748)

   Locked ownable synchronizers:
	- None

"http-nio-8090-exec-53" #365 daemon prio=5 os_prio=0 tid=0x00007f5f637e9800 nid=0x1b8 waiting on condition [0x00007f5b339f8000]
   java.lang.Thread.State: WAITING (parking)
	at sun.misc.Unsafe.park(Native Method)
	- parking to wait for  <0x0000000702c20308> (a java.util.concurrent.locks.AbstractQueuedSynchronizer$ConditionObject)
	at java.util.concurrent.locks.LockSupport.park(LockSupport.java:175)
	at java.util.concurrent.locks.AbstractQueuedSynchronizer$ConditionObject.await(AbstractQueuedSynchronizer.java:2039)
	at java.util.concurrent.LinkedBlockingQueue.take(LinkedBlockingQueue.java:442)
	at org.apache.tomcat.util.threads.TaskQueue.take(TaskQueue.java:107)
	at org.apache.tomcat.util.threads.TaskQueue.take(TaskQueue.java:33)
	at java.util.concurrent.ThreadPoolExecutor.getTask(ThreadPoolExecutor.java:1074)
	at java.util.concurrent.ThreadPoolExecutor.runWorker(ThreadPoolExecutor.java:1134)
	at java.util.concurrent.ThreadPoolExecutor$Worker.run(ThreadPoolExecutor.java:624)
	at org.apache.tomcat.util.threads.TaskThread$WrappingRunnable.run(TaskThread.java:61)
	at java.lang.Thread.run(Thread.java:748)

   Locked ownable synchronizers:
	- None

"http-nio-8090-exec-52" #364 daemon prio=5 os_prio=0 tid=0x00007f5f62f08000 nid=0x1b7 waiting on condition [0x00007f5b33af9000]
   java.lang.Thread.State: WAITING (parking)
	at sun.misc.Unsafe.park(Native Method)
	- parking to wait for  <0x0000000702c20308> (a java.util.concurrent.locks.AbstractQueuedSynchronizer$ConditionObject)
	at java.util.concurrent.locks.LockSupport.park(LockSupport.java:175)
	at java.util.concurrent.locks.AbstractQueuedSynchronizer$ConditionObject.await(AbstractQueuedSynchronizer.java:2039)
	at java.util.concurrent.LinkedBlockingQueue.take(LinkedBlockingQueue.java:442)
	at org.apache.tomcat.util.threads.TaskQueue.take(TaskQueue.java:107)
	at org.apache.tomcat.util.threads.TaskQueue.take(TaskQueue.java:33)
	at java.util.concurrent.ThreadPoolExecutor.getTask(ThreadPoolExecutor.java:1074)
	at java.util.concurrent.ThreadPoolExecutor.runWorker(ThreadPoolExecutor.java:1134)
	at java.util.concurrent.ThreadPoolExecutor$Worker.run(ThreadPoolExecutor.java:624)
	at org.apache.tomcat.util.threads.TaskThread$WrappingRunnable.run(TaskThread.java:61)
	at java.lang.Thread.run(Thread.java:748)

   Locked ownable synchronizers:
	- None

"http-nio-8090-exec-51" #363 daemon prio=5 os_prio=0 tid=0x00007f5f62f06800 nid=0x1b6 waiting on condition [0x00007f5b33bfa000]
   java.lang.Thread.State: WAITING (parking)
	at sun.misc.Unsafe.park(Native Method)
	- parking to wait for  <0x0000000702c20308> (a java.util.concurrent.locks.AbstractQueuedSynchronizer$ConditionObject)
	at java.util.concurrent.locks.LockSupport.park(LockSupport.java:175)
	at java.util.concurrent.locks.AbstractQueuedSynchronizer$ConditionObject.await(AbstractQueuedSynchronizer.java:2039)
	at java.util.concurrent.LinkedBlockingQueue.take(LinkedBlockingQueue.java:442)
	at org.apache.tomcat.util.threads.TaskQueue.take(TaskQueue.java:107)
	at org.apache.tomcat.util.threads.TaskQueue.take(TaskQueue.java:33)
	at java.util.concurrent.ThreadPoolExecutor.getTask(ThreadPoolExecutor.java:1074)
	at java.util.concurrent.ThreadPoolExecutor.runWorker(ThreadPoolExecutor.java:1134)
	at java.util.concurrent.ThreadPoolExecutor$Worker.run(ThreadPoolExecutor.java:624)
	at org.apache.tomcat.util.threads.TaskThread$WrappingRunnable.run(TaskThread.java:61)
	at java.lang.Thread.run(Thread.java:748)

   Locked ownable synchronizers:
	- None

"http-nio-8090-exec-50" #362 daemon prio=5 os_prio=0 tid=0x00007f5f6260d800 nid=0x1b5 waiting on condition [0x00007f5b33cfb000]
   java.lang.Thread.State: WAITING (parking)
	at sun.misc.Unsafe.park(Native Method)
	- parking to wait for  <0x0000000702c20308> (a java.util.concurrent.locks.AbstractQueuedSynchronizer$ConditionObject)
	at java.util.concurrent.locks.LockSupport.park(LockSupport.java:175)
	at java.util.concurrent.locks.AbstractQueuedSynchronizer$ConditionObject.await(AbstractQueuedSynchronizer.java:2039)
	at java.util.concurrent.LinkedBlockingQueue.take(LinkedBlockingQueue.java:442)
	at org.apache.tomcat.util.threads.TaskQueue.take(TaskQueue.java:107)
	at org.apache.tomcat.util.threads.TaskQueue.take(TaskQueue.java:33)
	at java.util.concurrent.ThreadPoolExecutor.getTask(ThreadPoolExecutor.java:1074)
	at java.util.concurrent.ThreadPoolExecutor.runWorker(ThreadPoolExecutor.java:1134)
	at java.util.concurrent.ThreadPoolExecutor$Worker.run(ThreadPoolExecutor.java:624)
	at org.apache.tomcat.util.threads.TaskThread$WrappingRunnable.run(TaskThread.java:61)
	at java.lang.Thread.run(Thread.java:748)

   Locked ownable synchronizers:
	- None

"http-nio-8090-exec-49" #361 daemon prio=5 os_prio=0 tid=0x00007f5f628a5800 nid=0x1b4 waiting on condition [0x00007f5b33dfc000]
   java.lang.Thread.State: WAITING (parking)
	at sun.misc.Unsafe.park(Native Method)
	- parking to wait for  <0x0000000702c20308> (a java.util.concurrent.locks.AbstractQueuedSynchronizer$ConditionObject)
	at java.util.concurrent.locks.LockSupport.park(LockSupport.java:175)
	at java.util.concurrent.locks.AbstractQueuedSynchronizer$ConditionObject.await(AbstractQueuedSynchronizer.java:2039)
	at java.util.concurrent.LinkedBlockingQueue.take(LinkedBlockingQueue.java:442)
	at org.apache.tomcat.util.threads.TaskQueue.take(TaskQueue.java:107)
	at org.apache.tomcat.util.threads.TaskQueue.take(TaskQueue.java:33)
	at java.util.concurrent.ThreadPoolExecutor.getTask(ThreadPoolExecutor.java:1074)
	at java.util.concurrent.ThreadPoolExecutor.runWorker(ThreadPoolExecutor.java:1134)
	at java.util.concurrent.ThreadPoolExecutor$Worker.run(ThreadPoolExecutor.java:624)
	at org.apache.tomcat.util.threads.TaskThread$WrappingRunnable.run(TaskThread.java:61)
	at java.lang.Thread.run(Thread.java:748)

   Locked ownable synchronizers:
	- None

"http-nio-8090-exec-48" #360 daemon prio=5 os_prio=0 tid=0x00007f5f628a3800 nid=0x1b3 waiting on condition [0x00007f5b33efd000]
   java.lang.Thread.State: WAITING (parking)
	at sun.misc.Unsafe.park(Native Method)
	- parking to wait for  <0x0000000702c20308> (a java.util.concurrent.locks.AbstractQueuedSynchronizer$ConditionObject)
	at java.util.concurrent.locks.LockSupport.park(LockSupport.java:175)
	at java.util.concurrent.locks.AbstractQueuedSynchronizer$ConditionObject.await(AbstractQueuedSynchronizer.java:2039)
	at java.util.concurrent.LinkedBlockingQueue.take(LinkedBlockingQueue.java:442)
	at org.apache.tomcat.util.threads.TaskQueue.take(TaskQueue.java:107)
	at org.apache.tomcat.util.threads.TaskQueue.take(TaskQueue.java:33)
	at java.util.concurrent.ThreadPoolExecutor.getTask(ThreadPoolExecutor.java:1074)
	at java.util.concurrent.ThreadPoolExecutor.runWorker(ThreadPoolExecutor.java:1134)
	at java.util.concurrent.ThreadPoolExecutor$Worker.run(ThreadPoolExecutor.java:624)
	at org.apache.tomcat.util.threads.TaskThread$WrappingRunnable.run(TaskThread.java:61)
	at java.lang.Thread.run(Thread.java:748)

   Locked ownable synchronizers:
	- None

"http-nio-8090-exec-47" #359 daemon prio=5 os_prio=0 tid=0x00007f5f62430000 nid=0x1b2 waiting on condition [0x00007f5b33ffe000]
   java.lang.Thread.State: WAITING (parking)
	at sun.misc.Unsafe.park(Native Method)
	- parking to wait for  <0x0000000702c20308> (a java.util.concurrent.locks.AbstractQueuedSynchronizer$ConditionObject)
	at java.util.concurrent.locks.LockSupport.park(LockSupport.java:175)
	at java.util.concurrent.locks.AbstractQueuedSynchronizer$ConditionObject.await(AbstractQueuedSynchronizer.java:2039)
	at java.util.concurrent.LinkedBlockingQueue.take(LinkedBlockingQueue.java:442)
	at org.apache.tomcat.util.threads.TaskQueue.take(TaskQueue.java:107)
	at org.apache.tomcat.util.threads.TaskQueue.take(TaskQueue.java:33)
	at java.util.concurrent.ThreadPoolExecutor.getTask(ThreadPoolExecutor.java:1074)
	at java.util.concurrent.ThreadPoolExecutor.runWorker(ThreadPoolExecutor.java:1134)
	at java.util.concurrent.ThreadPoolExecutor$Worker.run(ThreadPoolExecutor.java:624)
	at org.apache.tomcat.util.threads.TaskThread$WrappingRunnable.run(TaskThread.java:61)
	at java.lang.Thread.run(Thread.java:748)

   Locked ownable synchronizers:
	- None

"http-nio-8090-exec-46" #358 daemon prio=5 os_prio=0 tid=0x00007f5f6242e000 nid=0x1b1 waiting on condition [0x00007f5b401c2000]
   java.lang.Thread.State: WAITING (parking)
	at sun.misc.Unsafe.park(Native Method)
	- parking to wait for  <0x0000000702c20308> (a java.util.concurrent.locks.AbstractQueuedSynchronizer$ConditionObject)
	at java.util.concurrent.locks.LockSupport.park(LockSupport.java:175)
	at java.util.concurrent.locks.AbstractQueuedSynchronizer$ConditionObject.await(AbstractQueuedSynchronizer.java:2039)
	at java.util.concurrent.LinkedBlockingQueue.take(LinkedBlockingQueue.java:442)
	at org.apache.tomcat.util.threads.TaskQueue.take(TaskQueue.java:107)
	at org.apache.tomcat.util.threads.TaskQueue.take(TaskQueue.java:33)
	at java.util.concurrent.ThreadPoolExecutor.getTask(ThreadPoolExecutor.java:1074)
	at java.util.concurrent.ThreadPoolExecutor.runWorker(ThreadPoolExecutor.java:1134)
	at java.util.concurrent.ThreadPoolExecutor$Worker.run(ThreadPoolExecutor.java:624)
	at org.apache.tomcat.util.threads.TaskThread$WrappingRunnable.run(TaskThread.java:61)
	at java.lang.Thread.run(Thread.java:748)

   Locked ownable synchronizers:
	- None

"http-nio-8090-exec-45" #357 daemon prio=5 os_prio=0 tid=0x00007f5f62745800 nid=0x1b0 waiting on condition [0x00007f5b402c3000]
   java.lang.Thread.State: WAITING (parking)
	at sun.misc.Unsafe.park(Native Method)
	- parking to wait for  <0x0000000702c20308> (a java.util.concurrent.locks.AbstractQueuedSynchronizer$ConditionObject)
	at java.util.concurrent.locks.LockSupport.park(LockSupport.java:175)
	at java.util.concurrent.locks.AbstractQueuedSynchronizer$ConditionObject.await(AbstractQueuedSynchronizer.java:2039)
	at java.util.concurrent.LinkedBlockingQueue.take(LinkedBlockingQueue.java:442)
	at org.apache.tomcat.util.threads.TaskQueue.take(TaskQueue.java:107)
	at org.apache.tomcat.util.threads.TaskQueue.take(TaskQueue.java:33)
	at java.util.concurrent.ThreadPoolExecutor.getTask(ThreadPoolExecutor.java:1074)
	at java.util.concurrent.ThreadPoolExecutor.runWorker(ThreadPoolExecutor.java:1134)
	at java.util.concurrent.ThreadPoolExecutor$Worker.run(ThreadPoolExecutor.java:624)
	at org.apache.tomcat.util.threads.TaskThread$WrappingRunnable.run(TaskThread.java:61)
	at java.lang.Thread.run(Thread.java:748)

   Locked ownable synchronizers:
	- None

"http-nio-8090-exec-44" #356 daemon prio=5 os_prio=0 tid=0x00007f5f62744000 nid=0x1af waiting on condition [0x00007f5b403c4000]
   java.lang.Thread.State: WAITING (parking)
	at sun.misc.Unsafe.park(Native Method)
	- parking to wait for  <0x0000000702c20308> (a java.util.concurrent.locks.AbstractQueuedSynchronizer$ConditionObject)
	at java.util.concurrent.locks.LockSupport.park(LockSupport.java:175)
	at java.util.concurrent.locks.AbstractQueuedSynchronizer$ConditionObject.await(AbstractQueuedSynchronizer.java:2039)
	at java.util.concurrent.LinkedBlockingQueue.take(LinkedBlockingQueue.java:442)
	at org.apache.tomcat.util.threads.TaskQueue.take(TaskQueue.java:107)
	at org.apache.tomcat.util.threads.TaskQueue.take(TaskQueue.java:33)
	at java.util.concurrent.ThreadPoolExecutor.getTask(ThreadPoolExecutor.java:1074)
	at java.util.concurrent.ThreadPoolExecutor.runWorker(ThreadPoolExecutor.java:1134)
	at java.util.concurrent.ThreadPoolExecutor$Worker.run(ThreadPoolExecutor.java:624)
	at org.apache.tomcat.util.threads.TaskThread$WrappingRunnable.run(TaskThread.java:61)
	at java.lang.Thread.run(Thread.java:748)

   Locked ownable synchronizers:
	- None

"http-nio-8090-exec-43" #355 daemon prio=5 os_prio=0 tid=0x00007f5f62689000 nid=0x1ae waiting on condition [0x00007f5b404c5000]
   java.lang.Thread.State: WAITING (parking)
	at sun.misc.Unsafe.park(Native Method)
	- parking to wait for  <0x0000000702c20308> (a java.util.concurrent.locks.AbstractQueuedSynchronizer$ConditionObject)
	at java.util.concurrent.locks.LockSupport.park(LockSupport.java:175)
	at java.util.concurrent.locks.AbstractQueuedSynchronizer$ConditionObject.await(AbstractQueuedSynchronizer.java:2039)
	at java.util.concurrent.LinkedBlockingQueue.take(LinkedBlockingQueue.java:442)
	at org.apache.tomcat.util.threads.TaskQueue.take(TaskQueue.java:107)
	at org.apache.tomcat.util.threads.TaskQueue.take(TaskQueue.java:33)
	at java.util.concurrent.ThreadPoolExecutor.getTask(ThreadPoolExecutor.java:1074)
	at java.util.concurrent.ThreadPoolExecutor.runWorker(ThreadPoolExecutor.java:1134)
	at java.util.concurrent.ThreadPoolExecutor$Worker.run(ThreadPoolExecutor.java:624)
	at org.apache.tomcat.util.threads.TaskThread$WrappingRunnable.run(TaskThread.java:61)
	at java.lang.Thread.run(Thread.java:748)

   Locked ownable synchronizers:
	- None

"http-nio-8090-exec-42" #354 daemon prio=5 os_prio=0 tid=0x00007f5f629ea000 nid=0x1ad waiting on condition [0x00007f5b405c6000]
   java.lang.Thread.State: WAITING (parking)
	at sun.misc.Unsafe.park(Native Method)
	- parking to wait for  <0x0000000702c20308> (a java.util.concurrent.locks.AbstractQueuedSynchronizer$ConditionObject)
	at java.util.concurrent.locks.LockSupport.park(LockSupport.java:175)
	at java.util.concurrent.locks.AbstractQueuedSynchronizer$ConditionObject.await(AbstractQueuedSynchronizer.java:2039)
	at java.util.concurrent.LinkedBlockingQueue.take(LinkedBlockingQueue.java:442)
	at org.apache.tomcat.util.threads.TaskQueue.take(TaskQueue.java:107)
	at org.apache.tomcat.util.threads.TaskQueue.take(TaskQueue.java:33)
	at java.util.concurrent.ThreadPoolExecutor.getTask(ThreadPoolExecutor.java:1074)
	at java.util.concurrent.ThreadPoolExecutor.runWorker(ThreadPoolExecutor.java:1134)
	at java.util.concurrent.ThreadPoolExecutor$Worker.run(ThreadPoolExecutor.java:624)
	at org.apache.tomcat.util.threads.TaskThread$WrappingRunnable.run(TaskThread.java:61)
	at java.lang.Thread.run(Thread.java:748)

   Locked ownable synchronizers:
	- None

"http-nio-8090-exec-41" #353 daemon prio=5 os_prio=0 tid=0x00007f5f629e8000 nid=0x1ac waiting on condition [0x00007f5b406c7000]
   java.lang.Thread.State: WAITING (parking)
	at sun.misc.Unsafe.park(Native Method)
	- parking to wait for  <0x0000000702c20308> (a java.util.concurrent.locks.AbstractQueuedSynchronizer$ConditionObject)
	at java.util.concurrent.locks.LockSupport.park(LockSupport.java:175)
	at java.util.concurrent.locks.AbstractQueuedSynchronizer$ConditionObject.await(AbstractQueuedSynchronizer.java:2039)
	at java.util.concurrent.LinkedBlockingQueue.take(LinkedBlockingQueue.java:442)
	at org.apache.tomcat.util.threads.TaskQueue.take(TaskQueue.java:107)
	at org.apache.tomcat.util.threads.TaskQueue.take(TaskQueue.java:33)
	at java.util.concurrent.ThreadPoolExecutor.getTask(ThreadPoolExecutor.java:1074)
	at java.util.concurrent.ThreadPoolExecutor.runWorker(ThreadPoolExecutor.java:1134)
	at java.util.concurrent.ThreadPoolExecutor$Worker.run(ThreadPoolExecutor.java:624)
	at org.apache.tomcat.util.threads.TaskThread$WrappingRunnable.run(TaskThread.java:61)
	at java.lang.Thread.run(Thread.java:748)

   Locked ownable synchronizers:
	- None

"http-nio-8090-exec-40" #352 daemon prio=5 os_prio=0 tid=0x00007f5f625fb000 nid=0x1ab waiting on condition [0x00007f5b407c8000]
   java.lang.Thread.State: WAITING (parking)
	at sun.misc.Unsafe.park(Native Method)
	- parking to wait for  <0x0000000702c20308> (a java.util.concurrent.locks.AbstractQueuedSynchronizer$ConditionObject)
	at java.util.concurrent.locks.LockSupport.park(LockSupport.java:175)
	at java.util.concurrent.locks.AbstractQueuedSynchronizer$ConditionObject.await(AbstractQueuedSynchronizer.java:2039)
	at java.util.concurrent.LinkedBlockingQueue.take(LinkedBlockingQueue.java:442)
	at org.apache.tomcat.util.threads.TaskQueue.take(TaskQueue.java:107)
	at org.apache.tomcat.util.threads.TaskQueue.take(TaskQueue.java:33)
	at java.util.concurrent.ThreadPoolExecutor.getTask(ThreadPoolExecutor.java:1074)
	at java.util.concurrent.ThreadPoolExecutor.runWorker(ThreadPoolExecutor.java:1134)
	at java.util.concurrent.ThreadPoolExecutor$Worker.run(ThreadPoolExecutor.java:624)
	at org.apache.tomcat.util.threads.TaskThread$WrappingRunnable.run(TaskThread.java:61)
	at java.lang.Thread.run(Thread.java:748)

   Locked ownable synchronizers:
	- None

"http-nio-8090-exec-39" #351 daemon prio=5 os_prio=0 tid=0x00007f5f625f9000 nid=0x1aa waiting on condition [0x00007f5b408c9000]
   java.lang.Thread.State: WAITING (parking)
	at sun.misc.Unsafe.park(Native Method)
	- parking to wait for  <0x0000000702c20308> (a java.util.concurrent.locks.AbstractQueuedSynchronizer$ConditionObject)
	at java.util.concurrent.locks.LockSupport.park(LockSupport.java:175)
	at java.util.concurrent.locks.AbstractQueuedSynchronizer$ConditionObject.await(AbstractQueuedSynchronizer.java:2039)
	at java.util.concurrent.LinkedBlockingQueue.take(LinkedBlockingQueue.java:442)
	at org.apache.tomcat.util.threads.TaskQueue.take(TaskQueue.java:107)
	at org.apache.tomcat.util.threads.TaskQueue.take(TaskQueue.java:33)
	at java.util.concurrent.ThreadPoolExecutor.getTask(ThreadPoolExecutor.java:1074)
	at java.util.concurrent.ThreadPoolExecutor.runWorker(ThreadPoolExecutor.java:1134)
	at java.util.concurrent.ThreadPoolExecutor$Worker.run(ThreadPoolExecutor.java:624)
	at org.apache.tomcat.util.threads.TaskThread$WrappingRunnable.run(TaskThread.java:61)
	at java.lang.Thread.run(Thread.java:748)

   Locked ownable synchronizers:
	- None

"http-nio-8090-exec-38" #350 daemon prio=5 os_prio=0 tid=0x00007f5f6232c000 nid=0x1a9 waiting on condition [0x00007f5b409ca000]
   java.lang.Thread.State: WAITING (parking)
	at sun.misc.Unsafe.park(Native Method)
	- parking to wait for  <0x0000000702c20308> (a java.util.concurrent.locks.AbstractQueuedSynchronizer$ConditionObject)
	at java.util.concurrent.locks.LockSupport.park(LockSupport.java:175)
	at java.util.concurrent.locks.AbstractQueuedSynchronizer$ConditionObject.await(AbstractQueuedSynchronizer.java:2039)
	at java.util.concurrent.LinkedBlockingQueue.take(LinkedBlockingQueue.java:442)
	at org.apache.tomcat.util.threads.TaskQueue.take(TaskQueue.java:107)
	at org.apache.tomcat.util.threads.TaskQueue.take(TaskQueue.java:33)
	at java.util.concurrent.ThreadPoolExecutor.getTask(ThreadPoolExecutor.java:1074)
	at java.util.concurrent.ThreadPoolExecutor.runWorker(ThreadPoolExecutor.java:1134)
	at java.util.concurrent.ThreadPoolExecutor$Worker.run(ThreadPoolExecutor.java:624)
	at org.apache.tomcat.util.threads.TaskThread$WrappingRunnable.run(TaskThread.java:61)
	at java.lang.Thread.run(Thread.java:748)

   Locked ownable synchronizers:
	- None

"http-nio-8090-exec-37" #349 daemon prio=5 os_prio=0 tid=0x00007f5f6232a000 nid=0x1a8 waiting on condition [0x00007f5b40acb000]
   java.lang.Thread.State: WAITING (parking)
	at sun.misc.Unsafe.park(Native Method)
	- parking to wait for  <0x0000000702c20308> (a java.util.concurrent.locks.AbstractQueuedSynchronizer$ConditionObject)
	at java.util.concurrent.locks.LockSupport.park(LockSupport.java:175)
	at java.util.concurrent.locks.AbstractQueuedSynchronizer$ConditionObject.await(AbstractQueuedSynchronizer.java:2039)
	at java.util.concurrent.LinkedBlockingQueue.take(LinkedBlockingQueue.java:442)
	at org.apache.tomcat.util.threads.TaskQueue.take(TaskQueue.java:107)
	at org.apache.tomcat.util.threads.TaskQueue.take(TaskQueue.java:33)
	at java.util.concurrent.ThreadPoolExecutor.getTask(ThreadPoolExecutor.java:1074)
	at java.util.concurrent.ThreadPoolExecutor.runWorker(ThreadPoolExecutor.java:1134)
	at java.util.concurrent.ThreadPoolExecutor$Worker.run(ThreadPoolExecutor.java:624)
	at org.apache.tomcat.util.threads.TaskThread$WrappingRunnable.run(TaskThread.java:61)
	at java.lang.Thread.run(Thread.java:748)

   Locked ownable synchronizers:
	- None

"http-nio-8090-exec-36" #348 daemon prio=5 os_prio=0 tid=0x00007f5f61079000 nid=0x1a7 waiting on condition [0x00007f5b40bcc000]
   java.lang.Thread.State: WAITING (parking)
	at sun.misc.Unsafe.park(Native Method)
	- parking to wait for  <0x0000000702c20308> (a java.util.concurrent.locks.AbstractQueuedSynchronizer$ConditionObject)
	at java.util.concurrent.locks.LockSupport.park(LockSupport.java:175)
	at java.util.concurrent.locks.AbstractQueuedSynchronizer$ConditionObject.await(AbstractQueuedSynchronizer.java:2039)
	at java.util.concurrent.LinkedBlockingQueue.take(LinkedBlockingQueue.java:442)
	at org.apache.tomcat.util.threads.TaskQueue.take(TaskQueue.java:107)
	at org.apache.tomcat.util.threads.TaskQueue.take(TaskQueue.java:33)
	at java.util.concurrent.ThreadPoolExecutor.getTask(ThreadPoolExecutor.java:1074)
	at java.util.concurrent.ThreadPoolExecutor.runWorker(ThreadPoolExecutor.java:1134)
	at java.util.concurrent.ThreadPoolExecutor$Worker.run(ThreadPoolExecutor.java:624)
	at org.apache.tomcat.util.threads.TaskThread$WrappingRunnable.run(TaskThread.java:61)
	at java.lang.Thread.run(Thread.java:748)

   Locked ownable synchronizers:
	- None

"http-nio-8090-exec-35" #347 daemon prio=5 os_prio=0 tid=0x00007f5f61077800 nid=0x1a6 waiting on condition [0x00007f5b40ccd000]
   java.lang.Thread.State: WAITING (parking)
	at sun.misc.Unsafe.park(Native Method)
	- parking to wait for  <0x0000000702c20308> (a java.util.concurrent.locks.AbstractQueuedSynchronizer$ConditionObject)
	at java.util.concurrent.locks.LockSupport.park(LockSupport.java:175)
	at java.util.concurrent.locks.AbstractQueuedSynchronizer$ConditionObject.await(AbstractQueuedSynchronizer.java:2039)
	at java.util.concurrent.LinkedBlockingQueue.take(LinkedBlockingQueue.java:442)
	at org.apache.tomcat.util.threads.TaskQueue.take(TaskQueue.java:107)
	at org.apache.tomcat.util.threads.TaskQueue.take(TaskQueue.java:33)
	at java.util.concurrent.ThreadPoolExecutor.getTask(ThreadPoolExecutor.java:1074)
	at java.util.concurrent.ThreadPoolExecutor.runWorker(ThreadPoolExecutor.java:1134)
	at java.util.concurrent.ThreadPoolExecutor$Worker.run(ThreadPoolExecutor.java:624)
	at org.apache.tomcat.util.threads.TaskThread$WrappingRunnable.run(TaskThread.java:61)
	at java.lang.Thread.run(Thread.java:748)

   Locked ownable synchronizers:
	- None

"http-nio-8090-exec-34" #346 daemon prio=5 os_prio=0 tid=0x00007f5f62afc800 nid=0x1a5 waiting on condition [0x00007f5b40dce000]
   java.lang.Thread.State: WAITING (parking)
	at sun.misc.Unsafe.park(Native Method)
	- parking to wait for  <0x0000000702c20308> (a java.util.concurrent.locks.AbstractQueuedSynchronizer$ConditionObject)
	at java.util.concurrent.locks.LockSupport.park(LockSupport.java:175)
	at java.util.concurrent.locks.AbstractQueuedSynchronizer$ConditionObject.await(AbstractQueuedSynchronizer.java:2039)
	at java.util.concurrent.LinkedBlockingQueue.take(LinkedBlockingQueue.java:442)
	at org.apache.tomcat.util.threads.TaskQueue.take(TaskQueue.java:107)
	at org.apache.tomcat.util.threads.TaskQueue.take(TaskQueue.java:33)
	at java.util.concurrent.ThreadPoolExecutor.getTask(ThreadPoolExecutor.java:1074)
	at java.util.concurrent.ThreadPoolExecutor.runWorker(ThreadPoolExecutor.java:1134)
	at java.util.concurrent.ThreadPoolExecutor$Worker.run(ThreadPoolExecutor.java:624)
	at org.apache.tomcat.util.threads.TaskThread$WrappingRunnable.run(TaskThread.java:61)
	at java.lang.Thread.run(Thread.java:748)

   Locked ownable synchronizers:
	- None

"http-nio-8090-exec-33" #345 daemon prio=5 os_prio=0 tid=0x00007f5f62be6000 nid=0x1a4 waiting on condition [0x00007f5b40ecf000]
   java.lang.Thread.State: WAITING (parking)
	at sun.misc.Unsafe.park(Native Method)
	- parking to wait for  <0x0000000702c20308> (a java.util.concurrent.locks.AbstractQueuedSynchronizer$ConditionObject)
	at java.util.concurrent.locks.LockSupport.park(LockSupport.java:175)
	at java.util.concurrent.locks.AbstractQueuedSynchronizer$ConditionObject.await(AbstractQueuedSynchronizer.java:2039)
	at java.util.concurrent.LinkedBlockingQueue.take(LinkedBlockingQueue.java:442)
	at org.apache.tomcat.util.threads.TaskQueue.take(TaskQueue.java:107)
	at org.apache.tomcat.util.threads.TaskQueue.take(TaskQueue.java:33)
	at java.util.concurrent.ThreadPoolExecutor.getTask(ThreadPoolExecutor.java:1074)
	at java.util.concurrent.ThreadPoolExecutor.runWorker(ThreadPoolExecutor.java:1134)
	at java.util.concurrent.ThreadPoolExecutor$Worker.run(ThreadPoolExecutor.java:624)
	at org.apache.tomcat.util.threads.TaskThread$WrappingRunnable.run(TaskThread.java:61)
	at java.lang.Thread.run(Thread.java:748)

   Locked ownable synchronizers:
	- None

"http-nio-8090-exec-32" #344 daemon prio=5 os_prio=0 tid=0x00007f5f62be4000 nid=0x1a3 waiting on condition [0x00007f5b40fd0000]
   java.lang.Thread.State: WAITING (parking)
	at sun.misc.Unsafe.park(Native Method)
	- parking to wait for  <0x0000000702c20308> (a java.util.concurrent.locks.AbstractQueuedSynchronizer$ConditionObject)
	at java.util.concurrent.locks.LockSupport.park(LockSupport.java:175)
	at java.util.concurrent.locks.AbstractQueuedSynchronizer$ConditionObject.await(AbstractQueuedSynchronizer.java:2039)
	at java.util.concurrent.LinkedBlockingQueue.take(LinkedBlockingQueue.java:442)
	at org.apache.tomcat.util.threads.TaskQueue.take(TaskQueue.java:107)
	at org.apache.tomcat.util.threads.TaskQueue.take(TaskQueue.java:33)
	at java.util.concurrent.ThreadPoolExecutor.getTask(ThreadPoolExecutor.java:1074)
	at java.util.concurrent.ThreadPoolExecutor.runWorker(ThreadPoolExecutor.java:1134)
	at java.util.concurrent.ThreadPoolExecutor$Worker.run(ThreadPoolExecutor.java:624)
	at org.apache.tomcat.util.threads.TaskThread$WrappingRunnable.run(TaskThread.java:61)
	at java.lang.Thread.run(Thread.java:748)

   Locked ownable synchronizers:
	- None

"http-nio-8090-exec-31" #343 daemon prio=5 os_prio=0 tid=0x00007f5f61cab800 nid=0x1a2 waiting on condition [0x00007f5b410d1000]
   java.lang.Thread.State: WAITING (parking)
	at sun.misc.Unsafe.park(Native Method)
	- parking to wait for  <0x0000000702c20308> (a java.util.concurrent.locks.AbstractQueuedSynchronizer$ConditionObject)
	at java.util.concurrent.locks.LockSupport.park(LockSupport.java:175)
	at java.util.concurrent.locks.AbstractQueuedSynchronizer$ConditionObject.await(AbstractQueuedSynchronizer.java:2039)
	at java.util.concurrent.LinkedBlockingQueue.take(LinkedBlockingQueue.java:442)
	at org.apache.tomcat.util.threads.TaskQueue.take(TaskQueue.java:107)
	at org.apache.tomcat.util.threads.TaskQueue.take(TaskQueue.java:33)
	at java.util.concurrent.ThreadPoolExecutor.getTask(ThreadPoolExecutor.java:1074)
	at java.util.concurrent.ThreadPoolExecutor.runWorker(ThreadPoolExecutor.java:1134)
	at java.util.concurrent.ThreadPoolExecutor$Worker.run(ThreadPoolExecutor.java:624)
	at org.apache.tomcat.util.threads.TaskThread$WrappingRunnable.run(TaskThread.java:61)
	at java.lang.Thread.run(Thread.java:748)

   Locked ownable synchronizers:
	- None

"http-nio-8090-exec-30" #342 daemon prio=5 os_prio=0 tid=0x00007f5f61ca9800 nid=0x1a1 waiting on condition [0x00007f5b411d2000]
   java.lang.Thread.State: WAITING (parking)
	at sun.misc.Unsafe.park(Native Method)
	- parking to wait for  <0x0000000702c20308> (a java.util.concurrent.locks.AbstractQueuedSynchronizer$ConditionObject)
	at java.util.concurrent.locks.LockSupport.park(LockSupport.java:175)
	at java.util.concurrent.locks.AbstractQueuedSynchronizer$ConditionObject.await(AbstractQueuedSynchronizer.java:2039)
	at java.util.concurrent.LinkedBlockingQueue.take(LinkedBlockingQueue.java:442)
	at org.apache.tomcat.util.threads.TaskQueue.take(TaskQueue.java:107)
	at org.apache.tomcat.util.threads.TaskQueue.take(TaskQueue.java:33)
	at java.util.concurrent.ThreadPoolExecutor.getTask(ThreadPoolExecutor.java:1074)
	at java.util.concurrent.ThreadPoolExecutor.runWorker(ThreadPoolExecutor.java:1134)
	at java.util.concurrent.ThreadPoolExecutor$Worker.run(ThreadPoolExecutor.java:624)
	at org.apache.tomcat.util.threads.TaskThread$WrappingRunnable.run(TaskThread.java:61)
	at java.lang.Thread.run(Thread.java:748)

   Locked ownable synchronizers:
	- None

"http-nio-8090-exec-29" #341 daemon prio=5 os_prio=0 tid=0x00007f5f62242000 nid=0x1a0 waiting on condition [0x00007f5b412d3000]
   java.lang.Thread.State: WAITING (parking)
	at sun.misc.Unsafe.park(Native Method)
	- parking to wait for  <0x0000000702c20308> (a java.util.concurrent.locks.AbstractQueuedSynchronizer$ConditionObject)
	at java.util.concurrent.locks.LockSupport.park(LockSupport.java:175)
	at java.util.concurrent.locks.AbstractQueuedSynchronizer$ConditionObject.await(AbstractQueuedSynchronizer.java:2039)
	at java.util.concurrent.LinkedBlockingQueue.take(LinkedBlockingQueue.java:442)
	at org.apache.tomcat.util.threads.TaskQueue.take(TaskQueue.java:107)
	at org.apache.tomcat.util.threads.TaskQueue.take(TaskQueue.java:33)
	at java.util.concurrent.ThreadPoolExecutor.getTask(ThreadPoolExecutor.java:1074)
	at java.util.concurrent.ThreadPoolExecutor.runWorker(ThreadPoolExecutor.java:1134)
	at java.util.concurrent.ThreadPoolExecutor$Worker.run(ThreadPoolExecutor.java:624)
	at org.apache.tomcat.util.threads.TaskThread$WrappingRunnable.run(TaskThread.java:61)
	at java.lang.Thread.run(Thread.java:748)

   Locked ownable synchronizers:
	- None

"http-nio-8090-exec-28" #340 daemon prio=5 os_prio=0 tid=0x00007f5f62240800 nid=0x19f waiting on condition [0x00007f5b413d4000]
   java.lang.Thread.State: WAITING (parking)
	at sun.misc.Unsafe.park(Native Method)
	- parking to wait for  <0x0000000702c20308> (a java.util.concurrent.locks.AbstractQueuedSynchronizer$ConditionObject)
	at java.util.concurrent.locks.LockSupport.park(LockSupport.java:175)
	at java.util.concurrent.locks.AbstractQueuedSynchronizer$ConditionObject.await(AbstractQueuedSynchronizer.java:2039)
	at java.util.concurrent.LinkedBlockingQueue.take(LinkedBlockingQueue.java:442)
	at org.apache.tomcat.util.threads.TaskQueue.take(TaskQueue.java:107)
	at org.apache.tomcat.util.threads.TaskQueue.take(TaskQueue.java:33)
	at java.util.concurrent.ThreadPoolExecutor.getTask(ThreadPoolExecutor.java:1074)
	at java.util.concurrent.ThreadPoolExecutor.runWorker(ThreadPoolExecutor.java:1134)
	at java.util.concurrent.ThreadPoolExecutor$Worker.run(ThreadPoolExecutor.java:624)
	at org.apache.tomcat.util.threads.TaskThread$WrappingRunnable.run(TaskThread.java:61)
	at java.lang.Thread.run(Thread.java:748)

   Locked ownable synchronizers:
	- None

"http-nio-8090-exec-27" #339 daemon prio=5 os_prio=0 tid=0x00007f5f622ab800 nid=0x19e waiting on condition [0x00007f5b414d5000]
   java.lang.Thread.State: WAITING (parking)
	at sun.misc.Unsafe.park(Native Method)
	- parking to wait for  <0x0000000702c20308> (a java.util.concurrent.locks.AbstractQueuedSynchronizer$ConditionObject)
	at java.util.concurrent.locks.LockSupport.park(LockSupport.java:175)
	at java.util.concurrent.locks.AbstractQueuedSynchronizer$ConditionObject.await(AbstractQueuedSynchronizer.java:2039)
	at java.util.concurrent.LinkedBlockingQueue.take(LinkedBlockingQueue.java:442)
	at org.apache.tomcat.util.threads.TaskQueue.take(TaskQueue.java:107)
	at org.apache.tomcat.util.threads.TaskQueue.take(TaskQueue.java:33)
	at java.util.concurrent.ThreadPoolExecutor.getTask(ThreadPoolExecutor.java:1074)
	at java.util.concurrent.ThreadPoolExecutor.runWorker(ThreadPoolExecutor.java:1134)
	at java.util.concurrent.ThreadPoolExecutor$Worker.run(ThreadPoolExecutor.java:624)
	at org.apache.tomcat.util.threads.TaskThread$WrappingRunnable.run(TaskThread.java:61)
	at java.lang.Thread.run(Thread.java:748)

   Locked ownable synchronizers:
	- None

"http-nio-8090-exec-26" #338 daemon prio=5 os_prio=0 tid=0x00007f5f61514000 nid=0x19d waiting on condition [0x00007f5b415d6000]
   java.lang.Thread.State: WAITING (parking)
	at sun.misc.Unsafe.park(Native Method)
	- parking to wait for  <0x0000000702c20308> (a java.util.concurrent.locks.AbstractQueuedSynchronizer$ConditionObject)
	at java.util.concurrent.locks.LockSupport.park(LockSupport.java:175)
	at java.util.concurrent.locks.AbstractQueuedSynchronizer$ConditionObject.await(AbstractQueuedSynchronizer.java:2039)
	at java.util.concurrent.LinkedBlockingQueue.take(LinkedBlockingQueue.java:442)
	at org.apache.tomcat.util.threads.TaskQueue.take(TaskQueue.java:107)
	at org.apache.tomcat.util.threads.TaskQueue.take(TaskQueue.java:33)
	at java.util.concurrent.ThreadPoolExecutor.getTask(ThreadPoolExecutor.java:1074)
	at java.util.concurrent.ThreadPoolExecutor.runWorker(ThreadPoolExecutor.java:1134)
	at java.util.concurrent.ThreadPoolExecutor$Worker.run(ThreadPoolExecutor.java:624)
	at org.apache.tomcat.util.threads.TaskThread$WrappingRunnable.run(TaskThread.java:61)
	at java.lang.Thread.run(Thread.java:748)

   Locked ownable synchronizers:
	- None

"http-nio-8090-exec-25" #337 daemon prio=5 os_prio=0 tid=0x00007f5f61512000 nid=0x19c waiting on condition [0x00007f5b416d7000]
   java.lang.Thread.State: WAITING (parking)
	at sun.misc.Unsafe.park(Native Method)
	- parking to wait for  <0x0000000702c20308> (a java.util.concurrent.locks.AbstractQueuedSynchronizer$ConditionObject)
	at java.util.concurrent.locks.LockSupport.park(LockSupport.java:175)
	at java.util.concurrent.locks.AbstractQueuedSynchronizer$ConditionObject.await(AbstractQueuedSynchronizer.java:2039)
	at java.util.concurrent.LinkedBlockingQueue.take(LinkedBlockingQueue.java:442)
	at org.apache.tomcat.util.threads.TaskQueue.take(TaskQueue.java:107)
	at org.apache.tomcat.util.threads.TaskQueue.take(TaskQueue.java:33)
	at java.util.concurrent.ThreadPoolExecutor.getTask(ThreadPoolExecutor.java:1074)
	at java.util.concurrent.ThreadPoolExecutor.runWorker(ThreadPoolExecutor.java:1134)
	at java.util.concurrent.ThreadPoolExecutor$Worker.run(ThreadPoolExecutor.java:624)
	at org.apache.tomcat.util.threads.TaskThread$WrappingRunnable.run(TaskThread.java:61)
	at java.lang.Thread.run(Thread.java:748)

   Locked ownable synchronizers:
	- None

"http-nio-8090-exec-24" #336 daemon prio=5 os_prio=0 tid=0x00007f5f61d36000 nid=0x19b waiting on condition [0x00007f5b417d8000]
   java.lang.Thread.State: WAITING (parking)
	at sun.misc.Unsafe.park(Native Method)
	- parking to wait for  <0x0000000702c20308> (a java.util.concurrent.locks.AbstractQueuedSynchronizer$ConditionObject)
	at java.util.concurrent.locks.LockSupport.park(LockSupport.java:175)
	at java.util.concurrent.locks.AbstractQueuedSynchronizer$ConditionObject.await(AbstractQueuedSynchronizer.java:2039)
	at java.util.concurrent.LinkedBlockingQueue.take(LinkedBlockingQueue.java:442)
	at org.apache.tomcat.util.threads.TaskQueue.take(TaskQueue.java:107)
	at org.apache.tomcat.util.threads.TaskQueue.take(TaskQueue.java:33)
	at java.util.concurrent.ThreadPoolExecutor.getTask(ThreadPoolExecutor.java:1074)
	at java.util.concurrent.ThreadPoolExecutor.runWorker(ThreadPoolExecutor.java:1134)
	at java.util.concurrent.ThreadPoolExecutor$Worker.run(ThreadPoolExecutor.java:624)
	at org.apache.tomcat.util.threads.TaskThread$WrappingRunnable.run(TaskThread.java:61)
	at java.lang.Thread.run(Thread.java:748)

   Locked ownable synchronizers:
	- None

"http-nio-8090-exec-23" #335 daemon prio=5 os_prio=0 tid=0x00007f5f61d34000 nid=0x19a waiting on condition [0x00007f5b418d9000]
   java.lang.Thread.State: WAITING (parking)
	at sun.misc.Unsafe.park(Native Method)
	- parking to wait for  <0x0000000702c20308> (a java.util.concurrent.locks.AbstractQueuedSynchronizer$ConditionObject)
	at java.util.concurrent.locks.LockSupport.park(LockSupport.java:175)
	at java.util.concurrent.locks.AbstractQueuedSynchronizer$ConditionObject.await(AbstractQueuedSynchronizer.java:2039)
	at java.util.concurrent.LinkedBlockingQueue.take(LinkedBlockingQueue.java:442)
	at org.apache.tomcat.util.threads.TaskQueue.take(TaskQueue.java:107)
	at org.apache.tomcat.util.threads.TaskQueue.take(TaskQueue.java:33)
	at java.util.concurrent.ThreadPoolExecutor.getTask(ThreadPoolExecutor.java:1074)
	at java.util.concurrent.ThreadPoolExecutor.runWorker(ThreadPoolExecutor.java:1134)
	at java.util.concurrent.ThreadPoolExecutor$Worker.run(ThreadPoolExecutor.java:624)
	at org.apache.tomcat.util.threads.TaskThread$WrappingRunnable.run(TaskThread.java:61)
	at java.lang.Thread.run(Thread.java:748)

   Locked ownable synchronizers:
	- None

"http-nio-8090-exec-22" #334 daemon prio=5 os_prio=0 tid=0x00007f5f6398a000 nid=0x199 waiting on condition [0x00007f5b419da000]
   java.lang.Thread.State: WAITING (parking)
	at sun.misc.Unsafe.park(Native Method)
	- parking to wait for  <0x0000000702c20308> (a java.util.concurrent.locks.AbstractQueuedSynchronizer$ConditionObject)
	at java.util.concurrent.locks.LockSupport.park(LockSupport.java:175)
	at java.util.concurrent.locks.AbstractQueuedSynchronizer$ConditionObject.await(AbstractQueuedSynchronizer.java:2039)
	at java.util.concurrent.LinkedBlockingQueue.take(LinkedBlockingQueue.java:442)
	at org.apache.tomcat.util.threads.TaskQueue.take(TaskQueue.java:107)
	at org.apache.tomcat.util.threads.TaskQueue.take(TaskQueue.java:33)
	at java.util.concurrent.ThreadPoolExecutor.getTask(ThreadPoolExecutor.java:1074)
	at java.util.concurrent.ThreadPoolExecutor.runWorker(ThreadPoolExecutor.java:1134)
	at java.util.concurrent.ThreadPoolExecutor$Worker.run(ThreadPoolExecutor.java:624)
	at org.apache.tomcat.util.threads.TaskThread$WrappingRunnable.run(TaskThread.java:61)
	at java.lang.Thread.run(Thread.java:748)

   Locked ownable synchronizers:
	- None

"http-nio-8090-exec-21" #333 daemon prio=5 os_prio=0 tid=0x00007f5f62f2b800 nid=0x198 waiting on condition [0x00007f5b41adb000]
   java.lang.Thread.State: WAITING (parking)
	at sun.misc.Unsafe.park(Native Method)
	- parking to wait for  <0x0000000702c20308> (a java.util.concurrent.locks.AbstractQueuedSynchronizer$ConditionObject)
	at java.util.concurrent.locks.LockSupport.park(LockSupport.java:175)
	at java.util.concurrent.locks.AbstractQueuedSynchronizer$ConditionObject.await(AbstractQueuedSynchronizer.java:2039)
	at java.util.concurrent.LinkedBlockingQueue.take(LinkedBlockingQueue.java:442)
	at org.apache.tomcat.util.threads.TaskQueue.take(TaskQueue.java:107)
	at org.apache.tomcat.util.threads.TaskQueue.take(TaskQueue.java:33)
	at java.util.concurrent.ThreadPoolExecutor.getTask(ThreadPoolExecutor.java:1074)
	at java.util.concurrent.ThreadPoolExecutor.runWorker(ThreadPoolExecutor.java:1134)
	at java.util.concurrent.ThreadPoolExecutor$Worker.run(ThreadPoolExecutor.java:624)
	at org.apache.tomcat.util.threads.TaskThread$WrappingRunnable.run(TaskThread.java:61)
	at java.lang.Thread.run(Thread.java:748)

   Locked ownable synchronizers:
	- None

"http-nio-8090-exec-20" #332 daemon prio=5 os_prio=0 tid=0x00007f5f631bf000 nid=0x197 waiting on condition [0x00007f5b41bdc000]
   java.lang.Thread.State: WAITING (parking)
	at sun.misc.Unsafe.park(Native Method)
	- parking to wait for  <0x0000000702c20308> (a java.util.concurrent.locks.AbstractQueuedSynchronizer$ConditionObject)
	at java.util.concurrent.locks.LockSupport.park(LockSupport.java:175)
	at java.util.concurrent.locks.AbstractQueuedSynchronizer$ConditionObject.await(AbstractQueuedSynchronizer.java:2039)
	at java.util.concurrent.LinkedBlockingQueue.take(LinkedBlockingQueue.java:442)
	at org.apache.tomcat.util.threads.TaskQueue.take(TaskQueue.java:107)
	at org.apache.tomcat.util.threads.TaskQueue.take(TaskQueue.java:33)
	at java.util.concurrent.ThreadPoolExecutor.getTask(ThreadPoolExecutor.java:1074)
	at java.util.concurrent.ThreadPoolExecutor.runWorker(ThreadPoolExecutor.java:1134)
	at java.util.concurrent.ThreadPoolExecutor$Worker.run(ThreadPoolExecutor.java:624)
	at org.apache.tomcat.util.threads.TaskThread$WrappingRunnable.run(TaskThread.java:61)
	at java.lang.Thread.run(Thread.java:748)

   Locked ownable synchronizers:
	- None

"http-nio-8090-exec-19" #331 daemon prio=5 os_prio=0 tid=0x00007f5f6324e800 nid=0x196 waiting on condition [0x00007f5b41cdd000]
   java.lang.Thread.State: WAITING (parking)
	at sun.misc.Unsafe.park(Native Method)
	- parking to wait for  <0x0000000702c20308> (a java.util.concurrent.locks.AbstractQueuedSynchronizer$ConditionObject)
	at java.util.concurrent.locks.LockSupport.park(LockSupport.java:175)
	at java.util.concurrent.locks.AbstractQueuedSynchronizer$ConditionObject.await(AbstractQueuedSynchronizer.java:2039)
	at java.util.concurrent.LinkedBlockingQueue.take(LinkedBlockingQueue.java:442)
	at org.apache.tomcat.util.threads.TaskQueue.take(TaskQueue.java:107)
	at org.apache.tomcat.util.threads.TaskQueue.take(TaskQueue.java:33)
	at java.util.concurrent.ThreadPoolExecutor.getTask(ThreadPoolExecutor.java:1074)
	at java.util.concurrent.ThreadPoolExecutor.runWorker(ThreadPoolExecutor.java:1134)
	at java.util.concurrent.ThreadPoolExecutor$Worker.run(ThreadPoolExecutor.java:624)
	at org.apache.tomcat.util.threads.TaskThread$WrappingRunnable.run(TaskThread.java:61)
	at java.lang.Thread.run(Thread.java:748)

   Locked ownable synchronizers:
	- None

"http-nio-8090-exec-18" #330 daemon prio=5 os_prio=0 tid=0x00007f5f63161800 nid=0x195 waiting on condition [0x00007f5b41dde000]
   java.lang.Thread.State: WAITING (parking)
	at sun.misc.Unsafe.park(Native Method)
	- parking to wait for  <0x0000000702c20308> (a java.util.concurrent.locks.AbstractQueuedSynchronizer$ConditionObject)
	at java.util.concurrent.locks.LockSupport.park(LockSupport.java:175)
	at java.util.concurrent.locks.AbstractQueuedSynchronizer$ConditionObject.await(AbstractQueuedSynchronizer.java:2039)
	at java.util.concurrent.LinkedBlockingQueue.take(LinkedBlockingQueue.java:442)
	at org.apache.tomcat.util.threads.TaskQueue.take(TaskQueue.java:107)
	at org.apache.tomcat.util.threads.TaskQueue.take(TaskQueue.java:33)
	at java.util.concurrent.ThreadPoolExecutor.getTask(ThreadPoolExecutor.java:1074)
	at java.util.concurrent.ThreadPoolExecutor.runWorker(ThreadPoolExecutor.java:1134)
	at java.util.concurrent.ThreadPoolExecutor$Worker.run(ThreadPoolExecutor.java:624)
	at org.apache.tomcat.util.threads.TaskThread$WrappingRunnable.run(TaskThread.java:61)
	at java.lang.Thread.run(Thread.java:748)

   Locked ownable synchronizers:
	- None

"http-nio-8090-exec-17" #329 daemon prio=5 os_prio=0 tid=0x00007f5f631b2800 nid=0x194 waiting on condition [0x00007f5b41edf000]
   java.lang.Thread.State: WAITING (parking)
	at sun.misc.Unsafe.park(Native Method)
	- parking to wait for  <0x0000000702c20308> (a java.util.concurrent.locks.AbstractQueuedSynchronizer$ConditionObject)
	at java.util.concurrent.locks.LockSupport.park(LockSupport.java:175)
	at java.util.concurrent.locks.AbstractQueuedSynchronizer$ConditionObject.await(AbstractQueuedSynchronizer.java:2039)
	at java.util.concurrent.LinkedBlockingQueue.take(LinkedBlockingQueue.java:442)
	at org.apache.tomcat.util.threads.TaskQueue.take(TaskQueue.java:107)
	at org.apache.tomcat.util.threads.TaskQueue.take(TaskQueue.java:33)
	at java.util.concurrent.ThreadPoolExecutor.getTask(ThreadPoolExecutor.java:1074)
	at java.util.concurrent.ThreadPoolExecutor.runWorker(ThreadPoolExecutor.java:1134)
	at java.util.concurrent.ThreadPoolExecutor$Worker.run(ThreadPoolExecutor.java:624)
	at org.apache.tomcat.util.threads.TaskThread$WrappingRunnable.run(TaskThread.java:61)
	at java.lang.Thread.run(Thread.java:748)

   Locked ownable synchronizers:
	- None

"http-nio-8090-exec-16" #328 daemon prio=5 os_prio=0 tid=0x00007f5f6325a000 nid=0x193 waiting on condition [0x00007f5b41fe0000]
   java.lang.Thread.State: WAITING (parking)
	at sun.misc.Unsafe.park(Native Method)
	- parking to wait for  <0x0000000702c20308> (a java.util.concurrent.locks.AbstractQueuedSynchronizer$ConditionObject)
	at java.util.concurrent.locks.LockSupport.park(LockSupport.java:175)
	at java.util.concurrent.locks.AbstractQueuedSynchronizer$ConditionObject.await(AbstractQueuedSynchronizer.java:2039)
	at java.util.concurrent.LinkedBlockingQueue.take(LinkedBlockingQueue.java:442)
	at org.apache.tomcat.util.threads.TaskQueue.take(TaskQueue.java:107)
	at org.apache.tomcat.util.threads.TaskQueue.take(TaskQueue.java:33)
	at java.util.concurrent.ThreadPoolExecutor.getTask(ThreadPoolExecutor.java:1074)
	at java.util.concurrent.ThreadPoolExecutor.runWorker(ThreadPoolExecutor.java:1134)
	at java.util.concurrent.ThreadPoolExecutor$Worker.run(ThreadPoolExecutor.java:624)
	at org.apache.tomcat.util.threads.TaskThread$WrappingRunnable.run(TaskThread.java:61)
	at java.lang.Thread.run(Thread.java:748)

   Locked ownable synchronizers:
	- None

"http-nio-8090-exec-15" #327 daemon prio=5 os_prio=0 tid=0x00007f5f639ad000 nid=0x192 waiting on condition [0x00007f5b420e1000]
   java.lang.Thread.State: WAITING (parking)
	at sun.misc.Unsafe.park(Native Method)
	- parking to wait for  <0x0000000702c20308> (a java.util.concurrent.locks.AbstractQueuedSynchronizer$ConditionObject)
	at java.util.concurrent.locks.LockSupport.park(LockSupport.java:175)
	at java.util.concurrent.locks.AbstractQueuedSynchronizer$ConditionObject.await(AbstractQueuedSynchronizer.java:2039)
	at java.util.concurrent.LinkedBlockingQueue.take(LinkedBlockingQueue.java:442)
	at org.apache.tomcat.util.threads.TaskQueue.take(TaskQueue.java:107)
	at org.apache.tomcat.util.threads.TaskQueue.take(TaskQueue.java:33)
	at java.util.concurrent.ThreadPoolExecutor.getTask(ThreadPoolExecutor.java:1074)
	at java.util.concurrent.ThreadPoolExecutor.runWorker(ThreadPoolExecutor.java:1134)
	at java.util.concurrent.ThreadPoolExecutor$Worker.run(ThreadPoolExecutor.java:624)
	at org.apache.tomcat.util.threads.TaskThread$WrappingRunnable.run(TaskThread.java:61)
	at java.lang.Thread.run(Thread.java:748)

   Locked ownable synchronizers:
	- None

"http-nio-8090-exec-14" #326 daemon prio=5 os_prio=0 tid=0x00007f5f631af800 nid=0x191 waiting on condition [0x00007f5b421e2000]
   java.lang.Thread.State: WAITING (parking)
	at sun.misc.Unsafe.park(Native Method)
	- parking to wait for  <0x0000000702c20308> (a java.util.concurrent.locks.AbstractQueuedSynchronizer$ConditionObject)
	at java.util.concurrent.locks.LockSupport.park(LockSupport.java:175)
	at java.util.concurrent.locks.AbstractQueuedSynchronizer$ConditionObject.await(AbstractQueuedSynchronizer.java:2039)
	at java.util.concurrent.LinkedBlockingQueue.take(LinkedBlockingQueue.java:442)
	at org.apache.tomcat.util.threads.TaskQueue.take(TaskQueue.java:107)
	at org.apache.tomcat.util.threads.TaskQueue.take(TaskQueue.java:33)
	at java.util.concurrent.ThreadPoolExecutor.getTask(ThreadPoolExecutor.java:1074)
	at java.util.concurrent.ThreadPoolExecutor.runWorker(ThreadPoolExecutor.java:1134)
	at java.util.concurrent.ThreadPoolExecutor$Worker.run(ThreadPoolExecutor.java:624)
	at org.apache.tomcat.util.threads.TaskThread$WrappingRunnable.run(TaskThread.java:61)
	at java.lang.Thread.run(Thread.java:748)

   Locked ownable synchronizers:
	- None

"http-nio-8090-exec-13" #325 daemon prio=5 os_prio=0 tid=0x00007f5f631ad800 nid=0x190 waiting on condition [0x00007f5b422e3000]
   java.lang.Thread.State: WAITING (parking)
	at sun.misc.Unsafe.park(Native Method)
	- parking to wait for  <0x0000000702c20308> (a java.util.concurrent.locks.AbstractQueuedSynchronizer$ConditionObject)
	at java.util.concurrent.locks.LockSupport.park(LockSupport.java:175)
	at java.util.concurrent.locks.AbstractQueuedSynchronizer$ConditionObject.await(AbstractQueuedSynchronizer.java:2039)
	at java.util.concurrent.LinkedBlockingQueue.take(LinkedBlockingQueue.java:442)
	at org.apache.tomcat.util.threads.TaskQueue.take(TaskQueue.java:107)
	at org.apache.tomcat.util.threads.TaskQueue.take(TaskQueue.java:33)
	at java.util.concurrent.ThreadPoolExecutor.getTask(ThreadPoolExecutor.java:1074)
	at java.util.concurrent.ThreadPoolExecutor.runWorker(ThreadPoolExecutor.java:1134)
	at java.util.concurrent.ThreadPoolExecutor$Worker.run(ThreadPoolExecutor.java:624)
	at org.apache.tomcat.util.threads.TaskThread$WrappingRunnable.run(TaskThread.java:61)
	at java.lang.Thread.run(Thread.java:748)

   Locked ownable synchronizers:
	- None

"http-nio-8090-exec-12" #324 daemon prio=5 os_prio=0 tid=0x00007f5f631ab800 nid=0x18f waiting on condition [0x00007f5b423e4000]
   java.lang.Thread.State: WAITING (parking)
	at sun.misc.Unsafe.park(Native Method)
	- parking to wait for  <0x0000000702c20308> (a java.util.concurrent.locks.AbstractQueuedSynchronizer$ConditionObject)
	at java.util.concurrent.locks.LockSupport.park(LockSupport.java:175)
	at java.util.concurrent.locks.AbstractQueuedSynchronizer$ConditionObject.await(AbstractQueuedSynchronizer.java:2039)
	at java.util.concurrent.LinkedBlockingQueue.take(LinkedBlockingQueue.java:442)
	at org.apache.tomcat.util.threads.TaskQueue.take(TaskQueue.java:107)
	at org.apache.tomcat.util.threads.TaskQueue.take(TaskQueue.java:33)
	at java.util.concurrent.ThreadPoolExecutor.getTask(ThreadPoolExecutor.java:1074)
	at java.util.concurrent.ThreadPoolExecutor.runWorker(ThreadPoolExecutor.java:1134)
	at java.util.concurrent.ThreadPoolExecutor$Worker.run(ThreadPoolExecutor.java:624)
	at org.apache.tomcat.util.threads.TaskThread$WrappingRunnable.run(TaskThread.java:61)
	at java.lang.Thread.run(Thread.java:748)

   Locked ownable synchronizers:
	- None

"http-nio-8090-exec-11" #323 daemon prio=5 os_prio=0 tid=0x00007f5f631aa000 nid=0x18e waiting on condition [0x00007f5b424e5000]
   java.lang.Thread.State: WAITING (parking)
	at sun.misc.Unsafe.park(Native Method)
	- parking to wait for  <0x0000000702c20308> (a java.util.concurrent.locks.AbstractQueuedSynchronizer$ConditionObject)
	at java.util.concurrent.locks.LockSupport.park(LockSupport.java:175)
	at java.util.concurrent.locks.AbstractQueuedSynchronizer$ConditionObject.await(AbstractQueuedSynchronizer.java:2039)
	at java.util.concurrent.LinkedBlockingQueue.take(LinkedBlockingQueue.java:442)
	at org.apache.tomcat.util.threads.TaskQueue.take(TaskQueue.java:107)
	at org.apache.tomcat.util.threads.TaskQueue.take(TaskQueue.java:33)
	at java.util.concurrent.ThreadPoolExecutor.getTask(ThreadPoolExecutor.java:1074)
	at java.util.concurrent.ThreadPoolExecutor.runWorker(ThreadPoolExecutor.java:1134)
	at java.util.concurrent.ThreadPoolExecutor$Worker.run(ThreadPoolExecutor.java:624)
	at org.apache.tomcat.util.threads.TaskThread$WrappingRunnable.run(TaskThread.java:61)
	at java.lang.Thread.run(Thread.java:748)

   Locked ownable synchronizers:
	- None

"http-nio-8090-exec-10" #322 daemon prio=5 os_prio=0 tid=0x00007f5f6319d000 nid=0x18d waiting on condition [0x00007f5b425e6000]
   java.lang.Thread.State: WAITING (parking)
	at sun.misc.Unsafe.park(Native Method)
	- parking to wait for  <0x0000000702c20308> (a java.util.concurrent.locks.AbstractQueuedSynchronizer$ConditionObject)
	at java.util.concurrent.locks.LockSupport.park(LockSupport.java:175)
	at java.util.concurrent.locks.AbstractQueuedSynchronizer$ConditionObject.await(AbstractQueuedSynchronizer.java:2039)
	at java.util.concurrent.LinkedBlockingQueue.take(LinkedBlockingQueue.java:442)
	at org.apache.tomcat.util.threads.TaskQueue.take(TaskQueue.java:107)
	at org.apache.tomcat.util.threads.TaskQueue.take(TaskQueue.java:33)
	at java.util.concurrent.ThreadPoolExecutor.getTask(ThreadPoolExecutor.java:1074)
	at java.util.concurrent.ThreadPoolExecutor.runWorker(ThreadPoolExecutor.java:1134)
	at java.util.concurrent.ThreadPoolExecutor$Worker.run(ThreadPoolExecutor.java:624)
	at org.apache.tomcat.util.threads.TaskThread$WrappingRunnable.run(TaskThread.java:61)
	at java.lang.Thread.run(Thread.java:748)

   Locked ownable synchronizers:
	- None

"http-nio-8090-exec-9" #321 daemon prio=5 os_prio=0 tid=0x00007f5f63199000 nid=0x18c waiting on condition [0x00007f5b426e7000]
   java.lang.Thread.State: WAITING (parking)
	at sun.misc.Unsafe.park(Native Method)
	- parking to wait for  <0x0000000702c20308> (a java.util.concurrent.locks.AbstractQueuedSynchronizer$ConditionObject)
	at java.util.concurrent.locks.LockSupport.park(LockSupport.java:175)
	at java.util.concurrent.locks.AbstractQueuedSynchronizer$ConditionObject.await(AbstractQueuedSynchronizer.java:2039)
	at java.util.concurrent.LinkedBlockingQueue.take(LinkedBlockingQueue.java:442)
	at org.apache.tomcat.util.threads.TaskQueue.take(TaskQueue.java:107)
	at org.apache.tomcat.util.threads.TaskQueue.take(TaskQueue.java:33)
	at java.util.concurrent.ThreadPoolExecutor.getTask(ThreadPoolExecutor.java:1074)
	at java.util.concurrent.ThreadPoolExecutor.runWorker(ThreadPoolExecutor.java:1134)
	at java.util.concurrent.ThreadPoolExecutor$Worker.run(ThreadPoolExecutor.java:624)
	at org.apache.tomcat.util.threads.TaskThread$WrappingRunnable.run(TaskThread.java:61)
	at java.lang.Thread.run(Thread.java:748)

   Locked ownable synchronizers:
	- None

"http-nio-8090-exec-8" #320 daemon prio=5 os_prio=0 tid=0x00007f5f63184800 nid=0x18b waiting on condition [0x00007f5b427e8000]
   java.lang.Thread.State: WAITING (parking)
	at sun.misc.Unsafe.park(Native Method)
	- parking to wait for  <0x0000000702c20308> (a java.util.concurrent.locks.AbstractQueuedSynchronizer$ConditionObject)
	at java.util.concurrent.locks.LockSupport.park(LockSupport.java:175)
	at java.util.concurrent.locks.AbstractQueuedSynchronizer$ConditionObject.await(AbstractQueuedSynchronizer.java:2039)
	at java.util.concurrent.LinkedBlockingQueue.take(LinkedBlockingQueue.java:442)
	at org.apache.tomcat.util.threads.TaskQueue.take(TaskQueue.java:107)
	at org.apache.tomcat.util.threads.TaskQueue.take(TaskQueue.java:33)
	at java.util.concurrent.ThreadPoolExecutor.getTask(ThreadPoolExecutor.java:1074)
	at java.util.concurrent.ThreadPoolExecutor.runWorker(ThreadPoolExecutor.java:1134)
	at java.util.concurrent.ThreadPoolExecutor$Worker.run(ThreadPoolExecutor.java:624)
	at org.apache.tomcat.util.threads.TaskThread$WrappingRunnable.run(TaskThread.java:61)
	at java.lang.Thread.run(Thread.java:748)

   Locked ownable synchronizers:
	- None

"http-nio-8090-exec-7" #319 daemon prio=5 os_prio=0 tid=0x00007f5f63183000 nid=0x18a waiting on condition [0x00007f5b428e9000]
   java.lang.Thread.State: WAITING (parking)
	at sun.misc.Unsafe.park(Native Method)
	- parking to wait for  <0x0000000702c20308> (a java.util.concurrent.locks.AbstractQueuedSynchronizer$ConditionObject)
	at java.util.concurrent.locks.LockSupport.park(LockSupport.java:175)
	at java.util.concurrent.locks.AbstractQueuedSynchronizer$ConditionObject.await(AbstractQueuedSynchronizer.java:2039)
	at java.util.concurrent.LinkedBlockingQueue.take(LinkedBlockingQueue.java:442)
	at org.apache.tomcat.util.threads.TaskQueue.take(TaskQueue.java:107)
	at org.apache.tomcat.util.threads.TaskQueue.take(TaskQueue.java:33)
	at java.util.concurrent.ThreadPoolExecutor.getTask(ThreadPoolExecutor.java:1074)
	at java.util.concurrent.ThreadPoolExecutor.runWorker(ThreadPoolExecutor.java:1134)
	at java.util.concurrent.ThreadPoolExecutor$Worker.run(ThreadPoolExecutor.java:624)
	at org.apache.tomcat.util.threads.TaskThread$WrappingRunnable.run(TaskThread.java:61)
	at java.lang.Thread.run(Thread.java:748)

   Locked ownable synchronizers:
	- None

"http-nio-8090-exec-6" #318 daemon prio=5 os_prio=0 tid=0x00007f5f63229000 nid=0x189 waiting on condition [0x00007f5b429ea000]
   java.lang.Thread.State: WAITING (parking)
	at sun.misc.Unsafe.park(Native Method)
	- parking to wait for  <0x0000000702c20308> (a java.util.concurrent.locks.AbstractQueuedSynchronizer$ConditionObject)
	at java.util.concurrent.locks.LockSupport.park(LockSupport.java:175)
	at java.util.concurrent.locks.AbstractQueuedSynchronizer$ConditionObject.await(AbstractQueuedSynchronizer.java:2039)
	at java.util.concurrent.LinkedBlockingQueue.take(LinkedBlockingQueue.java:442)
	at org.apache.tomcat.util.threads.TaskQueue.take(TaskQueue.java:107)
	at org.apache.tomcat.util.threads.TaskQueue.take(TaskQueue.java:33)
	at java.util.concurrent.ThreadPoolExecutor.getTask(ThreadPoolExecutor.java:1074)
	at java.util.concurrent.ThreadPoolExecutor.runWorker(ThreadPoolExecutor.java:1134)
	at java.util.concurrent.ThreadPoolExecutor$Worker.run(ThreadPoolExecutor.java:624)
	at org.apache.tomcat.util.threads.TaskThread$WrappingRunnable.run(TaskThread.java:61)
	at java.lang.Thread.run(Thread.java:748)

   Locked ownable synchronizers:
	- None

"http-nio-8090-exec-5" #317 daemon prio=5 os_prio=0 tid=0x00007f5f63211000 nid=0x188 waiting on condition [0x00007f5b42aeb000]
   java.lang.Thread.State: WAITING (parking)
	at sun.misc.Unsafe.park(Native Method)
	- parking to wait for  <0x0000000702c20308> (a java.util.concurrent.locks.AbstractQueuedSynchronizer$ConditionObject)
	at java.util.concurrent.locks.LockSupport.park(LockSupport.java:175)
	at java.util.concurrent.locks.AbstractQueuedSynchronizer$ConditionObject.await(AbstractQueuedSynchronizer.java:2039)
	at java.util.concurrent.LinkedBlockingQueue.take(LinkedBlockingQueue.java:442)
	at org.apache.tomcat.util.threads.TaskQueue.take(TaskQueue.java:107)
	at org.apache.tomcat.util.threads.TaskQueue.take(TaskQueue.java:33)
	at java.util.concurrent.ThreadPoolExecutor.getTask(ThreadPoolExecutor.java:1074)
	at java.util.concurrent.ThreadPoolExecutor.runWorker(ThreadPoolExecutor.java:1134)
	at java.util.concurrent.ThreadPoolExecutor$Worker.run(ThreadPoolExecutor.java:624)
	at org.apache.tomcat.util.threads.TaskThread$WrappingRunnable.run(TaskThread.java:61)
	at java.lang.Thread.run(Thread.java:748)

   Locked ownable synchronizers:
	- None

"http-nio-8090-exec-4" #316 daemon prio=5 os_prio=0 tid=0x00007f5f63210000 nid=0x187 waiting on condition [0x00007f5b42bec000]
   java.lang.Thread.State: WAITING (parking)
	at sun.misc.Unsafe.park(Native Method)
	- parking to wait for  <0x0000000702c20308> (a java.util.concurrent.locks.AbstractQueuedSynchronizer$ConditionObject)
	at java.util.concurrent.locks.LockSupport.park(LockSupport.java:175)
	at java.util.concurrent.locks.AbstractQueuedSynchronizer$ConditionObject.await(AbstractQueuedSynchronizer.java:2039)
	at java.util.concurrent.LinkedBlockingQueue.take(LinkedBlockingQueue.java:442)
	at org.apache.tomcat.util.threads.TaskQueue.take(TaskQueue.java:107)
	at org.apache.tomcat.util.threads.TaskQueue.take(TaskQueue.java:33)
	at java.util.concurrent.ThreadPoolExecutor.getTask(ThreadPoolExecutor.java:1074)
	at java.util.concurrent.ThreadPoolExecutor.runWorker(ThreadPoolExecutor.java:1134)
	at java.util.concurrent.ThreadPoolExecutor$Worker.run(ThreadPoolExecutor.java:624)
	at org.apache.tomcat.util.threads.TaskThread$WrappingRunnable.run(TaskThread.java:61)
	at java.lang.Thread.run(Thread.java:748)

   Locked ownable synchronizers:
	- None

"http-nio-8090-exec-3" #315 daemon prio=5 os_prio=0 tid=0x00007f5f631f9800 nid=0x186 waiting on condition [0x00007f5b42ced000]
   java.lang.Thread.State: WAITING (parking)
	at sun.misc.Unsafe.park(Native Method)
	- parking to wait for  <0x0000000702c20308> (a java.util.concurrent.locks.AbstractQueuedSynchronizer$ConditionObject)
	at java.util.concurrent.locks.LockSupport.park(LockSupport.java:175)
	at java.util.concurrent.locks.AbstractQueuedSynchronizer$ConditionObject.await(AbstractQueuedSynchronizer.java:2039)
	at java.util.concurrent.LinkedBlockingQueue.take(LinkedBlockingQueue.java:442)
	at org.apache.tomcat.util.threads.TaskQueue.take(TaskQueue.java:107)
	at org.apache.tomcat.util.threads.TaskQueue.take(TaskQueue.java:33)
	at java.util.concurrent.ThreadPoolExecutor.getTask(ThreadPoolExecutor.java:1074)
	at java.util.concurrent.ThreadPoolExecutor.runWorker(ThreadPoolExecutor.java:1134)
	at java.util.concurrent.ThreadPoolExecutor$Worker.run(ThreadPoolExecutor.java:624)
	at org.apache.tomcat.util.threads.TaskThread$WrappingRunnable.run(TaskThread.java:61)
	at java.lang.Thread.run(Thread.java:748)

   Locked ownable synchronizers:
	- None

"http-nio-8090-exec-2" #314 daemon prio=5 os_prio=0 tid=0x00007f5f631d5800 nid=0x185 waiting on condition [0x00007f5b42dee000]
   java.lang.Thread.State: WAITING (parking)
	at sun.misc.Unsafe.park(Native Method)
	- parking to wait for  <0x0000000702c20308> (a java.util.concurrent.locks.AbstractQueuedSynchronizer$ConditionObject)
	at java.util.concurrent.locks.LockSupport.park(LockSupport.java:175)
	at java.util.concurrent.locks.AbstractQueuedSynchronizer$ConditionObject.await(AbstractQueuedSynchronizer.java:2039)
	at java.util.concurrent.LinkedBlockingQueue.take(LinkedBlockingQueue.java:442)
	at org.apache.tomcat.util.threads.TaskQueue.take(TaskQueue.java:107)
	at org.apache.tomcat.util.threads.TaskQueue.take(TaskQueue.java:33)
	at java.util.concurrent.ThreadPoolExecutor.getTask(ThreadPoolExecutor.java:1074)
	at java.util.concurrent.ThreadPoolExecutor.runWorker(ThreadPoolExecutor.java:1134)
	at java.util.concurrent.ThreadPoolExecutor$Worker.run(ThreadPoolExecutor.java:624)
	at org.apache.tomcat.util.threads.TaskThread$WrappingRunnable.run(TaskThread.java:61)
	at java.lang.Thread.run(Thread.java:748)

   Locked ownable synchronizers:
	- None

"http-nio-8090-exec-1" #313 daemon prio=5 os_prio=0 tid=0x00007f5f62db3000 nid=0x184 waiting on condition [0x00007f5b42eef000]
   java.lang.Thread.State: WAITING (parking)
	at sun.misc.Unsafe.park(Native Method)
	- parking to wait for  <0x0000000702c20308> (a java.util.concurrent.locks.AbstractQueuedSynchronizer$ConditionObject)
	at java.util.concurrent.locks.LockSupport.park(LockSupport.java:175)
	at java.util.concurrent.locks.AbstractQueuedSynchronizer$ConditionObject.await(AbstractQueuedSynchronizer.java:2039)
	at java.util.concurrent.LinkedBlockingQueue.take(LinkedBlockingQueue.java:442)
	at org.apache.tomcat.util.threads.TaskQueue.take(TaskQueue.java:107)
	at org.apache.tomcat.util.threads.TaskQueue.take(TaskQueue.java:33)
	at java.util.concurrent.ThreadPoolExecutor.getTask(ThreadPoolExecutor.java:1074)
	at java.util.concurrent.ThreadPoolExecutor.runWorker(ThreadPoolExecutor.java:1134)
	at java.util.concurrent.ThreadPoolExecutor$Worker.run(ThreadPoolExecutor.java:624)
	at org.apache.tomcat.util.threads.TaskThread$WrappingRunnable.run(TaskThread.java:61)
	at java.lang.Thread.run(Thread.java:748)

   Locked ownable synchronizers:
	- None

"http-nio-8090-BlockPoller" #312 daemon prio=5 os_prio=0 tid=0x00007f5f62db2800 nid=0x183 runnable [0x00007f5b42ff0000]
   java.lang.Thread.State: RUNNABLE
	at sun.nio.ch.EPollArrayWrapper.epollWait(Native Method)
	at sun.nio.ch.EPollArrayWrapper.poll(EPollArrayWrapper.java:269)
	at sun.nio.ch.EPollSelectorImpl.doSelect(EPollSelectorImpl.java:93)
	at sun.nio.ch.SelectorImpl.lockAndDoSelect(SelectorImpl.java:86)
	- locked <0x0000000702fde6c0> (a sun.nio.ch.Util$3)
	- locked <0x0000000702fde6a8> (a java.util.Collections$UnmodifiableSet)
	- locked <0x00000007030056e0> (a sun.nio.ch.EPollSelectorImpl)
	at sun.nio.ch.SelectorImpl.select(SelectorImpl.java:97)
	at org.apache.tomcat.util.net.NioBlockingSelector$BlockPoller.run(NioBlockingSelector.java:313)

   Locked ownable synchronizers:
	- None

"mdmDtsListenerContainer-0-C-1" #311 prio=5 os_prio=0 tid=0x00007f5f62b4d000 nid=0x182 runnable [0x00007f5b430f1000]
   java.lang.Thread.State: RUNNABLE
	at sun.nio.ch.EPollArrayWrapper.epollWait(Native Method)
	at sun.nio.ch.EPollArrayWrapper.poll(EPollArrayWrapper.java:269)
	at sun.nio.ch.EPollSelectorImpl.doSelect(EPollSelectorImpl.java:93)
	at sun.nio.ch.SelectorImpl.lockAndDoSelect(SelectorImpl.java:86)
	- locked <0x0000000702fde828> (a sun.nio.ch.Util$3)
	- locked <0x0000000702fde810> (a java.util.Collections$UnmodifiableSet)
	- locked <0x00000007030057b8> (a sun.nio.ch.EPollSelectorImpl)
	at sun.nio.ch.SelectorImpl.select(SelectorImpl.java:97)
	at org.apache.kafka.common.network.Selector.select(Selector.java:873)
	at org.apache.kafka.common.network.Selector.poll(Selector.java:469)
	at org.apache.kafka.clients.NetworkClient.poll(NetworkClient.java:550)
	at org.apache.kafka.clients.consumer.internals.ConsumerNetworkClient.poll(ConsumerNetworkClient.java:262)
	at org.apache.kafka.clients.consumer.internals.ConsumerNetworkClient.poll(ConsumerNetworkClient.java:233)
	at org.apache.kafka.clients.consumer.KafkaConsumer.pollForFetches(KafkaConsumer.java:1307)
	at org.apache.kafka.clients.consumer.KafkaConsumer.poll(KafkaConsumer.java:1243)
	at org.apache.kafka.clients.consumer.KafkaConsumer.poll(KafkaConsumer.java:1216)
	at org.springframework.kafka.listener.KafkaMessageListenerContainer$ListenerConsumer.doPoll(KafkaMessageListenerContainer.java:1109)
	at org.springframework.kafka.listener.KafkaMessageListenerContainer$ListenerConsumer.pollAndInvoke(KafkaMessageListenerContainer.java:1065)
	at org.springframework.kafka.listener.KafkaMessageListenerContainer$ListenerConsumer.run(KafkaMessageListenerContainer.java:990)
	at java.util.concurrent.Executors$RunnableAdapter.call(Executors.java:511)
	at java.util.concurrent.FutureTask.run(FutureTask.java:266)
	at java.lang.Thread.run(Thread.java:748)

   Locked ownable synchronizers:
	- <0x000000070299cd18> (a java.util.concurrent.locks.ReentrantLock$FairSync)

"ThreadPoolTaskScheduler-1" #310 prio=5 os_prio=0 tid=0x00007f5f61966000 nid=0x181 waiting on condition [0x00007f5b431f2000]
   java.lang.Thread.State: TIMED_WAITING (parking)
	at sun.misc.Unsafe.park(Native Method)
	- parking to wait for  <0x0000000702fe2008> (a java.util.concurrent.locks.AbstractQueuedSynchronizer$ConditionObject)
	at java.util.concurrent.locks.LockSupport.parkNanos(LockSupport.java:215)
	at java.util.concurrent.locks.AbstractQueuedSynchronizer$ConditionObject.awaitNanos(AbstractQueuedSynchronizer.java:2078)
	at java.util.concurrent.ScheduledThreadPoolExecutor$DelayedWorkQueue.take(ScheduledThreadPoolExecutor.java:1093)
	at java.util.concurrent.ScheduledThreadPoolExecutor$DelayedWorkQueue.take(ScheduledThreadPoolExecutor.java:809)
	at java.util.concurrent.ThreadPoolExecutor.getTask(ThreadPoolExecutor.java:1074)
	at java.util.concurrent.ThreadPoolExecutor.runWorker(ThreadPoolExecutor.java:1134)
	at java.util.concurrent.ThreadPoolExecutor$Worker.run(ThreadPoolExecutor.java:624)
	at java.lang.Thread.run(Thread.java:748)

   Locked ownable synchronizers:
	- None

"hrDeleteVendorInfoListenerContainer-0-C-1" #309 prio=5 os_prio=0 tid=0x00007f5f62b19000 nid=0x180 runnable [0x00007f5b432f3000]
   java.lang.Thread.State: RUNNABLE
	at sun.nio.ch.EPollArrayWrapper.epollWait(Native Method)
	at sun.nio.ch.EPollArrayWrapper.poll(EPollArrayWrapper.java:269)
	at sun.nio.ch.EPollSelectorImpl.doSelect(EPollSelectorImpl.java:93)
	at sun.nio.ch.SelectorImpl.lockAndDoSelect(SelectorImpl.java:86)
	- locked <0x000000070308d938> (a sun.nio.ch.Util$3)
	- locked <0x000000070308d920> (a java.util.Collections$UnmodifiableSet)
	- locked <0x0000000703006100> (a sun.nio.ch.EPollSelectorImpl)
	at sun.nio.ch.SelectorImpl.select(SelectorImpl.java:97)
	at org.apache.kafka.common.network.Selector.select(Selector.java:873)
	at org.apache.kafka.common.network.Selector.poll(Selector.java:469)
	at org.apache.kafka.clients.NetworkClient.poll(NetworkClient.java:550)
	at org.apache.kafka.clients.consumer.internals.ConsumerNetworkClient.poll(ConsumerNetworkClient.java:262)
	at org.apache.kafka.clients.consumer.internals.ConsumerNetworkClient.poll(ConsumerNetworkClient.java:233)
	at org.apache.kafka.clients.consumer.KafkaConsumer.pollForFetches(KafkaConsumer.java:1307)
	at org.apache.kafka.clients.consumer.KafkaConsumer.poll(KafkaConsumer.java:1243)
	at org.apache.kafka.clients.consumer.KafkaConsumer.poll(KafkaConsumer.java:1216)
	at org.springframework.kafka.listener.KafkaMessageListenerContainer$ListenerConsumer.doPoll(KafkaMessageListenerContainer.java:1109)
	at org.springframework.kafka.listener.KafkaMessageListenerContainer$ListenerConsumer.pollAndInvoke(KafkaMessageListenerContainer.java:1065)
	at org.springframework.kafka.listener.KafkaMessageListenerContainer$ListenerConsumer.run(KafkaMessageListenerContainer.java:990)
	at java.util.concurrent.Executors$RunnableAdapter.call(Executors.java:511)
	at java.util.concurrent.FutureTask.run(FutureTask.java:266)
	at java.lang.Thread.run(Thread.java:748)

   Locked ownable synchronizers:
	- <0x00000007030bc710> (a java.util.concurrent.locks.ReentrantLock$FairSync)

"ThreadPoolTaskScheduler-1" #308 prio=5 os_prio=0 tid=0x00007f5f633b2000 nid=0x17f waiting on condition [0x00007f5b433f4000]
   java.lang.Thread.State: TIMED_WAITING (parking)
	at sun.misc.Unsafe.park(Native Method)
	- parking to wait for  <0x00000007030c1220> (a java.util.concurrent.locks.AbstractQueuedSynchronizer$ConditionObject)
	at java.util.concurrent.locks.LockSupport.parkNanos(LockSupport.java:215)
	at java.util.concurrent.locks.AbstractQueuedSynchronizer$ConditionObject.awaitNanos(AbstractQueuedSynchronizer.java:2078)
	at java.util.concurrent.ScheduledThreadPoolExecutor$DelayedWorkQueue.take(ScheduledThreadPoolExecutor.java:1093)
	at java.util.concurrent.ScheduledThreadPoolExecutor$DelayedWorkQueue.take(ScheduledThreadPoolExecutor.java:809)
	at java.util.concurrent.ThreadPoolExecutor.getTask(ThreadPoolExecutor.java:1074)
	at java.util.concurrent.ThreadPoolExecutor.runWorker(ThreadPoolExecutor.java:1134)
	at java.util.concurrent.ThreadPoolExecutor$Worker.run(ThreadPoolExecutor.java:624)
	at java.lang.Thread.run(Thread.java:748)

   Locked ownable synchronizers:
	- None

"hrVendorInfoListenerContainer-0-C-1" #307 prio=5 os_prio=0 tid=0x00007f5f63355800 nid=0x17e runnable [0x00007f5b434f5000]
   java.lang.Thread.State: RUNNABLE
	at sun.nio.ch.EPollArrayWrapper.epollWait(Native Method)
	at sun.nio.ch.EPollArrayWrapper.poll(EPollArrayWrapper.java:269)
	at sun.nio.ch.EPollSelectorImpl.doSelect(EPollSelectorImpl.java:93)
	at sun.nio.ch.SelectorImpl.lockAndDoSelect(SelectorImpl.java:86)
	- locked <0x0000000702b8d988> (a sun.nio.ch.Util$3)
	- locked <0x0000000702b8d970> (a java.util.Collections$UnmodifiableSet)
	- locked <0x0000000702418660> (a sun.nio.ch.EPollSelectorImpl)
	at sun.nio.ch.SelectorImpl.select(SelectorImpl.java:97)
	at org.apache.kafka.common.network.Selector.select(Selector.java:873)
	at org.apache.kafka.common.network.Selector.poll(Selector.java:469)
	at org.apache.kafka.clients.NetworkClient.poll(NetworkClient.java:550)
	at org.apache.kafka.clients.consumer.internals.ConsumerNetworkClient.poll(ConsumerNetworkClient.java:262)
	at org.apache.kafka.clients.consumer.internals.ConsumerNetworkClient.poll(ConsumerNetworkClient.java:233)
	at org.apache.kafka.clients.consumer.KafkaConsumer.pollForFetches(KafkaConsumer.java:1307)
	at org.apache.kafka.clients.consumer.KafkaConsumer.poll(KafkaConsumer.java:1243)
	at org.apache.kafka.clients.consumer.KafkaConsumer.poll(KafkaConsumer.java:1216)
	at org.springframework.kafka.listener.KafkaMessageListenerContainer$ListenerConsumer.doPoll(KafkaMessageListenerContainer.java:1109)
	at org.springframework.kafka.listener.KafkaMessageListenerContainer$ListenerConsumer.pollAndInvoke(KafkaMessageListenerContainer.java:1065)
	at org.springframework.kafka.listener.KafkaMessageListenerContainer$ListenerConsumer.run(KafkaMessageListenerContainer.java:990)
	at java.util.concurrent.Executors$RunnableAdapter.call(Executors.java:511)
	at java.util.concurrent.FutureTask.run(FutureTask.java:266)
	at java.lang.Thread.run(Thread.java:748)

   Locked ownable synchronizers:
	- <0x000000070298aad8> (a java.util.concurrent.locks.ReentrantLock$FairSync)

"ThreadPoolTaskScheduler-1" #306 prio=5 os_prio=0 tid=0x00007f5f632a0000 nid=0x17d waiting on condition [0x00007f5cf2df4000]
   java.lang.Thread.State: TIMED_WAITING (parking)
	at sun.misc.Unsafe.park(Native Method)
	- parking to wait for  <0x00000007030eefe0> (a java.util.concurrent.locks.AbstractQueuedSynchronizer$ConditionObject)
	at java.util.concurrent.locks.LockSupport.parkNanos(LockSupport.java:215)
	at java.util.concurrent.locks.AbstractQueuedSynchronizer$ConditionObject.awaitNanos(AbstractQueuedSynchronizer.java:2078)
	at java.util.concurrent.ScheduledThreadPoolExecutor$DelayedWorkQueue.take(ScheduledThreadPoolExecutor.java:1093)
	at java.util.concurrent.ScheduledThreadPoolExecutor$DelayedWorkQueue.take(ScheduledThreadPoolExecutor.java:809)
	at java.util.concurrent.ThreadPoolExecutor.getTask(ThreadPoolExecutor.java:1074)
	at java.util.concurrent.ThreadPoolExecutor.runWorker(ThreadPoolExecutor.java:1134)
	at java.util.concurrent.ThreadPoolExecutor$Worker.run(ThreadPoolExecutor.java:624)
	at java.lang.Thread.run(Thread.java:748)

   Locked ownable synchronizers:
	- None

"NettyClientWorkerThread_3" #305 prio=5 os_prio=0 tid=0x00007f5b3c004800 nid=0x17c waiting on condition [0x00007f5b437f6000]
   java.lang.Thread.State: TIMED_WAITING (parking)
	at sun.misc.Unsafe.park(Native Method)
	- parking to wait for  <0x0000000703111240> (a java.util.concurrent.locks.AbstractQueuedSynchronizer$ConditionObject)
	at java.util.concurrent.locks.LockSupport.parkNanos(LockSupport.java:215)
	at java.util.concurrent.locks.AbstractQueuedSynchronizer$ConditionObject.awaitNanos(AbstractQueuedSynchronizer.java:2078)
	at java.util.concurrent.LinkedBlockingQueue.poll(LinkedBlockingQueue.java:467)
	at io.netty.util.concurrent.SingleThreadEventExecutor.takeTask(SingleThreadEventExecutor.java:256)
	at io.netty.util.concurrent.DefaultEventExecutor.run(DefaultEventExecutor.java:64)
	at io.netty.util.concurrent.SingleThreadEventExecutor$4.run(SingleThreadEventExecutor.java:989)
	at io.netty.util.internal.ThreadExecutorMap$2.run(ThreadExecutorMap.java:74)
	at java.lang.Thread.run(Thread.java:748)

   Locked ownable synchronizers:
	- None

"NettyClientWorkerThread_2" #304 prio=5 os_prio=0 tid=0x00007f5b3c003000 nid=0x17b waiting on condition [0x00007f5b438f7000]
   java.lang.Thread.State: TIMED_WAITING (parking)
	at sun.misc.Unsafe.park(Native Method)
	- parking to wait for  <0x0000000703111a08> (a java.util.concurrent.locks.AbstractQueuedSynchronizer$ConditionObject)
	at java.util.concurrent.locks.LockSupport.parkNanos(LockSupport.java:215)
	at java.util.concurrent.locks.AbstractQueuedSynchronizer$ConditionObject.awaitNanos(AbstractQueuedSynchronizer.java:2078)
	at java.util.concurrent.LinkedBlockingQueue.poll(LinkedBlockingQueue.java:467)
	at io.netty.util.concurrent.SingleThreadEventExecutor.takeTask(SingleThreadEventExecutor.java:256)
	at io.netty.util.concurrent.DefaultEventExecutor.run(DefaultEventExecutor.java:64)
	at io.netty.util.concurrent.SingleThreadEventExecutor$4.run(SingleThreadEventExecutor.java:989)
	at io.netty.util.internal.ThreadExecutorMap$2.run(ThreadExecutorMap.java:74)
	at java.lang.Thread.run(Thread.java:748)

   Locked ownable synchronizers:
	- None

"DiscoveryClient-HeartbeatExecutor-0" #303 daemon prio=5 os_prio=0 tid=0x00007f5c18001000 nid=0x17a waiting on condition [0x00007f5b439f8000]
   java.lang.Thread.State: WAITING (parking)
	at sun.misc.Unsafe.park(Native Method)
	- parking to wait for  <0x00000007022a3510> (a java.util.concurrent.SynchronousQueue$TransferStack)
	at java.util.concurrent.locks.LockSupport.park(LockSupport.java:175)
	at java.util.concurrent.SynchronousQueue$TransferStack.awaitFulfill(SynchronousQueue.java:458)
	at java.util.concurrent.SynchronousQueue$TransferStack.transfer(SynchronousQueue.java:362)
	at java.util.concurrent.SynchronousQueue.take(SynchronousQueue.java:924)
	at java.util.concurrent.ThreadPoolExecutor.getTask(ThreadPoolExecutor.java:1074)
	at java.util.concurrent.ThreadPoolExecutor.runWorker(ThreadPoolExecutor.java:1134)
	at java.util.concurrent.ThreadPoolExecutor$Worker.run(ThreadPoolExecutor.java:624)
	at java.lang.Thread.run(Thread.java:748)

   Locked ownable synchronizers:
	- None

"MQ-AsyncTraceDispatcher-Thread-24261d7d-e695-4fe0-886b-b1a0be7adefd" #300 daemon prio=5 os_prio=0 tid=0x00007f5f617dc000 nid=0x178 runnable [0x00007f5b43bfa000]
   java.lang.Thread.State: TIMED_WAITING (parking)
	at sun.misc.Unsafe.park(Native Method)
	- parking to wait for  <0x000000070322b878> (a java.util.concurrent.locks.AbstractQueuedSynchronizer$ConditionObject)
	at java.util.concurrent.locks.LockSupport.parkNanos(LockSupport.java:215)
	at java.util.concurrent.locks.AbstractQueuedSynchronizer$ConditionObject.awaitNanos(AbstractQueuedSynchronizer.java:2078)
	at java.util.concurrent.ArrayBlockingQueue.poll(ArrayBlockingQueue.java:418)
	at org.apache.rocketmq.client.trace.AsyncTraceDispatcher$AsyncRunnable.run(AsyncTraceDispatcher.java:247)
	at java.lang.Thread.run(Thread.java:748)

   Locked ownable synchronizers:
	- None

"NettyClientPublicExecutor_4" #299 prio=5 os_prio=0 tid=0x00007f5d18003000 nid=0x177 waiting on condition [0x00007f5b43cfb000]
   java.lang.Thread.State: WAITING (parking)
	at sun.misc.Unsafe.park(Native Method)
	- parking to wait for  <0x00000006ffe73130> (a java.util.concurrent.locks.AbstractQueuedSynchronizer$ConditionObject)
	at java.util.concurrent.locks.LockSupport.park(LockSupport.java:175)
	at java.util.concurrent.locks.AbstractQueuedSynchronizer$ConditionObject.await(AbstractQueuedSynchronizer.java:2039)
	at java.util.concurrent.LinkedBlockingQueue.take(LinkedBlockingQueue.java:442)
	at java.util.concurrent.ThreadPoolExecutor.getTask(ThreadPoolExecutor.java:1074)
	at java.util.concurrent.ThreadPoolExecutor.runWorker(ThreadPoolExecutor.java:1134)
	at java.util.concurrent.ThreadPoolExecutor$Worker.run(ThreadPoolExecutor.java:624)
	at java.lang.Thread.run(Thread.java:748)

   Locked ownable synchronizers:
	- None

"NettyClientPublicExecutor_3" #298 prio=5 os_prio=0 tid=0x00007f5d1c001800 nid=0x176 waiting on condition [0x00007f5b43dfc000]
   java.lang.Thread.State: WAITING (parking)
	at sun.misc.Unsafe.park(Native Method)
	- parking to wait for  <0x00000006ffe73130> (a java.util.concurrent.locks.AbstractQueuedSynchronizer$ConditionObject)
	at java.util.concurrent.locks.LockSupport.park(LockSupport.java:175)
	at java.util.concurrent.locks.AbstractQueuedSynchronizer$ConditionObject.await(AbstractQueuedSynchronizer.java:2039)
	at java.util.concurrent.LinkedBlockingQueue.take(LinkedBlockingQueue.java:442)
	at java.util.concurrent.ThreadPoolExecutor.getTask(ThreadPoolExecutor.java:1074)
	at java.util.concurrent.ThreadPoolExecutor.runWorker(ThreadPoolExecutor.java:1134)
	at java.util.concurrent.ThreadPoolExecutor$Worker.run(ThreadPoolExecutor.java:624)
	at java.lang.Thread.run(Thread.java:748)

   Locked ownable synchronizers:
	- None

"NettyClientWorkerThread_1" #297 prio=5 os_prio=0 tid=0x00007f5b3c001000 nid=0x175 waiting on condition [0x00007f5b43efd000]
   java.lang.Thread.State: TIMED_WAITING (parking)
	at sun.misc.Unsafe.park(Native Method)
	- parking to wait for  <0x0000000703111b28> (a java.util.concurrent.locks.AbstractQueuedSynchronizer$ConditionObject)
	at java.util.concurrent.locks.LockSupport.parkNanos(LockSupport.java:215)
	at java.util.concurrent.locks.AbstractQueuedSynchronizer$ConditionObject.awaitNanos(AbstractQueuedSynchronizer.java:2078)
	at java.util.concurrent.LinkedBlockingQueue.poll(LinkedBlockingQueue.java:467)
	at io.netty.util.concurrent.SingleThreadEventExecutor.takeTask(SingleThreadEventExecutor.java:256)
	at io.netty.util.concurrent.DefaultEventExecutor.run(DefaultEventExecutor.java:64)
	at io.netty.util.concurrent.SingleThreadEventExecutor$4.run(SingleThreadEventExecutor.java:989)
	at io.netty.util.internal.ThreadExecutorMap$2.run(ThreadExecutorMap.java:74)
	at java.lang.Thread.run(Thread.java:748)

   Locked ownable synchronizers:
	- None

"NettyClientSelector_1" #296 prio=5 os_prio=0 tid=0x00007f5b60001800 nid=0x174 runnable [0x00007f5b43ffe000]
   java.lang.Thread.State: RUNNABLE
	at sun.nio.ch.EPollArrayWrapper.epollWait(Native Method)
	at sun.nio.ch.EPollArrayWrapper.poll(EPollArrayWrapper.java:269)
	at sun.nio.ch.EPollSelectorImpl.doSelect(EPollSelectorImpl.java:93)
	at sun.nio.ch.SelectorImpl.lockAndDoSelect(SelectorImpl.java:86)
	- locked <0x00000007031113a8> (a io.netty.channel.nio.SelectedSelectionKeySet)
	- locked <0x00000007031113d8> (a java.util.Collections$UnmodifiableSet)
	- locked <0x00000007024182b8> (a sun.nio.ch.EPollSelectorImpl)
	at sun.nio.ch.SelectorImpl.select(SelectorImpl.java:97)
	at sun.nio.ch.SelectorImpl.select(SelectorImpl.java:101)
	at io.netty.channel.nio.SelectedSelectionKeySetSelector.select(SelectedSelectionKeySetSelector.java:68)
	at io.netty.channel.nio.NioEventLoop.select(NioEventLoop.java:803)
	at io.netty.channel.nio.NioEventLoop.run(NioEventLoop.java:457)
	at io.netty.util.concurrent.SingleThreadEventExecutor$4.run(SingleThreadEventExecutor.java:989)
	at io.netty.util.internal.ThreadExecutorMap$2.run(ThreadExecutorMap.java:74)
	at java.lang.Thread.run(Thread.java:748)

   Locked ownable synchronizers:
	- None

"PullMessageServiceScheduledThread" #295 prio=5 os_prio=0 tid=0x00007f5b80005000 nid=0x173 waiting on condition [0x00007f5c281c6000]
   java.lang.Thread.State: WAITING (parking)
	at sun.misc.Unsafe.park(Native Method)
	- parking to wait for  <0x000000070322b9e0> (a java.util.concurrent.locks.AbstractQueuedSynchronizer$ConditionObject)
	at java.util.concurrent.locks.LockSupport.park(LockSupport.java:175)
	at java.util.concurrent.locks.AbstractQueuedSynchronizer$ConditionObject.await(AbstractQueuedSynchronizer.java:2039)
	at java.util.concurrent.ScheduledThreadPoolExecutor$DelayedWorkQueue.take(ScheduledThreadPoolExecutor.java:1081)
	at java.util.concurrent.ScheduledThreadPoolExecutor$DelayedWorkQueue.take(ScheduledThreadPoolExecutor.java:809)
	at java.util.concurrent.ThreadPoolExecutor.getTask(ThreadPoolExecutor.java:1074)
	at java.util.concurrent.ThreadPoolExecutor.runWorker(ThreadPoolExecutor.java:1134)
	at java.util.concurrent.ThreadPoolExecutor$Worker.run(ThreadPoolExecutor.java:624)
	at java.lang.Thread.run(Thread.java:748)

   Locked ownable synchronizers:
	- None

"CleanExpireMsgScheduledThread_1" #294 prio=5 os_prio=0 tid=0x00007f5f62108000 nid=0x172 waiting on condition [0x00007f5c282c7000]
   java.lang.Thread.State: TIMED_WAITING (parking)
	at sun.misc.Unsafe.park(Native Method)
	- parking to wait for  <0x0000000703114c78> (a java.util.concurrent.locks.AbstractQueuedSynchronizer$ConditionObject)
	at java.util.concurrent.locks.LockSupport.parkNanos(LockSupport.java:215)
	at java.util.concurrent.locks.AbstractQueuedSynchronizer$ConditionObject.awaitNanos(AbstractQueuedSynchronizer.java:2078)
	at java.util.concurrent.ScheduledThreadPoolExecutor$DelayedWorkQueue.take(ScheduledThreadPoolExecutor.java:1093)
	at java.util.concurrent.ScheduledThreadPoolExecutor$DelayedWorkQueue.take(ScheduledThreadPoolExecutor.java:809)
	at java.util.concurrent.ThreadPoolExecutor.getTask(ThreadPoolExecutor.java:1074)
	at java.util.concurrent.ThreadPoolExecutor.runWorker(ThreadPoolExecutor.java:1134)
	at java.util.concurrent.ThreadPoolExecutor$Worker.run(ThreadPoolExecutor.java:624)
	at java.lang.Thread.run(Thread.java:748)

   Locked ownable synchronizers:
	- None

"RequestHouseKeepingService" #293 daemon prio=5 os_prio=0 tid=0x00007f5f62119000 nid=0x171 in Object.wait() [0x00007f5c283c8000]
   java.lang.Thread.State: TIMED_WAITING (on object monitor)
	at java.lang.Object.wait(Native Method)
	at java.util.TimerThread.mainLoop(Timer.java:552)
	- locked <0x0000000702c776e0> (a java.util.TaskQueue)
	at java.util.TimerThread.run(Timer.java:505)

   Locked ownable synchronizers:
	- None

"MQ-AsyncTraceDispatcher-Thread-a579fc4d-6903-448a-8c2b-556d4e93364d" #291 daemon prio=5 os_prio=0 tid=0x00007f5f62d13000 nid=0x170 runnable [0x00007f5c284c9000]
   java.lang.Thread.State: TIMED_WAITING (parking)
	at sun.misc.Unsafe.park(Native Method)
	- parking to wait for  <0x00000007023981d0> (a java.util.concurrent.locks.AbstractQueuedSynchronizer$ConditionObject)
	at java.util.concurrent.locks.LockSupport.parkNanos(LockSupport.java:215)
	at java.util.concurrent.locks.AbstractQueuedSynchronizer$ConditionObject.awaitNanos(AbstractQueuedSynchronizer.java:2078)
	at java.util.concurrent.ArrayBlockingQueue.poll(ArrayBlockingQueue.java:418)
	at org.apache.rocketmq.client.trace.AsyncTraceDispatcher$AsyncRunnable.run(AsyncTraceDispatcher.java:247)
	at java.lang.Thread.run(Thread.java:748)

   Locked ownable synchronizers:
	- None

"RebalanceService" #290 prio=5 os_prio=0 tid=0x00007f5f62d9b000 nid=0x16f waiting on condition [0x00007f5c285ca000]
   java.lang.Thread.State: TIMED_WAITING (parking)
	at sun.misc.Unsafe.park(Native Method)
	- parking to wait for  <0x0000000703119ae8> (a org.apache.rocketmq.common.CountDownLatch2$Sync)
	at java.util.concurrent.locks.LockSupport.parkNanos(LockSupport.java:215)
	at java.util.concurrent.locks.AbstractQueuedSynchronizer.doAcquireSharedNanos(AbstractQueuedSynchronizer.java:1037)
	at java.util.concurrent.locks.AbstractQueuedSynchronizer.tryAcquireSharedNanos(AbstractQueuedSynchronizer.java:1328)
	at org.apache.rocketmq.common.CountDownLatch2.await(CountDownLatch2.java:114)
	at org.apache.rocketmq.common.ServiceThread.waitForRunning(ServiceThread.java:139)
	at org.apache.rocketmq.client.impl.consumer.RebalanceService.run(RebalanceService.java:40)
	at java.lang.Thread.run(Thread.java:748)

   Locked ownable synchronizers:
	- None

"PullMessageService" #289 prio=5 os_prio=0 tid=0x00007f5f62c3e000 nid=0x16e waiting on condition [0x00007f5c286cb000]
   java.lang.Thread.State: WAITING (parking)
	at sun.misc.Unsafe.park(Native Method)
	- parking to wait for  <0x0000000703112650> (a java.util.concurrent.locks.AbstractQueuedSynchronizer$ConditionObject)
	at java.util.concurrent.locks.LockSupport.park(LockSupport.java:175)
	at java.util.concurrent.locks.AbstractQueuedSynchronizer$ConditionObject.await(AbstractQueuedSynchronizer.java:2039)
	at java.util.concurrent.LinkedBlockingQueue.take(LinkedBlockingQueue.java:442)
	at org.apache.rocketmq.client.impl.consumer.PullMessageService.run(PullMessageService.java:95)
	at java.lang.Thread.run(Thread.java:748)

   Locked ownable synchronizers:
	- None

"MQClientFactoryScheduledThread" #288 prio=5 os_prio=0 tid=0x00007f5f62c36000 nid=0x16d waiting on condition [0x00007f5c287cc000]
   java.lang.Thread.State: TIMED_WAITING (parking)
	at sun.misc.Unsafe.park(Native Method)
	- parking to wait for  <0x0000000703111c90> (a java.util.concurrent.locks.AbstractQueuedSynchronizer$ConditionObject)
	at java.util.concurrent.locks.LockSupport.parkNanos(LockSupport.java:215)
	at java.util.concurrent.locks.AbstractQueuedSynchronizer$ConditionObject.awaitNanos(AbstractQueuedSynchronizer.java:2078)
	at java.util.concurrent.ScheduledThreadPoolExecutor$DelayedWorkQueue.take(ScheduledThreadPoolExecutor.java:1093)
	at java.util.concurrent.ScheduledThreadPoolExecutor$DelayedWorkQueue.take(ScheduledThreadPoolExecutor.java:809)
	at java.util.concurrent.ThreadPoolExecutor.getTask(ThreadPoolExecutor.java:1074)
	at java.util.concurrent.ThreadPoolExecutor.runWorker(ThreadPoolExecutor.java:1134)
	at java.util.concurrent.ThreadPoolExecutor$Worker.run(ThreadPoolExecutor.java:624)
	at java.lang.Thread.run(Thread.java:748)

   Locked ownable synchronizers:
	- None

"RequestHouseKeepingService" #287 daemon prio=5 os_prio=0 tid=0x00007f5f62c00000 nid=0x16c in Object.wait() [0x00007f5c288cd000]
   java.lang.Thread.State: TIMED_WAITING (on object monitor)
	at java.lang.Object.wait(Native Method)
	at java.util.TimerThread.mainLoop(Timer.java:552)
	- locked <0x0000000703112050> (a java.util.TaskQueue)
	at java.util.TimerThread.run(Timer.java:505)

   Locked ownable synchronizers:
	- None

"ClientHouseKeepingService" #286 daemon prio=5 os_prio=0 tid=0x00007f5f62b69800 nid=0x16b in Object.wait() [0x00007f5c289ce000]
   java.lang.Thread.State: TIMED_WAITING (on object monitor)
	at java.lang.Object.wait(Native Method)
	at java.util.TimerThread.mainLoop(Timer.java:552)
	- locked <0x0000000703113e08> (a java.util.TaskQueue)
	at java.util.TimerThread.run(Timer.java:505)

   Locked ownable synchronizers:
	- None

"NettyClientPublicExecutor_4" #284 prio=5 os_prio=0 tid=0x00007f5b88001000 nid=0x16a waiting on condition [0x00007f5c28acf000]
   java.lang.Thread.State: WAITING (parking)
	at sun.misc.Unsafe.park(Native Method)
	- parking to wait for  <0x000000070322ee60> (a java.util.concurrent.locks.AbstractQueuedSynchronizer$ConditionObject)
	at java.util.concurrent.locks.LockSupport.park(LockSupport.java:175)
	at java.util.concurrent.locks.AbstractQueuedSynchronizer$ConditionObject.await(AbstractQueuedSynchronizer.java:2039)
	at java.util.concurrent.LinkedBlockingQueue.take(LinkedBlockingQueue.java:442)
	at java.util.concurrent.ThreadPoolExecutor.getTask(ThreadPoolExecutor.java:1074)
	at java.util.concurrent.ThreadPoolExecutor.runWorker(ThreadPoolExecutor.java:1134)
	at java.util.concurrent.ThreadPoolExecutor$Worker.run(ThreadPoolExecutor.java:624)
	at java.lang.Thread.run(Thread.java:748)

   Locked ownable synchronizers:
	- None

"NettyClientPublicExecutor_3" #283 prio=5 os_prio=0 tid=0x00007f5b78001000 nid=0x169 waiting on condition [0x00007f5c28bd0000]
   java.lang.Thread.State: WAITING (parking)
	at sun.misc.Unsafe.park(Native Method)
	- parking to wait for  <0x000000070322ee60> (a java.util.concurrent.locks.AbstractQueuedSynchronizer$ConditionObject)
	at java.util.concurrent.locks.LockSupport.park(LockSupport.java:175)
	at java.util.concurrent.locks.AbstractQueuedSynchronizer$ConditionObject.await(AbstractQueuedSynchronizer.java:2039)
	at java.util.concurrent.LinkedBlockingQueue.take(LinkedBlockingQueue.java:442)
	at java.util.concurrent.ThreadPoolExecutor.getTask(ThreadPoolExecutor.java:1074)
	at java.util.concurrent.ThreadPoolExecutor.runWorker(ThreadPoolExecutor.java:1134)
	at java.util.concurrent.ThreadPoolExecutor$Worker.run(ThreadPoolExecutor.java:624)
	at java.lang.Thread.run(Thread.java:748)

   Locked ownable synchronizers:
	- None

"NettyClientPublicExecutor_2" #282 prio=5 os_prio=0 tid=0x00007f5b74001000 nid=0x168 waiting on condition [0x00007f5c28cd1000]
   java.lang.Thread.State: WAITING (parking)
	at sun.misc.Unsafe.park(Native Method)
	- parking to wait for  <0x000000070322ee60> (a java.util.concurrent.locks.AbstractQueuedSynchronizer$ConditionObject)
	at java.util.concurrent.locks.LockSupport.park(LockSupport.java:175)
	at java.util.concurrent.locks.AbstractQueuedSynchronizer$ConditionObject.await(AbstractQueuedSynchronizer.java:2039)
	at java.util.concurrent.LinkedBlockingQueue.take(LinkedBlockingQueue.java:442)
	at java.util.concurrent.ThreadPoolExecutor.getTask(ThreadPoolExecutor.java:1074)
	at java.util.concurrent.ThreadPoolExecutor.runWorker(ThreadPoolExecutor.java:1134)
	at java.util.concurrent.ThreadPoolExecutor$Worker.run(ThreadPoolExecutor.java:624)
	at java.lang.Thread.run(Thread.java:748)

   Locked ownable synchronizers:
	- None

"NettyClientWorkerThread_4" #281 prio=5 os_prio=0 tid=0x00007f5b84006800 nid=0x167 waiting on condition [0x00007f5c28dd2000]
   java.lang.Thread.State: TIMED_WAITING (parking)
	at sun.misc.Unsafe.park(Native Method)
	- parking to wait for  <0x000000070322d018> (a java.util.concurrent.locks.AbstractQueuedSynchronizer$ConditionObject)
	at java.util.concurrent.locks.LockSupport.parkNanos(LockSupport.java:215)
	at java.util.concurrent.locks.AbstractQueuedSynchronizer$ConditionObject.awaitNanos(AbstractQueuedSynchronizer.java:2078)
	at java.util.concurrent.LinkedBlockingQueue.poll(LinkedBlockingQueue.java:467)
	at io.netty.util.concurrent.SingleThreadEventExecutor.takeTask(SingleThreadEventExecutor.java:256)
	at io.netty.util.concurrent.DefaultEventExecutor.run(DefaultEventExecutor.java:64)
	at io.netty.util.concurrent.SingleThreadEventExecutor$4.run(SingleThreadEventExecutor.java:989)
	at io.netty.util.internal.ThreadExecutorMap$2.run(ThreadExecutorMap.java:74)
	at java.lang.Thread.run(Thread.java:748)

   Locked ownable synchronizers:
	- None

"NettyClientWorkerThread_3" #280 prio=5 os_prio=0 tid=0x00007f5b84005000 nid=0x166 waiting on condition [0x00007f5c28ed3000]
   java.lang.Thread.State: TIMED_WAITING (parking)
	at sun.misc.Unsafe.park(Native Method)
	- parking to wait for  <0x000000070322cf28> (a java.util.concurrent.locks.AbstractQueuedSynchronizer$ConditionObject)
	at java.util.concurrent.locks.LockSupport.parkNanos(LockSupport.java:215)
	at java.util.concurrent.locks.AbstractQueuedSynchronizer$ConditionObject.awaitNanos(AbstractQueuedSynchronizer.java:2078)
	at java.util.concurrent.LinkedBlockingQueue.poll(LinkedBlockingQueue.java:467)
	at io.netty.util.concurrent.SingleThreadEventExecutor.takeTask(SingleThreadEventExecutor.java:256)
	at io.netty.util.concurrent.DefaultEventExecutor.run(DefaultEventExecutor.java:64)
	at io.netty.util.concurrent.SingleThreadEventExecutor$4.run(SingleThreadEventExecutor.java:989)
	at io.netty.util.internal.ThreadExecutorMap$2.run(ThreadExecutorMap.java:74)
	at java.lang.Thread.run(Thread.java:748)

   Locked ownable synchronizers:
	- None

"NettyClientPublicExecutor_1" #279 prio=5 os_prio=0 tid=0x00007f5b7c001000 nid=0x165 waiting on condition [0x00007f5c28fd4000]
   java.lang.Thread.State: WAITING (parking)
	at sun.misc.Unsafe.park(Native Method)
	- parking to wait for  <0x000000070322ee60> (a java.util.concurrent.locks.AbstractQueuedSynchronizer$ConditionObject)
	at java.util.concurrent.locks.LockSupport.park(LockSupport.java:175)
	at java.util.concurrent.locks.AbstractQueuedSynchronizer$ConditionObject.await(AbstractQueuedSynchronizer.java:2039)
	at java.util.concurrent.LinkedBlockingQueue.take(LinkedBlockingQueue.java:442)
	at java.util.concurrent.ThreadPoolExecutor.getTask(ThreadPoolExecutor.java:1074)
	at java.util.concurrent.ThreadPoolExecutor.runWorker(ThreadPoolExecutor.java:1134)
	at java.util.concurrent.ThreadPoolExecutor$Worker.run(ThreadPoolExecutor.java:624)
	at java.lang.Thread.run(Thread.java:748)

   Locked ownable synchronizers:
	- None

"NettyClientWorkerThread_2" #278 prio=5 os_prio=0 tid=0x00007f5b84003000 nid=0x164 waiting on condition [0x00007f5c290d5000]
   java.lang.Thread.State: TIMED_WAITING (parking)
	at sun.misc.Unsafe.park(Native Method)
	- parking to wait for  <0x000000070322c760> (a java.util.concurrent.locks.AbstractQueuedSynchronizer$ConditionObject)
	at java.util.concurrent.locks.LockSupport.parkNanos(LockSupport.java:215)
	at java.util.concurrent.locks.AbstractQueuedSynchronizer$ConditionObject.awaitNanos(AbstractQueuedSynchronizer.java:2078)
	at java.util.concurrent.LinkedBlockingQueue.poll(LinkedBlockingQueue.java:467)
	at io.netty.util.concurrent.SingleThreadEventExecutor.takeTask(SingleThreadEventExecutor.java:256)
	at io.netty.util.concurrent.DefaultEventExecutor.run(DefaultEventExecutor.java:64)
	at io.netty.util.concurrent.SingleThreadEventExecutor$4.run(SingleThreadEventExecutor.java:989)
	at io.netty.util.internal.ThreadExecutorMap$2.run(ThreadExecutorMap.java:74)
	at java.lang.Thread.run(Thread.java:748)

   Locked ownable synchronizers:
	- None

"NettyClientWorkerThread_1" #277 prio=5 os_prio=0 tid=0x00007f5b84001000 nid=0x163 waiting on condition [0x00007f5c291d6000]
   java.lang.Thread.State: TIMED_WAITING (parking)
	at sun.misc.Unsafe.park(Native Method)
	- parking to wait for  <0x000000070322da08> (a java.util.concurrent.locks.AbstractQueuedSynchronizer$ConditionObject)
	at java.util.concurrent.locks.LockSupport.parkNanos(LockSupport.java:215)
	at java.util.concurrent.locks.AbstractQueuedSynchronizer$ConditionObject.awaitNanos(AbstractQueuedSynchronizer.java:2078)
	at java.util.concurrent.LinkedBlockingQueue.poll(LinkedBlockingQueue.java:467)
	at io.netty.util.concurrent.SingleThreadEventExecutor.takeTask(SingleThreadEventExecutor.java:256)
	at io.netty.util.concurrent.DefaultEventExecutor.run(DefaultEventExecutor.java:64)
	at io.netty.util.concurrent.SingleThreadEventExecutor$4.run(SingleThreadEventExecutor.java:989)
	at io.netty.util.internal.ThreadExecutorMap$2.run(ThreadExecutorMap.java:74)
	at java.lang.Thread.run(Thread.java:748)

   Locked ownable synchronizers:
	- None

"NettyClientSelector_1" #276 prio=5 os_prio=0 tid=0x00007f5b94001800 nid=0x162 runnable [0x00007f5c292d7000]
   java.lang.Thread.State: RUNNABLE
	at sun.nio.ch.EPollArrayWrapper.epollWait(Native Method)
	at sun.nio.ch.EPollArrayWrapper.poll(EPollArrayWrapper.java:269)
	at sun.nio.ch.EPollSelectorImpl.doSelect(EPollSelectorImpl.java:93)
	at sun.nio.ch.SelectorImpl.lockAndDoSelect(SelectorImpl.java:86)
	- locked <0x000000070322c8c8> (a io.netty.channel.nio.SelectedSelectionKeySet)
	- locked <0x000000070322c8f8> (a java.util.Collections$UnmodifiableSet)
	- locked <0x00000007031ae6b8> (a sun.nio.ch.EPollSelectorImpl)
	at sun.nio.ch.SelectorImpl.select(SelectorImpl.java:97)
	at sun.nio.ch.SelectorImpl.select(SelectorImpl.java:101)
	at io.netty.channel.nio.SelectedSelectionKeySetSelector.select(SelectedSelectionKeySetSelector.java:68)
	at io.netty.channel.nio.NioEventLoop.select(NioEventLoop.java:803)
	at io.netty.channel.nio.NioEventLoop.run(NioEventLoop.java:457)
	at io.netty.util.concurrent.SingleThreadEventExecutor$4.run(SingleThreadEventExecutor.java:989)
	at io.netty.util.internal.ThreadExecutorMap$2.run(ThreadExecutorMap.java:74)
	at java.lang.Thread.run(Thread.java:748)

   Locked ownable synchronizers:
	- None

"RebalanceService" #275 prio=5 os_prio=0 tid=0x00007f5f62948800 nid=0x161 waiting on condition [0x00007f5c293d8000]
   java.lang.Thread.State: TIMED_WAITING (parking)
	at sun.misc.Unsafe.park(Native Method)
	- parking to wait for  <0x000000070311efa8> (a org.apache.rocketmq.common.CountDownLatch2$Sync)
	at java.util.concurrent.locks.LockSupport.parkNanos(LockSupport.java:215)
	at java.util.concurrent.locks.AbstractQueuedSynchronizer.doAcquireSharedNanos(AbstractQueuedSynchronizer.java:1037)
	at java.util.concurrent.locks.AbstractQueuedSynchronizer.tryAcquireSharedNanos(AbstractQueuedSynchronizer.java:1328)
	at org.apache.rocketmq.common.CountDownLatch2.await(CountDownLatch2.java:114)
	at org.apache.rocketmq.common.ServiceThread.waitForRunning(ServiceThread.java:139)
	at org.apache.rocketmq.client.impl.consumer.RebalanceService.run(RebalanceService.java:40)
	at java.lang.Thread.run(Thread.java:748)

   Locked ownable synchronizers:
	- None

"PullMessageService" #274 prio=5 os_prio=0 tid=0x00007f5f62b7e800 nid=0x160 waiting on condition [0x00007f5c294d9000]
   java.lang.Thread.State: WAITING (parking)
	at sun.misc.Unsafe.park(Native Method)
	- parking to wait for  <0x00000007032304c8> (a java.util.concurrent.locks.AbstractQueuedSynchronizer$ConditionObject)
	at java.util.concurrent.locks.LockSupport.park(LockSupport.java:175)
	at java.util.concurrent.locks.AbstractQueuedSynchronizer$ConditionObject.await(AbstractQueuedSynchronizer.java:2039)
	at java.util.concurrent.LinkedBlockingQueue.take(LinkedBlockingQueue.java:442)
	at org.apache.rocketmq.client.impl.consumer.PullMessageService.run(PullMessageService.java:95)
	at java.lang.Thread.run(Thread.java:748)

   Locked ownable synchronizers:
	- None

"CleanExpireMsgScheduledThread_1" #273 prio=5 os_prio=0 tid=0x00007f5f62c26800 nid=0x15f waiting on condition [0x00007f5c295da000]
   java.lang.Thread.State: TIMED_WAITING (parking)
	at sun.misc.Unsafe.park(Native Method)
	- parking to wait for  <0x0000000703230600> (a java.util.concurrent.locks.AbstractQueuedSynchronizer$ConditionObject)
	at java.util.concurrent.locks.LockSupport.parkNanos(LockSupport.java:215)
	at java.util.concurrent.locks.AbstractQueuedSynchronizer$ConditionObject.awaitNanos(AbstractQueuedSynchronizer.java:2078)
	at java.util.concurrent.ScheduledThreadPoolExecutor$DelayedWorkQueue.take(ScheduledThreadPoolExecutor.java:1093)
	at java.util.concurrent.ScheduledThreadPoolExecutor$DelayedWorkQueue.take(ScheduledThreadPoolExecutor.java:809)
	at java.util.concurrent.ThreadPoolExecutor.getTask(ThreadPoolExecutor.java:1074)
	at java.util.concurrent.ThreadPoolExecutor.runWorker(ThreadPoolExecutor.java:1134)
	at java.util.concurrent.ThreadPoolExecutor$Worker.run(ThreadPoolExecutor.java:624)
	at java.lang.Thread.run(Thread.java:748)

   Locked ownable synchronizers:
	- None

"MQClientFactoryScheduledThread" #272 prio=5 os_prio=0 tid=0x00007f5f62c24800 nid=0x15e waiting on condition [0x00007f5c296db000]
   java.lang.Thread.State: TIMED_WAITING (parking)
	at sun.misc.Unsafe.park(Native Method)
	- parking to wait for  <0x000000070322d120> (a java.util.concurrent.locks.AbstractQueuedSynchronizer$ConditionObject)
	at java.util.concurrent.locks.LockSupport.parkNanos(LockSupport.java:215)
	at java.util.concurrent.locks.AbstractQueuedSynchronizer$ConditionObject.awaitNanos(AbstractQueuedSynchronizer.java:2078)
	at java.util.concurrent.ScheduledThreadPoolExecutor$DelayedWorkQueue.take(ScheduledThreadPoolExecutor.java:1093)
	at java.util.concurrent.ScheduledThreadPoolExecutor$DelayedWorkQueue.take(ScheduledThreadPoolExecutor.java:809)
	at java.util.concurrent.ThreadPoolExecutor.getTask(ThreadPoolExecutor.java:1074)
	at java.util.concurrent.ThreadPoolExecutor.runWorker(ThreadPoolExecutor.java:1134)
	at java.util.concurrent.ThreadPoolExecutor$Worker.run(ThreadPoolExecutor.java:624)
	at java.lang.Thread.run(Thread.java:748)

   Locked ownable synchronizers:
	- None

"RequestHouseKeepingService" #271 daemon prio=5 os_prio=0 tid=0x00007f5f60f9b800 nid=0x15d in Object.wait() [0x00007f5c297dc000]
   java.lang.Thread.State: TIMED_WAITING (on object monitor)
	at java.lang.Object.wait(Native Method)
	at java.util.TimerThread.mainLoop(Timer.java:552)
	- locked <0x000000070322bcf8> (a java.util.TaskQueue)
	at java.util.TimerThread.run(Timer.java:505)

   Locked ownable synchronizers:
	- None

"ClientHouseKeepingService" #270 daemon prio=5 os_prio=0 tid=0x00007f5f6273c000 nid=0x15c in Object.wait() [0x00007f5c298dd000]
   java.lang.Thread.State: TIMED_WAITING (on object monitor)
	at java.lang.Object.wait(Native Method)
	at java.util.TimerThread.mainLoop(Timer.java:552)
	- locked <0x000000070322f100> (a java.util.TaskQueue)
	at java.util.TimerThread.run(Timer.java:505)

   Locked ownable synchronizers:
	- None

"RequestHouseKeepingService" #268 daemon prio=5 os_prio=0 tid=0x00007f5f6203d800 nid=0x15b in Object.wait() [0x00007f5c299de000]
   java.lang.Thread.State: TIMED_WAITING (on object monitor)
	at java.lang.Object.wait(Native Method)
	at java.util.TimerThread.mainLoop(Timer.java:552)
	- locked <0x0000000703112878> (a java.util.TaskQueue)
	at java.util.TimerThread.run(Timer.java:505)

   Locked ownable synchronizers:
	- None

"MQ-AsyncTraceDispatcher-Thread-550258bd-e19d-4b1d-9e2a-b9ac8ec1f740" #266 daemon prio=5 os_prio=0 tid=0x00007f5f61314000 nid=0x15a runnable [0x00007f5c29adf000]
   java.lang.Thread.State: TIMED_WAITING (parking)
	at sun.misc.Unsafe.park(Native Method)
	- parking to wait for  <0x00000007026987b8> (a java.util.concurrent.locks.AbstractQueuedSynchronizer$ConditionObject)
	at java.util.concurrent.locks.LockSupport.parkNanos(LockSupport.java:215)
	at java.util.concurrent.locks.AbstractQueuedSynchronizer$ConditionObject.awaitNanos(AbstractQueuedSynchronizer.java:2078)
	at java.util.concurrent.ArrayBlockingQueue.poll(ArrayBlockingQueue.java:418)
	at org.apache.rocketmq.client.trace.AsyncTraceDispatcher$AsyncRunnable.run(AsyncTraceDispatcher.java:247)
	at java.lang.Thread.run(Thread.java:748)

   Locked ownable synchronizers:
	- None

"NettyClientPublicExecutor_2" #265 prio=5 os_prio=0 tid=0x00007f5bac001000 nid=0x159 waiting on condition [0x00007f5c29be0000]
   java.lang.Thread.State: WAITING (parking)
	at sun.misc.Unsafe.park(Native Method)
	- parking to wait for  <0x0000000702c77320> (a java.util.concurrent.locks.AbstractQueuedSynchronizer$ConditionObject)
	at java.util.concurrent.locks.LockSupport.park(LockSupport.java:175)
	at java.util.concurrent.locks.AbstractQueuedSynchronizer$ConditionObject.await(AbstractQueuedSynchronizer.java:2039)
	at java.util.concurrent.LinkedBlockingQueue.take(LinkedBlockingQueue.java:442)
	at java.util.concurrent.ThreadPoolExecutor.getTask(ThreadPoolExecutor.java:1074)
	at java.util.concurrent.ThreadPoolExecutor.runWorker(ThreadPoolExecutor.java:1134)
	at java.util.concurrent.ThreadPoolExecutor$Worker.run(ThreadPoolExecutor.java:624)
	at java.lang.Thread.run(Thread.java:748)

   Locked ownable synchronizers:
	- None

"NettyClientWorkerThread_3" #264 prio=5 os_prio=0 tid=0x00007f5bbc006000 nid=0x158 waiting on condition [0x00007f5c29ce1000]
   java.lang.Thread.State: TIMED_WAITING (parking)
	at sun.misc.Unsafe.park(Native Method)
	- parking to wait for  <0x0000000702c76e58> (a java.util.concurrent.locks.AbstractQueuedSynchronizer$ConditionObject)
	at java.util.concurrent.locks.LockSupport.parkNanos(LockSupport.java:215)
	at java.util.concurrent.locks.AbstractQueuedSynchronizer$ConditionObject.awaitNanos(AbstractQueuedSynchronizer.java:2078)
	at java.util.concurrent.LinkedBlockingQueue.poll(LinkedBlockingQueue.java:467)
	at io.netty.util.concurrent.SingleThreadEventExecutor.takeTask(SingleThreadEventExecutor.java:256)
	at io.netty.util.concurrent.DefaultEventExecutor.run(DefaultEventExecutor.java:64)
	at io.netty.util.concurrent.SingleThreadEventExecutor$4.run(SingleThreadEventExecutor.java:989)
	at io.netty.util.internal.ThreadExecutorMap$2.run(ThreadExecutorMap.java:74)
	at java.lang.Thread.run(Thread.java:748)

   Locked ownable synchronizers:
	- None

"NettyClientPublicExecutor_1" #263 prio=5 os_prio=0 tid=0x00007f5bb4001000 nid=0x157 waiting on condition [0x00007f5c29de2000]
   java.lang.Thread.State: WAITING (parking)
	at sun.misc.Unsafe.park(Native Method)
	- parking to wait for  <0x0000000702c77320> (a java.util.concurrent.locks.AbstractQueuedSynchronizer$ConditionObject)
	at java.util.concurrent.locks.LockSupport.park(LockSupport.java:175)
	at java.util.concurrent.locks.AbstractQueuedSynchronizer$ConditionObject.await(AbstractQueuedSynchronizer.java:2039)
	at java.util.concurrent.LinkedBlockingQueue.take(LinkedBlockingQueue.java:442)
	at java.util.concurrent.ThreadPoolExecutor.getTask(ThreadPoolExecutor.java:1074)
	at java.util.concurrent.ThreadPoolExecutor.runWorker(ThreadPoolExecutor.java:1134)
	at java.util.concurrent.ThreadPoolExecutor$Worker.run(ThreadPoolExecutor.java:624)
	at java.lang.Thread.run(Thread.java:748)

   Locked ownable synchronizers:
	- None

"NettyClientWorkerThread_2" #262 prio=5 os_prio=0 tid=0x00007f5bbc005800 nid=0x156 waiting on condition [0x00007f5c29ee3000]
   java.lang.Thread.State: TIMED_WAITING (parking)
	at sun.misc.Unsafe.park(Native Method)
	- parking to wait for  <0x0000000702c76f48> (a java.util.concurrent.locks.AbstractQueuedSynchronizer$ConditionObject)
	at java.util.concurrent.locks.LockSupport.parkNanos(LockSupport.java:215)
	at java.util.concurrent.locks.AbstractQueuedSynchronizer$ConditionObject.awaitNanos(AbstractQueuedSynchronizer.java:2078)
	at java.util.concurrent.LinkedBlockingQueue.poll(LinkedBlockingQueue.java:467)
	at io.netty.util.concurrent.SingleThreadEventExecutor.takeTask(SingleThreadEventExecutor.java:256)
	at io.netty.util.concurrent.DefaultEventExecutor.run(DefaultEventExecutor.java:64)
	at io.netty.util.concurrent.SingleThreadEventExecutor$4.run(SingleThreadEventExecutor.java:989)
	at io.netty.util.internal.ThreadExecutorMap$2.run(ThreadExecutorMap.java:74)
	at java.lang.Thread.run(Thread.java:748)

   Locked ownable synchronizers:
	- None

"NettyClientWorkerThread_1" #261 prio=5 os_prio=0 tid=0x00007f5bbc001000 nid=0x155 waiting on condition [0x00007f5c29fe4000]
   java.lang.Thread.State: TIMED_WAITING (parking)
	at sun.misc.Unsafe.park(Native Method)
	- parking to wait for  <0x00000007029a87e0> (a java.util.concurrent.locks.AbstractQueuedSynchronizer$ConditionObject)
	at java.util.concurrent.locks.LockSupport.parkNanos(LockSupport.java:215)
	at java.util.concurrent.locks.AbstractQueuedSynchronizer$ConditionObject.awaitNanos(AbstractQueuedSynchronizer.java:2078)
	at java.util.concurrent.LinkedBlockingQueue.poll(LinkedBlockingQueue.java:467)
	at io.netty.util.concurrent.SingleThreadEventExecutor.takeTask(SingleThreadEventExecutor.java:256)
	at io.netty.util.concurrent.DefaultEventExecutor.run(DefaultEventExecutor.java:64)
	at io.netty.util.concurrent.SingleThreadEventExecutor$4.run(SingleThreadEventExecutor.java:989)
	at io.netty.util.internal.ThreadExecutorMap$2.run(ThreadExecutorMap.java:74)
	at java.lang.Thread.run(Thread.java:748)

   Locked ownable synchronizers:
	- None

"NettyClientSelector_1" #260 prio=5 os_prio=0 tid=0x00007f5f61417000 nid=0x154 runnable [0x00007f5c2a0e5000]
   java.lang.Thread.State: RUNNABLE
	at sun.nio.ch.EPollArrayWrapper.epollWait(Native Method)
	at sun.nio.ch.EPollArrayWrapper.poll(EPollArrayWrapper.java:269)
	at sun.nio.ch.EPollSelectorImpl.doSelect(EPollSelectorImpl.java:93)
	at sun.nio.ch.SelectorImpl.lockAndDoSelect(SelectorImpl.java:86)
	- locked <0x0000000702c76cf0> (a io.netty.channel.nio.SelectedSelectionKeySet)
	- locked <0x0000000702c76d20> (a java.util.Collections$UnmodifiableSet)
	- locked <0x000000070298b820> (a sun.nio.ch.EPollSelectorImpl)
	at sun.nio.ch.SelectorImpl.select(SelectorImpl.java:97)
	at sun.nio.ch.SelectorImpl.select(SelectorImpl.java:101)
	at io.netty.channel.nio.SelectedSelectionKeySetSelector.select(SelectedSelectionKeySetSelector.java:68)
	at io.netty.channel.nio.NioEventLoop.select(NioEventLoop.java:803)
	at io.netty.channel.nio.NioEventLoop.run(NioEventLoop.java:457)
	at io.netty.util.concurrent.SingleThreadEventExecutor$4.run(SingleThreadEventExecutor.java:989)
	at io.netty.util.internal.ThreadExecutorMap$2.run(ThreadExecutorMap.java:74)
	at java.lang.Thread.run(Thread.java:748)

   Locked ownable synchronizers:
	- None

"RebalanceService" #259 prio=5 os_prio=0 tid=0x00007f5f618ee000 nid=0x153 waiting on condition [0x00007f5c2a1e6000]
   java.lang.Thread.State: TIMED_WAITING (parking)
	at sun.misc.Unsafe.park(Native Method)
	- parking to wait for  <0x0000000702992dd8> (a org.apache.rocketmq.common.CountDownLatch2$Sync)
	at java.util.concurrent.locks.LockSupport.parkNanos(LockSupport.java:215)
	at java.util.concurrent.locks.AbstractQueuedSynchronizer.doAcquireSharedNanos(AbstractQueuedSynchronizer.java:1037)
	at java.util.concurrent.locks.AbstractQueuedSynchronizer.tryAcquireSharedNanos(AbstractQueuedSynchronizer.java:1328)
	at org.apache.rocketmq.common.CountDownLatch2.await(CountDownLatch2.java:114)
	at org.apache.rocketmq.common.ServiceThread.waitForRunning(ServiceThread.java:139)
	at org.apache.rocketmq.client.impl.consumer.RebalanceService.run(RebalanceService.java:40)
	at java.lang.Thread.run(Thread.java:748)

   Locked ownable synchronizers:
	- None

"PullMessageService" #258 prio=5 os_prio=0 tid=0x00007f5f61fd3800 nid=0x152 waiting on condition [0x00007f5c2a2e7000]
   java.lang.Thread.State: WAITING (parking)
	at sun.misc.Unsafe.park(Native Method)
	- parking to wait for  <0x0000000702c19ef8> (a java.util.concurrent.locks.AbstractQueuedSynchronizer$ConditionObject)
	at java.util.concurrent.locks.LockSupport.park(LockSupport.java:175)
	at java.util.concurrent.locks.AbstractQueuedSynchronizer$ConditionObject.await(AbstractQueuedSynchronizer.java:2039)
	at java.util.concurrent.LinkedBlockingQueue.take(LinkedBlockingQueue.java:442)
	at org.apache.rocketmq.client.impl.consumer.PullMessageService.run(PullMessageService.java:95)
	at java.lang.Thread.run(Thread.java:748)

   Locked ownable synchronizers:
	- None

"CleanExpireMsgScheduledThread_1" #257 prio=5 os_prio=0 tid=0x00007f5f62739000 nid=0x151 waiting on condition [0x00007f5c2a3e8000]
   java.lang.Thread.State: TIMED_WAITING (parking)
	at sun.misc.Unsafe.park(Native Method)
	- parking to wait for  <0x0000000702698b30> (a java.util.concurrent.locks.AbstractQueuedSynchronizer$ConditionObject)
	at java.util.concurrent.locks.LockSupport.parkNanos(LockSupport.java:215)
	at java.util.concurrent.locks.AbstractQueuedSynchronizer$ConditionObject.awaitNanos(AbstractQueuedSynchronizer.java:2078)
	at java.util.concurrent.ScheduledThreadPoolExecutor$DelayedWorkQueue.take(ScheduledThreadPoolExecutor.java:1093)
	at java.util.concurrent.ScheduledThreadPoolExecutor$DelayedWorkQueue.take(ScheduledThreadPoolExecutor.java:809)
	at java.util.concurrent.ThreadPoolExecutor.getTask(ThreadPoolExecutor.java:1074)
	at java.util.concurrent.ThreadPoolExecutor.runWorker(ThreadPoolExecutor.java:1134)
	at java.util.concurrent.ThreadPoolExecutor$Worker.run(ThreadPoolExecutor.java:624)
	at java.lang.Thread.run(Thread.java:748)

   Locked ownable synchronizers:
	- None

"MQClientFactoryScheduledThread" #256 prio=5 os_prio=0 tid=0x00007f5f604f9000 nid=0x150 waiting on condition [0x00007f5c2a4e9000]
   java.lang.Thread.State: TIMED_WAITING (parking)
	at sun.misc.Unsafe.park(Native Method)
	- parking to wait for  <0x00000007029a85d0> (a java.util.concurrent.locks.AbstractQueuedSynchronizer$ConditionObject)
	at java.util.concurrent.locks.LockSupport.parkNanos(LockSupport.java:215)
	at java.util.concurrent.locks.AbstractQueuedSynchronizer$ConditionObject.awaitNanos(AbstractQueuedSynchronizer.java:2078)
	at java.util.concurrent.ScheduledThreadPoolExecutor$DelayedWorkQueue.take(ScheduledThreadPoolExecutor.java:1093)
	at java.util.concurrent.ScheduledThreadPoolExecutor$DelayedWorkQueue.take(ScheduledThreadPoolExecutor.java:809)
	at java.util.concurrent.ThreadPoolExecutor.getTask(ThreadPoolExecutor.java:1074)
	at java.util.concurrent.ThreadPoolExecutor.runWorker(ThreadPoolExecutor.java:1134)
	at java.util.concurrent.ThreadPoolExecutor$Worker.run(ThreadPoolExecutor.java:624)
	at java.lang.Thread.run(Thread.java:748)

   Locked ownable synchronizers:
	- None

"RequestHouseKeepingService" #255 daemon prio=5 os_prio=0 tid=0x00007f5f604f8800 nid=0x14f in Object.wait() [0x00007f5c2a5ea000]
   java.lang.Thread.State: TIMED_WAITING (on object monitor)
	at java.lang.Object.wait(Native Method)
	at java.util.TimerThread.mainLoop(Timer.java:552)
	- locked <0x00000007026ad088> (a java.util.TaskQueue)
	at java.util.TimerThread.run(Timer.java:505)

   Locked ownable synchronizers:
	- None

"ClientHouseKeepingService" #254 daemon prio=5 os_prio=0 tid=0x00007f5f61ffa000 nid=0x14e in Object.wait() [0x00007f5c2a6eb000]
   java.lang.Thread.State: TIMED_WAITING (on object monitor)
	at java.lang.Object.wait(Native Method)
	at java.util.TimerThread.mainLoop(Timer.java:552)
	- locked <0x0000000702c15c68> (a java.util.TaskQueue)
	at java.util.TimerThread.run(Timer.java:505)

   Locked ownable synchronizers:
	- None

"RequestHouseKeepingService" #252 daemon prio=5 os_prio=0 tid=0x00007f5f62b52800 nid=0x14d in Object.wait() [0x00007f5c2a7ec000]
   java.lang.Thread.State: TIMED_WAITING (on object monitor)
	at java.lang.Object.wait(Native Method)
	at java.util.TimerThread.mainLoop(Timer.java:552)
	- locked <0x0000000702698428> (a java.util.TaskQueue)
	at java.util.TimerThread.run(Timer.java:505)

   Locked ownable synchronizers:
	- None

"quartzScheduler_QuartzSchedulerThread" #251 prio=5 os_prio=0 tid=0x00007f5f61615800 nid=0x14c in Object.wait() [0x00007f5c2a8ed000]
   java.lang.Thread.State: TIMED_WAITING (on object monitor)
	at java.lang.Object.wait(Native Method)
	at org.quartz.core.QuartzSchedulerThread.run(QuartzSchedulerThread.java:427)
	- locked <0x0000000702397828> (a java.lang.Object)

   Locked ownable synchronizers:
	- None

"quartzScheduler_Worker-10" #250 prio=5 os_prio=0 tid=0x00007f5f60512000 nid=0x14b in Object.wait() [0x00007f5c2a9ee000]
   java.lang.Thread.State: TIMED_WAITING (on object monitor)
	at java.lang.Object.wait(Native Method)
	at org.quartz.simpl.SimpleThreadPool$WorkerThread.run(SimpleThreadPool.java:568)
	- locked <0x0000000702397300> (a java.lang.Object)

   Locked ownable synchronizers:
	- None

"quartzScheduler_Worker-9" #249 prio=5 os_prio=0 tid=0x00007f5f6171f800 nid=0x14a in Object.wait() [0x00007f5c2aaef000]
   java.lang.Thread.State: TIMED_WAITING (on object monitor)
	at java.lang.Object.wait(Native Method)
	at org.quartz.simpl.SimpleThreadPool$WorkerThread.run(SimpleThreadPool.java:568)
	- locked <0x0000000702397288> (a java.lang.Object)

   Locked ownable synchronizers:
	- None

"quartzScheduler_Worker-8" #248 prio=5 os_prio=0 tid=0x00007f5f604f4800 nid=0x149 in Object.wait() [0x00007f5c2abf0000]
   java.lang.Thread.State: TIMED_WAITING (on object monitor)
	at java.lang.Object.wait(Native Method)
	at org.quartz.simpl.SimpleThreadPool$WorkerThread.run(SimpleThreadPool.java:568)
	- locked <0x0000000702397210> (a java.lang.Object)

   Locked ownable synchronizers:
	- None

"quartzScheduler_Worker-7" #247 prio=5 os_prio=0 tid=0x00007f5f61820800 nid=0x148 in Object.wait() [0x00007f5c2acf1000]
   java.lang.Thread.State: TIMED_WAITING (on object monitor)
	at java.lang.Object.wait(Native Method)
	at org.quartz.simpl.SimpleThreadPool$WorkerThread.run(SimpleThreadPool.java:568)
	- locked <0x0000000702397198> (a java.lang.Object)

   Locked ownable synchronizers:
	- None

"quartzScheduler_Worker-6" #246 prio=5 os_prio=0 tid=0x00007f5f61817800 nid=0x147 in Object.wait() [0x00007f5c2adf2000]
   java.lang.Thread.State: TIMED_WAITING (on object monitor)
	at java.lang.Object.wait(Native Method)
	at org.quartz.simpl.SimpleThreadPool$WorkerThread.run(SimpleThreadPool.java:568)
	- locked <0x00000007023976f0> (a java.lang.Object)

   Locked ownable synchronizers:
	- None

"quartzScheduler_Worker-5" #245 prio=5 os_prio=0 tid=0x00007f5f61815800 nid=0x146 in Object.wait() [0x00007f5c2aef3000]
   java.lang.Thread.State: TIMED_WAITING (on object monitor)
	at java.lang.Object.wait(Native Method)
	at org.quartz.simpl.SimpleThreadPool$WorkerThread.run(SimpleThreadPool.java:568)
	- locked <0x0000000702397678> (a java.lang.Object)

   Locked ownable synchronizers:
	- None

"quartzScheduler_Worker-4" #244 prio=5 os_prio=0 tid=0x00007f5f6180c000 nid=0x145 in Object.wait() [0x00007f5c2aff4000]
   java.lang.Thread.State: TIMED_WAITING (on object monitor)
	at java.lang.Object.wait(Native Method)
	at org.quartz.simpl.SimpleThreadPool$WorkerThread.run(SimpleThreadPool.java:568)
	- locked <0x0000000702397600> (a java.lang.Object)

   Locked ownable synchronizers:
	- None

"quartzScheduler_Worker-3" #243 prio=5 os_prio=0 tid=0x00007f5f61857000 nid=0x144 in Object.wait() [0x00007f5c2b0f5000]
   java.lang.Thread.State: TIMED_WAITING (on object monitor)
	at java.lang.Object.wait(Native Method)
	at org.quartz.simpl.SimpleThreadPool$WorkerThread.run(SimpleThreadPool.java:568)
	- locked <0x0000000702397588> (a java.lang.Object)

   Locked ownable synchronizers:
	- None

"quartzScheduler_Worker-2" #242 prio=5 os_prio=0 tid=0x00007f5f614c2000 nid=0x143 in Object.wait() [0x00007f5c2b1f6000]
   java.lang.Thread.State: TIMED_WAITING (on object monitor)
	at java.lang.Object.wait(Native Method)
	at org.quartz.simpl.SimpleThreadPool$WorkerThread.run(SimpleThreadPool.java:568)
	- locked <0x0000000702397510> (a java.lang.Object)

   Locked ownable synchronizers:
	- None

"quartzScheduler_Worker-1" #241 prio=5 os_prio=0 tid=0x00007f5f614d8800 nid=0x142 in Object.wait() [0x00007f5c2b2f7000]
   java.lang.Thread.State: TIMED_WAITING (on object monitor)
	at java.lang.Object.wait(Native Method)
	at org.quartz.simpl.SimpleThreadPool$WorkerThread.run(SimpleThreadPool.java:568)
	- locked <0x0000000702397378> (a java.lang.Object)

   Locked ownable synchronizers:
	- None

"DA-MONITORING-1-apollo-monitoring-core-config-0" #240 daemon prio=5 os_prio=0 tid=0x00007f5f63b14800 nid=0x141 waiting on condition [0x00007f5c2b5f8000]
   java.lang.Thread.State: TIMED_WAITING (parking)
	at sun.misc.Unsafe.park(Native Method)
	- parking to wait for  <0x00000007021761c0> (a java.util.concurrent.locks.AbstractQueuedSynchronizer$ConditionObject)
	at java.util.concurrent.locks.LockSupport.parkNanos(LockSupport.java:215)
	at java.util.concurrent.locks.AbstractQueuedSynchronizer$ConditionObject.awaitNanos(AbstractQueuedSynchronizer.java:2078)
	at java.util.concurrent.ScheduledThreadPoolExecutor$DelayedWorkQueue.take(ScheduledThreadPoolExecutor.java:1093)
	at java.util.concurrent.ScheduledThreadPoolExecutor$DelayedWorkQueue.take(ScheduledThreadPoolExecutor.java:809)
	at java.util.concurrent.ThreadPoolExecutor.getTask(ThreadPoolExecutor.java:1074)
	at java.util.concurrent.ThreadPoolExecutor.runWorker(ThreadPoolExecutor.java:1134)
	at java.util.concurrent.ThreadPoolExecutor$Worker.run(ThreadPoolExecutor.java:624)
	at java.lang.Thread.run(Thread.java:748)

   Locked ownable synchronizers:
	- None

"DiscoveryClient-InstanceInfoReplicator-0" #239 daemon prio=5 os_prio=0 tid=0x00007f5f63ad1800 nid=0x140 waiting on condition [0x00007f5c2b6f9000]
   java.lang.Thread.State: TIMED_WAITING (parking)
	at sun.misc.Unsafe.park(Native Method)
	- parking to wait for  <0x00000007021e8040> (a java.util.concurrent.locks.AbstractQueuedSynchronizer$ConditionObject)
	at java.util.concurrent.locks.LockSupport.parkNanos(LockSupport.java:215)
	at java.util.concurrent.locks.AbstractQueuedSynchronizer$ConditionObject.awaitNanos(AbstractQueuedSynchronizer.java:2078)
	at java.util.concurrent.ScheduledThreadPoolExecutor$DelayedWorkQueue.take(ScheduledThreadPoolExecutor.java:1093)
	at java.util.concurrent.ScheduledThreadPoolExecutor$DelayedWorkQueue.take(ScheduledThreadPoolExecutor.java:809)
	at java.util.concurrent.ThreadPoolExecutor.getTask(ThreadPoolExecutor.java:1074)
	at java.util.concurrent.ThreadPoolExecutor.runWorker(ThreadPoolExecutor.java:1134)
	at java.util.concurrent.ThreadPoolExecutor$Worker.run(ThreadPoolExecutor.java:624)
	at java.lang.Thread.run(Thread.java:748)

   Locked ownable synchronizers:
	- None

"DiscoveryClient-1" #238 daemon prio=5 os_prio=0 tid=0x00007f5f63acd000 nid=0x13f waiting on condition [0x00007f5c2b7fa000]
   java.lang.Thread.State: TIMED_WAITING (parking)
	at sun.misc.Unsafe.park(Native Method)
	- parking to wait for  <0x0000000702175f08> (a java.util.concurrent.locks.AbstractQueuedSynchronizer$ConditionObject)
	at java.util.concurrent.locks.LockSupport.parkNanos(LockSupport.java:215)
	at java.util.concurrent.locks.AbstractQueuedSynchronizer$ConditionObject.awaitNanos(AbstractQueuedSynchronizer.java:2078)
	at java.util.concurrent.ScheduledThreadPoolExecutor$DelayedWorkQueue.take(ScheduledThreadPoolExecutor.java:1093)
	at java.util.concurrent.ScheduledThreadPoolExecutor$DelayedWorkQueue.take(ScheduledThreadPoolExecutor.java:809)
	at java.util.concurrent.ThreadPoolExecutor.getTask(ThreadPoolExecutor.java:1074)
	at java.util.concurrent.ThreadPoolExecutor.runWorker(ThreadPoolExecutor.java:1134)
	at java.util.concurrent.ThreadPoolExecutor$Worker.run(ThreadPoolExecutor.java:624)
	at java.lang.Thread.run(Thread.java:748)

   Locked ownable synchronizers:
	- None

"DiscoveryClient-0" #237 daemon prio=5 os_prio=0 tid=0x00007f5f63ac9000 nid=0x13e waiting on condition [0x00007f5c2b8fb000]
   java.lang.Thread.State: WAITING (parking)
	at sun.misc.Unsafe.park(Native Method)
	- parking to wait for  <0x0000000702175f08> (a java.util.concurrent.locks.AbstractQueuedSynchronizer$ConditionObject)
	at java.util.concurrent.locks.LockSupport.park(LockSupport.java:175)
	at java.util.concurrent.locks.AbstractQueuedSynchronizer$ConditionObject.await(AbstractQueuedSynchronizer.java:2039)
	at java.util.concurrent.ScheduledThreadPoolExecutor$DelayedWorkQueue.take(ScheduledThreadPoolExecutor.java:1088)
	at java.util.concurrent.ScheduledThreadPoolExecutor$DelayedWorkQueue.take(ScheduledThreadPoolExecutor.java:809)
	at java.util.concurrent.ThreadPoolExecutor.getTask(ThreadPoolExecutor.java:1074)
	at java.util.concurrent.ThreadPoolExecutor.runWorker(ThreadPoolExecutor.java:1134)
	at java.util.concurrent.ThreadPoolExecutor$Worker.run(ThreadPoolExecutor.java:624)
	at java.lang.Thread.run(Thread.java:748)

   Locked ownable synchronizers:
	- None

"AsyncResolver-bootstrap-0" #236 daemon prio=5 os_prio=0 tid=0x00007f5f63409800 nid=0x13d waiting on condition [0x00007f5c2bbfc000]
   java.lang.Thread.State: TIMED_WAITING (parking)
	at sun.misc.Unsafe.park(Native Method)
	- parking to wait for  <0x00000007020e33c8> (a java.util.concurrent.locks.AbstractQueuedSynchronizer$ConditionObject)
	at java.util.concurrent.locks.LockSupport.parkNanos(LockSupport.java:215)
	at java.util.concurrent.locks.AbstractQueuedSynchronizer$ConditionObject.awaitNanos(AbstractQueuedSynchronizer.java:2078)
	at java.util.concurrent.ScheduledThreadPoolExecutor$DelayedWorkQueue.take(ScheduledThreadPoolExecutor.java:1093)
	at java.util.concurrent.ScheduledThreadPoolExecutor$DelayedWorkQueue.take(ScheduledThreadPoolExecutor.java:809)
	at java.util.concurrent.ThreadPoolExecutor.getTask(ThreadPoolExecutor.java:1074)
	at java.util.concurrent.ThreadPoolExecutor.runWorker(ThreadPoolExecutor.java:1134)
	at java.util.concurrent.ThreadPoolExecutor$Worker.run(ThreadPoolExecutor.java:624)
	at java.lang.Thread.run(Thread.java:748)

   Locked ownable synchronizers:
	- None

"Apache-HttpClient-Conn-Cleaner2" #235 daemon prio=5 os_prio=0 tid=0x00007f5f632db800 nid=0x13c waiting on condition [0x00007f5c2bcfd000]
   java.lang.Thread.State: TIMED_WAITING (parking)
	at sun.misc.Unsafe.park(Native Method)
	- parking to wait for  <0x00000007020e3128> (a java.util.concurrent.locks.AbstractQueuedSynchronizer$ConditionObject)
	at java.util.concurrent.locks.LockSupport.parkNanos(LockSupport.java:215)
	at java.util.concurrent.locks.AbstractQueuedSynchronizer$ConditionObject.awaitNanos(AbstractQueuedSynchronizer.java:2078)
	at java.util.concurrent.ScheduledThreadPoolExecutor$DelayedWorkQueue.take(ScheduledThreadPoolExecutor.java:1093)
	at java.util.concurrent.ScheduledThreadPoolExecutor$DelayedWorkQueue.take(ScheduledThreadPoolExecutor.java:809)
	at java.util.concurrent.ThreadPoolExecutor.getTask(ThreadPoolExecutor.java:1074)
	at java.util.concurrent.ThreadPoolExecutor.runWorker(ThreadPoolExecutor.java:1134)
	at java.util.concurrent.ThreadPoolExecutor$Worker.run(ThreadPoolExecutor.java:624)
	at java.lang.Thread.run(Thread.java:748)

   Locked ownable synchronizers:
	- None

"ReconcileService" #234 prio=5 os_prio=0 tid=0x00007f5f62791000 nid=0x13b waiting on condition [0x00007f5cf01ce000]
   java.lang.Thread.State: TIMED_WAITING (parking)
	at sun.misc.Unsafe.park(Native Method)
	- parking to wait for  <0x00000007022a37b0> (a java.util.concurrent.locks.AbstractQueuedSynchronizer$ConditionObject)
	at java.util.concurrent.locks.LockSupport.parkNanos(LockSupport.java:215)
	at java.util.concurrent.locks.AbstractQueuedSynchronizer$ConditionObject.awaitNanos(AbstractQueuedSynchronizer.java:2078)
	at java.util.concurrent.ScheduledThreadPoolExecutor$DelayedWorkQueue.take(ScheduledThreadPoolExecutor.java:1093)
	at java.util.concurrent.ScheduledThreadPoolExecutor$DelayedWorkQueue.take(ScheduledThreadPoolExecutor.java:809)
	at java.util.concurrent.ThreadPoolExecutor.getTask(ThreadPoolExecutor.java:1074)
	at java.util.concurrent.ThreadPoolExecutor.runWorker(ThreadPoolExecutor.java:1134)
	at java.util.concurrent.ThreadPoolExecutor$Worker.run(ThreadPoolExecutor.java:624)
	at java.lang.Thread.run(Thread.java:748)

   Locked ownable synchronizers:
	- None

"Curator-TreeCache-6" #233 daemon prio=5 os_prio=0 tid=0x00007f5ca0050000 nid=0x13a waiting on condition [0x00007f5c2bffe000]
   java.lang.Thread.State: WAITING (parking)
	at sun.misc.Unsafe.park(Native Method)
	- parking to wait for  <0x0000000701964508> (a java.util.concurrent.locks.AbstractQueuedSynchronizer$ConditionObject)
	at java.util.concurrent.locks.LockSupport.park(LockSupport.java:175)
	at java.util.concurrent.locks.AbstractQueuedSynchronizer$ConditionObject.await(AbstractQueuedSynchronizer.java:2039)
	at java.util.concurrent.LinkedBlockingQueue.take(LinkedBlockingQueue.java:442)
	at java.util.concurrent.ThreadPoolExecutor.getTask(ThreadPoolExecutor.java:1074)
	at java.util.concurrent.ThreadPoolExecutor.runWorker(ThreadPoolExecutor.java:1134)
	at java.util.concurrent.ThreadPoolExecutor$Worker.run(ThreadPoolExecutor.java:624)
	at java.lang.Thread.run(Thread.java:748)

   Locked ownable synchronizers:
	- None

"mdm-api-icm-war-zone-alert-task_QuartzSchedulerThread" #230 prio=5 os_prio=0 tid=0x00007f5f6278f000 nid=0x138 in Object.wait() [0x00007f5cf02cf000]
   java.lang.Thread.State: TIMED_WAITING (on object monitor)
	at java.lang.Object.wait(Native Method)
	at org.quartz.core.QuartzSchedulerThread.run(QuartzSchedulerThread.java:427)
	- locked <0x00000007022a3fa8> (a java.lang.Object)

   Locked ownable synchronizers:
	- None

"mdm-api-icm-war-zone-alert-task_Worker-1" #229 prio=5 os_prio=0 tid=0x00007f5f61686000 nid=0x137 in Object.wait() [0x00007f5cf03d0000]
   java.lang.Thread.State: TIMED_WAITING (on object monitor)
	at java.lang.Object.wait(Native Method)
	at org.quartz.simpl.SimpleThreadPool$WorkerThread.run(SimpleThreadPool.java:568)
	- locked <0x000000070242f4b0> (a java.lang.Object)

   Locked ownable synchronizers:
	- None

"ReconcileService" #227 prio=5 os_prio=0 tid=0x00007f5f61684000 nid=0x136 waiting on condition [0x00007f5cf05d2000]
   java.lang.Thread.State: TIMED_WAITING (parking)
	at sun.misc.Unsafe.park(Native Method)
	- parking to wait for  <0x000000070242f528> (a java.util.concurrent.locks.AbstractQueuedSynchronizer$ConditionObject)
	at java.util.concurrent.locks.LockSupport.parkNanos(LockSupport.java:215)
	at java.util.concurrent.locks.AbstractQueuedSynchronizer$ConditionObject.awaitNanos(AbstractQueuedSynchronizer.java:2078)
	at java.util.concurrent.ScheduledThreadPoolExecutor$DelayedWorkQueue.take(ScheduledThreadPoolExecutor.java:1093)
	at java.util.concurrent.ScheduledThreadPoolExecutor$DelayedWorkQueue.take(ScheduledThreadPoolExecutor.java:809)
	at java.util.concurrent.ThreadPoolExecutor.getTask(ThreadPoolExecutor.java:1074)
	at java.util.concurrent.ThreadPoolExecutor.runWorker(ThreadPoolExecutor.java:1134)
	at java.util.concurrent.ThreadPoolExecutor$Worker.run(ThreadPoolExecutor.java:624)
	at java.lang.Thread.run(Thread.java:748)

   Locked ownable synchronizers:
	- None

"Curator-TreeCache-5" #226 daemon prio=5 os_prio=0 tid=0x00007f5ca004e800 nid=0x135 waiting on condition [0x00007f5cf04d1000]
   java.lang.Thread.State: WAITING (parking)
	at sun.misc.Unsafe.park(Native Method)
	- parking to wait for  <0x000000070217d810> (a java.util.concurrent.locks.AbstractQueuedSynchronizer$ConditionObject)
	at java.util.concurrent.locks.LockSupport.park(LockSupport.java:175)
	at java.util.concurrent.locks.AbstractQueuedSynchronizer$ConditionObject.await(AbstractQueuedSynchronizer.java:2039)
	at java.util.concurrent.LinkedBlockingQueue.take(LinkedBlockingQueue.java:442)
	at java.util.concurrent.ThreadPoolExecutor.getTask(ThreadPoolExecutor.java:1074)
	at java.util.concurrent.ThreadPoolExecutor.runWorker(ThreadPoolExecutor.java:1134)
	at java.util.concurrent.ThreadPoolExecutor$Worker.run(ThreadPoolExecutor.java:624)
	at java.lang.Thread.run(Thread.java:748)

   Locked ownable synchronizers:
	- None

"mdm-api-bom-car-mapping-data-task_QuartzSchedulerThread" #223 prio=5 os_prio=0 tid=0x00007f5f61682800 nid=0x133 in Object.wait() [0x00007f5cf06d3000]
   java.lang.Thread.State: TIMED_WAITING (on object monitor)
	at java.lang.Object.wait(Native Method)
	at org.quartz.core.QuartzSchedulerThread.run(QuartzSchedulerThread.java:427)
	- locked <0x000000070244f758> (a java.lang.Object)

   Locked ownable synchronizers:
	- None

"mdm-api-bom-car-mapping-data-task_Worker-1" #222 prio=5 os_prio=0 tid=0x00007f5f626c0000 nid=0x132 in Object.wait() [0x00007f5cf07d4000]
   java.lang.Thread.State: TIMED_WAITING (on object monitor)
	at java.lang.Object.wait(Native Method)
	at org.quartz.simpl.SimpleThreadPool$WorkerThread.run(SimpleThreadPool.java:568)
	- locked <0x00000007024516c0> (a java.lang.Object)

   Locked ownable synchronizers:
	- None

"ReconcileService" #220 prio=5 os_prio=0 tid=0x00007f5f626be000 nid=0x131 waiting on condition [0x00007f5cf09d6000]
   java.lang.Thread.State: TIMED_WAITING (parking)
	at sun.misc.Unsafe.park(Native Method)
	- parking to wait for  <0x0000000702451d20> (a java.util.concurrent.locks.AbstractQueuedSynchronizer$ConditionObject)
	at java.util.concurrent.locks.LockSupport.parkNanos(LockSupport.java:215)
	at java.util.concurrent.locks.AbstractQueuedSynchronizer$ConditionObject.awaitNanos(AbstractQueuedSynchronizer.java:2078)
	at java.util.concurrent.ScheduledThreadPoolExecutor$DelayedWorkQueue.take(ScheduledThreadPoolExecutor.java:1093)
	at java.util.concurrent.ScheduledThreadPoolExecutor$DelayedWorkQueue.take(ScheduledThreadPoolExecutor.java:809)
	at java.util.concurrent.ThreadPoolExecutor.getTask(ThreadPoolExecutor.java:1074)
	at java.util.concurrent.ThreadPoolExecutor.runWorker(ThreadPoolExecutor.java:1134)
	at java.util.concurrent.ThreadPoolExecutor$Worker.run(ThreadPoolExecutor.java:624)
	at java.lang.Thread.run(Thread.java:748)

   Locked ownable synchronizers:
	- None

"Curator-TreeCache-4" #219 daemon prio=5 os_prio=0 tid=0x00007f5ca004d800 nid=0x130 waiting on condition [0x00007f5cf08d5000]
   java.lang.Thread.State: WAITING (parking)
	at sun.misc.Unsafe.park(Native Method)
	- parking to wait for  <0x0000000701f87678> (a java.util.concurrent.locks.AbstractQueuedSynchronizer$ConditionObject)
	at java.util.concurrent.locks.LockSupport.park(LockSupport.java:175)
	at java.util.concurrent.locks.AbstractQueuedSynchronizer$ConditionObject.await(AbstractQueuedSynchronizer.java:2039)
	at java.util.concurrent.LinkedBlockingQueue.take(LinkedBlockingQueue.java:442)
	at java.util.concurrent.ThreadPoolExecutor.getTask(ThreadPoolExecutor.java:1074)
	at java.util.concurrent.ThreadPoolExecutor.runWorker(ThreadPoolExecutor.java:1134)
	at java.util.concurrent.ThreadPoolExecutor$Worker.run(ThreadPoolExecutor.java:624)
	at java.lang.Thread.run(Thread.java:748)

   Locked ownable synchronizers:
	- None

"mdm-api-supply-icm-annual-plan-new-store-task_QuartzSchedulerThread" #216 prio=5 os_prio=0 tid=0x00007f5f626bc000 nid=0x12e in Object.wait() [0x00007f5cf0ad7000]
   java.lang.Thread.State: TIMED_WAITING (on object monitor)
	at java.lang.Object.wait(Native Method)
	at org.quartz.core.QuartzSchedulerThread.run(QuartzSchedulerThread.java:427)
	- locked <0x0000000702452488> (a java.lang.Object)

   Locked ownable synchronizers:
	- None

"mdm-api-supply-icm-annual-plan-new-store-task_Worker-1" #215 prio=5 os_prio=0 tid=0x00007f5f625ea800 nid=0x12d in Object.wait() [0x00007f5cf0bd8000]
   java.lang.Thread.State: TIMED_WAITING (on object monitor)
	at java.lang.Object.wait(Native Method)
	at org.quartz.simpl.SimpleThreadPool$WorkerThread.run(SimpleThreadPool.java:568)
	- locked <0x0000000702454378> (a java.lang.Object)

   Locked ownable synchronizers:
	- None

"ReconcileService" #213 prio=5 os_prio=0 tid=0x00007f5f61cf6800 nid=0x12c waiting on condition [0x00007f5cf0cd9000]
   java.lang.Thread.State: TIMED_WAITING (parking)
	at sun.misc.Unsafe.park(Native Method)
	- parking to wait for  <0x00000007024549c0> (a java.util.concurrent.locks.AbstractQueuedSynchronizer$ConditionObject)
	at java.util.concurrent.locks.LockSupport.parkNanos(LockSupport.java:215)
	at java.util.concurrent.locks.AbstractQueuedSynchronizer$ConditionObject.awaitNanos(AbstractQueuedSynchronizer.java:2078)
	at java.util.concurrent.ScheduledThreadPoolExecutor$DelayedWorkQueue.take(ScheduledThreadPoolExecutor.java:1093)
	at java.util.concurrent.ScheduledThreadPoolExecutor$DelayedWorkQueue.take(ScheduledThreadPoolExecutor.java:809)
	at java.util.concurrent.ThreadPoolExecutor.getTask(ThreadPoolExecutor.java:1074)
	at java.util.concurrent.ThreadPoolExecutor.runWorker(ThreadPoolExecutor.java:1134)
	at java.util.concurrent.ThreadPoolExecutor$Worker.run(ThreadPoolExecutor.java:624)
	at java.lang.Thread.run(Thread.java:748)

   Locked ownable synchronizers:
	- None

"Curator-TreeCache-3" #212 daemon prio=5 os_prio=0 tid=0x00007f5ca004c800 nid=0x12b waiting on condition [0x00007f5cf0dda000]
   java.lang.Thread.State: WAITING (parking)
	at sun.misc.Unsafe.park(Native Method)
	- parking to wait for  <0x0000000702455128> (a java.util.concurrent.locks.AbstractQueuedSynchronizer$ConditionObject)
	at java.util.concurrent.locks.LockSupport.park(LockSupport.java:175)
	at java.util.concurrent.locks.AbstractQueuedSynchronizer$ConditionObject.await(AbstractQueuedSynchronizer.java:2039)
	at java.util.concurrent.LinkedBlockingQueue.take(LinkedBlockingQueue.java:442)
	at java.util.concurrent.ThreadPoolExecutor.getTask(ThreadPoolExecutor.java:1074)
	at java.util.concurrent.ThreadPoolExecutor.runWorker(ThreadPoolExecutor.java:1134)
	at java.util.concurrent.ThreadPoolExecutor$Worker.run(ThreadPoolExecutor.java:624)
	at java.lang.Thread.run(Thread.java:748)

   Locked ownable synchronizers:
	- None

"mdm-api-supply-icm-store-cost-center-data-task_QuartzSchedulerThread" #209 prio=5 os_prio=0 tid=0x00007f5f61cf5000 nid=0x129 in Object.wait() [0x00007f5cf0edb000]
   java.lang.Thread.State: TIMED_WAITING (on object monitor)
	at java.lang.Object.wait(Native Method)
	at org.quartz.core.QuartzSchedulerThread.run(QuartzSchedulerThread.java:427)
	- locked <0x0000000702455290> (a java.lang.Object)

   Locked ownable synchronizers:
	- None

"mdm-api-supply-icm-store-cost-center-data-task_Worker-1" #208 prio=5 os_prio=0 tid=0x00007f5f61cf3800 nid=0x128 in Object.wait() [0x00007f5cf0fdc000]
   java.lang.Thread.State: TIMED_WAITING (on object monitor)
	at java.lang.Object.wait(Native Method)
	at org.quartz.simpl.SimpleThreadPool$WorkerThread.run(SimpleThreadPool.java:568)
	- locked <0x000000070247bf50> (a java.lang.Object)

   Locked ownable synchronizers:
	- None

"ReconcileService" #206 prio=5 os_prio=0 tid=0x00007f5f62d7f000 nid=0x127 waiting on condition [0x00007f5cf13de000]
   java.lang.Thread.State: TIMED_WAITING (parking)
	at sun.misc.Unsafe.park(Native Method)
	- parking to wait for  <0x000000070247c598> (a java.util.concurrent.locks.AbstractQueuedSynchronizer$ConditionObject)
	at java.util.concurrent.locks.LockSupport.parkNanos(LockSupport.java:215)
	at java.util.concurrent.locks.AbstractQueuedSynchronizer$ConditionObject.awaitNanos(AbstractQueuedSynchronizer.java:2078)
	at java.util.concurrent.ScheduledThreadPoolExecutor$DelayedWorkQueue.take(ScheduledThreadPoolExecutor.java:1093)
	at java.util.concurrent.ScheduledThreadPoolExecutor$DelayedWorkQueue.take(ScheduledThreadPoolExecutor.java:809)
	at java.util.concurrent.ThreadPoolExecutor.getTask(ThreadPoolExecutor.java:1074)
	at java.util.concurrent.ThreadPoolExecutor.runWorker(ThreadPoolExecutor.java:1134)
	at java.util.concurrent.ThreadPoolExecutor$Worker.run(ThreadPoolExecutor.java:624)
	at java.lang.Thread.run(Thread.java:748)

   Locked ownable synchronizers:
	- None

"Curator-TreeCache-2" #205 daemon prio=5 os_prio=0 tid=0x00007f5ca004c000 nid=0x126 waiting on condition [0x00007f5cf12dd000]
   java.lang.Thread.State: WAITING (parking)
	at sun.misc.Unsafe.park(Native Method)
	- parking to wait for  <0x000000070247cd00> (a java.util.concurrent.locks.AbstractQueuedSynchronizer$ConditionObject)
	at java.util.concurrent.locks.LockSupport.park(LockSupport.java:175)
	at java.util.concurrent.locks.AbstractQueuedSynchronizer$ConditionObject.await(AbstractQueuedSynchronizer.java:2039)
	at java.util.concurrent.LinkedBlockingQueue.take(LinkedBlockingQueue.java:442)
	at java.util.concurrent.ThreadPoolExecutor.getTask(ThreadPoolExecutor.java:1074)
	at java.util.concurrent.ThreadPoolExecutor.runWorker(ThreadPoolExecutor.java:1134)
	at java.util.concurrent.ThreadPoolExecutor$Worker.run(ThreadPoolExecutor.java:624)
	at java.lang.Thread.run(Thread.java:748)

   Locked ownable synchronizers:
	- None

"mdm-api-supply-icm-store-info-data-task_QuartzSchedulerThread" #202 prio=5 os_prio=0 tid=0x00007f5f62c62000 nid=0x124 in Object.wait() [0x00007f5cf14df000]
   java.lang.Thread.State: TIMED_WAITING (on object monitor)
	at java.lang.Object.wait(Native Method)
	at org.quartz.core.QuartzSchedulerThread.run(QuartzSchedulerThread.java:427)
	- locked <0x000000070247ce80> (a java.lang.Object)

   Locked ownable synchronizers:
	- None

"mdm-api-supply-icm-store-info-data-task_Worker-1" #201 prio=5 os_prio=0 tid=0x00007f5f62c61000 nid=0x123 in Object.wait() [0x00007f5cf15e0000]
   java.lang.Thread.State: TIMED_WAITING (on object monitor)
	at java.lang.Object.wait(Native Method)
	at org.quartz.simpl.SimpleThreadPool$WorkerThread.run(SimpleThreadPool.java:568)
	- locked <0x000000070247ed88> (a java.lang.Object)

   Locked ownable synchronizers:
	- None

"ReconcileService" #199 prio=5 os_prio=0 tid=0x00007f5f61b99000 nid=0x122 waiting on condition [0x00007f5cf16e1000]
   java.lang.Thread.State: TIMED_WAITING (parking)
	at sun.misc.Unsafe.park(Native Method)
	- parking to wait for  <0x000000070247f3d0> (a java.util.concurrent.locks.AbstractQueuedSynchronizer$ConditionObject)
	at java.util.concurrent.locks.LockSupport.parkNanos(LockSupport.java:215)
	at java.util.concurrent.locks.AbstractQueuedSynchronizer$ConditionObject.awaitNanos(AbstractQueuedSynchronizer.java:2078)
	at java.util.concurrent.ScheduledThreadPoolExecutor$DelayedWorkQueue.take(ScheduledThreadPoolExecutor.java:1093)
	at java.util.concurrent.ScheduledThreadPoolExecutor$DelayedWorkQueue.take(ScheduledThreadPoolExecutor.java:809)
	at java.util.concurrent.ThreadPoolExecutor.getTask(ThreadPoolExecutor.java:1074)
	at java.util.concurrent.ThreadPoolExecutor.runWorker(ThreadPoolExecutor.java:1134)
	at java.util.concurrent.ThreadPoolExecutor$Worker.run(ThreadPoolExecutor.java:624)
	at java.lang.Thread.run(Thread.java:748)

   Locked ownable synchronizers:
	- None

"Curator-TreeCache-1" #198 daemon prio=5 os_prio=0 tid=0x00007f5ca004b000 nid=0x121 waiting on condition [0x00007f5cf17e2000]
   java.lang.Thread.State: WAITING (parking)
	at sun.misc.Unsafe.park(Native Method)
	- parking to wait for  <0x000000070247fb38> (a java.util.concurrent.locks.AbstractQueuedSynchronizer$ConditionObject)
	at java.util.concurrent.locks.LockSupport.park(LockSupport.java:175)
	at java.util.concurrent.locks.AbstractQueuedSynchronizer$ConditionObject.await(AbstractQueuedSynchronizer.java:2039)
	at java.util.concurrent.LinkedBlockingQueue.take(LinkedBlockingQueue.java:442)
	at java.util.concurrent.ThreadPoolExecutor.getTask(ThreadPoolExecutor.java:1074)
	at java.util.concurrent.ThreadPoolExecutor.runWorker(ThreadPoolExecutor.java:1134)
	at java.util.concurrent.ThreadPoolExecutor$Worker.run(ThreadPoolExecutor.java:624)
	at java.lang.Thread.run(Thread.java:748)

   Locked ownable synchronizers:
	- None

"mdm-api-clear-mdm-type-interface-cache-task_QuartzSchedulerThread" #195 prio=5 os_prio=0 tid=0x00007f5f61cca800 nid=0x11f in Object.wait() [0x00007f5cf18e3000]
   java.lang.Thread.State: TIMED_WAITING (on object monitor)
	at java.lang.Object.wait(Native Method)
	at org.quartz.core.QuartzSchedulerThread.run(QuartzSchedulerThread.java:427)
	- locked <0x000000070247fcb8> (a java.lang.Object)

   Locked ownable synchronizers:
	- None

"mdm-api-clear-mdm-type-interface-cache-task_Worker-1" #194 prio=5 os_prio=0 tid=0x00007f5f621d2800 nid=0x11e in Object.wait() [0x00007f5cf19e4000]
   java.lang.Thread.State: TIMED_WAITING (on object monitor)
	at java.lang.Object.wait(Native Method)
	at org.quartz.simpl.SimpleThreadPool$WorkerThread.run(SimpleThreadPool.java:568)
	- locked <0x00000007024aa828> (a java.lang.Object)

   Locked ownable synchronizers:
	- None

"ReconcileService" #192 prio=5 os_prio=0 tid=0x00007f5f6372c800 nid=0x11d waiting on condition [0x00007f5cf1ae5000]
   java.lang.Thread.State: TIMED_WAITING (parking)
	at sun.misc.Unsafe.park(Native Method)
	- parking to wait for  <0x00000007024aae70> (a java.util.concurrent.locks.AbstractQueuedSynchronizer$ConditionObject)
	at java.util.concurrent.locks.LockSupport.parkNanos(LockSupport.java:215)
	at java.util.concurrent.locks.AbstractQueuedSynchronizer$ConditionObject.awaitNanos(AbstractQueuedSynchronizer.java:2078)
	at java.util.concurrent.ScheduledThreadPoolExecutor$DelayedWorkQueue.take(ScheduledThreadPoolExecutor.java:1093)
	at java.util.concurrent.ScheduledThreadPoolExecutor$DelayedWorkQueue.take(ScheduledThreadPoolExecutor.java:809)
	at java.util.concurrent.ThreadPoolExecutor.getTask(ThreadPoolExecutor.java:1074)
	at java.util.concurrent.ThreadPoolExecutor.runWorker(ThreadPoolExecutor.java:1134)
	at java.util.concurrent.ThreadPoolExecutor$Worker.run(ThreadPoolExecutor.java:624)
	at java.lang.Thread.run(Thread.java:748)

   Locked ownable synchronizers:
	- None

"Curator-TreeCache-0" #190 daemon prio=5 os_prio=0 tid=0x00007f5ca0038800 nid=0x11b waiting on condition [0x00007f5cf1be6000]
   java.lang.Thread.State: WAITING (parking)
	at sun.misc.Unsafe.park(Native Method)
	- parking to wait for  <0x00000007017c92d8> (a java.util.concurrent.locks.AbstractQueuedSynchronizer$ConditionObject)
	at java.util.concurrent.locks.LockSupport.park(LockSupport.java:175)
	at java.util.concurrent.locks.AbstractQueuedSynchronizer$ConditionObject.await(AbstractQueuedSynchronizer.java:2039)
	at java.util.concurrent.LinkedBlockingQueue.take(LinkedBlockingQueue.java:442)
	at java.util.concurrent.ThreadPoolExecutor.getTask(ThreadPoolExecutor.java:1074)
	at java.util.concurrent.ThreadPoolExecutor.runWorker(ThreadPoolExecutor.java:1134)
	at java.util.concurrent.ThreadPoolExecutor$Worker.run(ThreadPoolExecutor.java:624)
	at java.lang.Thread.run(Thread.java:748)

   Locked ownable synchronizers:
	- None

"mdm-api-sap-costing-material-mapping-task_QuartzSchedulerThread" #188 prio=5 os_prio=0 tid=0x00007f5f62368800 nid=0x11a in Object.wait() [0x00007f5cf1ce7000]
   java.lang.Thread.State: TIMED_WAITING (on object monitor)
	at java.lang.Object.wait(Native Method)
	at org.quartz.core.QuartzSchedulerThread.run(QuartzSchedulerThread.java:427)
	- locked <0x00000007024ab608> (a java.lang.Object)

   Locked ownable synchronizers:
	- None

"mdm-api-sap-costing-material-mapping-task_Worker-1" #187 prio=5 os_prio=0 tid=0x00007f5f62367000 nid=0x119 in Object.wait() [0x00007f5cf1de8000]
   java.lang.Thread.State: TIMED_WAITING (on object monitor)
	at java.lang.Object.wait(Native Method)
	at org.quartz.simpl.SimpleThreadPool$WorkerThread.run(SimpleThreadPool.java:568)
	- locked <0x00000007024ad4f8> (a java.lang.Object)

   Locked ownable synchronizers:
	- None

"Curator-Framework-0" #185 daemon prio=5 os_prio=0 tid=0x00007f5f61dad800 nid=0x118 waiting on condition [0x00007f5cf1ee9000]
   java.lang.Thread.State: WAITING (parking)
	at sun.misc.Unsafe.park(Native Method)
	- parking to wait for  <0x00000007022e51e0> (a java.util.concurrent.locks.AbstractQueuedSynchronizer$ConditionObject)
	at java.util.concurrent.locks.LockSupport.park(LockSupport.java:175)
	at java.util.concurrent.locks.AbstractQueuedSynchronizer$ConditionObject.await(AbstractQueuedSynchronizer.java:2039)
	at java.util.concurrent.DelayQueue.take(DelayQueue.java:211)
	at java.util.concurrent.DelayQueue.take(DelayQueue.java:70)
	at org.apache.curator.framework.imps.CuratorFrameworkImpl.backgroundOperationsLoop(CuratorFrameworkImpl.java:920)
	at org.apache.curator.framework.imps.CuratorFrameworkImpl.access$300(CuratorFrameworkImpl.java:73)
	at org.apache.curator.framework.imps.CuratorFrameworkImpl$4.call(CuratorFrameworkImpl.java:322)
	at java.util.concurrent.FutureTask.run(FutureTask.java:266)
	at java.util.concurrent.ScheduledThreadPoolExecutor$ScheduledFutureTask.access$201(ScheduledThreadPoolExecutor.java:180)
	at java.util.concurrent.ScheduledThreadPoolExecutor$ScheduledFutureTask.run(ScheduledThreadPoolExecutor.java:293)
	at java.util.concurrent.ThreadPoolExecutor.runWorker(ThreadPoolExecutor.java:1149)
	at java.util.concurrent.ThreadPoolExecutor$Worker.run(ThreadPoolExecutor.java:624)
	at java.lang.Thread.run(Thread.java:748)

   Locked ownable synchronizers:
	- <0x00000007022e8588> (a java.util.concurrent.ThreadPoolExecutor$Worker)

"main-EventThread" #184 daemon prio=5 os_prio=0 tid=0x00007f5f621db000 nid=0x117 waiting on condition [0x00007f5cf1fea000]
   java.lang.Thread.State: WAITING (parking)
	at sun.misc.Unsafe.park(Native Method)
	- parking to wait for  <0x00000007024adb70> (a java.util.concurrent.locks.AbstractQueuedSynchronizer$ConditionObject)
	at java.util.concurrent.locks.LockSupport.park(LockSupport.java:175)
	at java.util.concurrent.locks.AbstractQueuedSynchronizer$ConditionObject.await(AbstractQueuedSynchronizer.java:2039)
	at java.util.concurrent.LinkedBlockingQueue.take(LinkedBlockingQueue.java:442)
	at org.apache.zookeeper.ClientCnxn$EventThread.run(ClientCnxn.java:501)

   Locked ownable synchronizers:
	- None

"main-SendThread(172.24.154.142:10311)" #183 daemon prio=5 os_prio=0 tid=0x00007f5f61dc7800 nid=0x116 runnable [0x00007f5cf20eb000]
   java.lang.Thread.State: RUNNABLE
	at sun.nio.ch.EPollArrayWrapper.epollWait(Native Method)
	at sun.nio.ch.EPollArrayWrapper.poll(EPollArrayWrapper.java:269)
	at sun.nio.ch.EPollSelectorImpl.doSelect(EPollSelectorImpl.java:93)
	at sun.nio.ch.SelectorImpl.lockAndDoSelect(SelectorImpl.java:86)
	- locked <0x00000007024adfc0> (a sun.nio.ch.Util$3)
	- locked <0x00000007024adfa8> (a java.util.Collections$UnmodifiableSet)
	- locked <0x0000000702401a70> (a sun.nio.ch.EPollSelectorImpl)
	at sun.nio.ch.SelectorImpl.select(SelectorImpl.java:97)
	at org.apache.zookeeper.ClientCnxnSocketNIO.doTransport(ClientCnxnSocketNIO.java:349)
	at org.apache.zookeeper.ClientCnxn$SendThread.run(ClientCnxn.java:1141)

   Locked ownable synchronizers:
	- None

"Curator-ConnectionStateManager-0" #182 daemon prio=5 os_prio=0 tid=0x00007f5f62480000 nid=0x115 waiting on condition [0x00007f5cf23ec000]
   java.lang.Thread.State: TIMED_WAITING (parking)
	at sun.misc.Unsafe.park(Native Method)
	- parking to wait for  <0x0000000702299718> (a java.util.concurrent.locks.AbstractQueuedSynchronizer$ConditionObject)
	at java.util.concurrent.locks.LockSupport.parkNanos(LockSupport.java:215)
	at java.util.concurrent.locks.AbstractQueuedSynchronizer$ConditionObject.awaitNanos(AbstractQueuedSynchronizer.java:2078)
	at java.util.concurrent.ArrayBlockingQueue.poll(ArrayBlockingQueue.java:418)
	at org.apache.curator.framework.state.ConnectionStateManager.processEvents(ConnectionStateManager.java:259)
	at org.apache.curator.framework.state.ConnectionStateManager.access$000(ConnectionStateManager.java:44)
	at org.apache.curator.framework.state.ConnectionStateManager$1.call(ConnectionStateManager.java:120)
	at java.util.concurrent.FutureTask.run(FutureTask.java:266)
	at java.util.concurrent.ThreadPoolExecutor.runWorker(ThreadPoolExecutor.java:1149)
	at java.util.concurrent.ThreadPoolExecutor$Worker.run(ThreadPoolExecutor.java:624)
	at java.lang.Thread.run(Thread.java:748)

   Locked ownable synchronizers:
	- <0x00000007022e8cd8> (a java.util.concurrent.ThreadPoolExecutor$Worker)

"NettyClientWorkerThread_1" #181 prio=5 os_prio=0 tid=0x00007f5cb0001000 nid=0x114 waiting on condition [0x00007f5cf26ed000]
   java.lang.Thread.State: TIMED_WAITING (parking)
	at sun.misc.Unsafe.park(Native Method)
	- parking to wait for  <0x000000070162b608> (a java.util.concurrent.locks.AbstractQueuedSynchronizer$ConditionObject)
	at java.util.concurrent.locks.LockSupport.parkNanos(LockSupport.java:215)
	at java.util.concurrent.locks.AbstractQueuedSynchronizer$ConditionObject.awaitNanos(AbstractQueuedSynchronizer.java:2078)
	at java.util.concurrent.LinkedBlockingQueue.poll(LinkedBlockingQueue.java:467)
	at io.netty.util.concurrent.SingleThreadEventExecutor.takeTask(SingleThreadEventExecutor.java:256)
	at io.netty.util.concurrent.DefaultEventExecutor.run(DefaultEventExecutor.java:64)
	at io.netty.util.concurrent.SingleThreadEventExecutor$4.run(SingleThreadEventExecutor.java:989)
	at io.netty.util.internal.ThreadExecutorMap$2.run(ThreadExecutorMap.java:74)
	at java.lang.Thread.run(Thread.java:748)

   Locked ownable synchronizers:
	- None

"NettyClientSelector_1" #180 prio=5 os_prio=0 tid=0x00007f5cac003000 nid=0x113 runnable [0x00007f5cf27ee000]
   java.lang.Thread.State: RUNNABLE
	at sun.nio.ch.EPollArrayWrapper.epollWait(Native Method)
	at sun.nio.ch.EPollArrayWrapper.poll(EPollArrayWrapper.java:269)
	at sun.nio.ch.EPollSelectorImpl.doSelect(EPollSelectorImpl.java:93)
	at sun.nio.ch.SelectorImpl.lockAndDoSelect(SelectorImpl.java:86)
	- locked <0x000000070162b770> (a io.netty.channel.nio.SelectedSelectionKeySet)
	- locked <0x000000070162b7a0> (a java.util.Collections$UnmodifiableSet)
	- locked <0x00000007015305e8> (a sun.nio.ch.EPollSelectorImpl)
	at sun.nio.ch.SelectorImpl.select(SelectorImpl.java:97)
	at sun.nio.ch.SelectorImpl.select(SelectorImpl.java:101)
	at io.netty.channel.nio.SelectedSelectionKeySetSelector.select(SelectedSelectionKeySetSelector.java:68)
	at io.netty.channel.nio.NioEventLoop.select(NioEventLoop.java:803)
	at io.netty.channel.nio.NioEventLoop.run(NioEventLoop.java:457)
	at io.netty.util.concurrent.SingleThreadEventExecutor$4.run(SingleThreadEventExecutor.java:989)
	at io.netty.util.internal.ThreadExecutorMap$2.run(ThreadExecutorMap.java:74)
	at java.lang.Thread.run(Thread.java:748)

   Locked ownable synchronizers:
	- None

"RebalanceService" #179 prio=5 os_prio=0 tid=0x00007f5f62823800 nid=0x112 waiting on condition [0x00007f5cf28ef000]
   java.lang.Thread.State: TIMED_WAITING (parking)
	at sun.misc.Unsafe.park(Native Method)
	- parking to wait for  <0x0000000701634090> (a org.apache.rocketmq.common.CountDownLatch2$Sync)
	at java.util.concurrent.locks.LockSupport.parkNanos(LockSupport.java:215)
	at java.util.concurrent.locks.AbstractQueuedSynchronizer.doAcquireSharedNanos(AbstractQueuedSynchronizer.java:1037)
	at java.util.concurrent.locks.AbstractQueuedSynchronizer.tryAcquireSharedNanos(AbstractQueuedSynchronizer.java:1328)
	at org.apache.rocketmq.common.CountDownLatch2.await(CountDownLatch2.java:114)
	at org.apache.rocketmq.common.ServiceThread.waitForRunning(ServiceThread.java:139)
	at org.apache.rocketmq.client.impl.consumer.RebalanceService.run(RebalanceService.java:40)
	at java.lang.Thread.run(Thread.java:748)

   Locked ownable synchronizers:
	- None

"PullMessageService" #178 prio=5 os_prio=0 tid=0x00007f5f62be0000 nid=0x111 waiting on condition [0x00007f5cf29f0000]
   java.lang.Thread.State: WAITING (parking)
	at sun.misc.Unsafe.park(Native Method)
	- parking to wait for  <0x000000070162c9e8> (a java.util.concurrent.locks.AbstractQueuedSynchronizer$ConditionObject)
	at java.util.concurrent.locks.LockSupport.park(LockSupport.java:175)
	at java.util.concurrent.locks.AbstractQueuedSynchronizer$ConditionObject.await(AbstractQueuedSynchronizer.java:2039)
	at java.util.concurrent.LinkedBlockingQueue.take(LinkedBlockingQueue.java:442)
	at org.apache.rocketmq.client.impl.consumer.PullMessageService.run(PullMessageService.java:95)
	at java.lang.Thread.run(Thread.java:748)

   Locked ownable synchronizers:
	- None

"MQClientFactoryScheduledThread" #177 prio=5 os_prio=0 tid=0x00007f5f62bde800 nid=0x110 waiting on condition [0x00007f5cf2af1000]
   java.lang.Thread.State: TIMED_WAITING (parking)
	at sun.misc.Unsafe.park(Native Method)
	- parking to wait for  <0x000000070162cb20> (a java.util.concurrent.locks.AbstractQueuedSynchronizer$ConditionObject)
	at java.util.concurrent.locks.LockSupport.parkNanos(LockSupport.java:215)
	at java.util.concurrent.locks.AbstractQueuedSynchronizer$ConditionObject.awaitNanos(AbstractQueuedSynchronizer.java:2078)
	at java.util.concurrent.ScheduledThreadPoolExecutor$DelayedWorkQueue.take(ScheduledThreadPoolExecutor.java:1093)
	at java.util.concurrent.ScheduledThreadPoolExecutor$DelayedWorkQueue.take(ScheduledThreadPoolExecutor.java:809)
	at java.util.concurrent.ThreadPoolExecutor.getTask(ThreadPoolExecutor.java:1074)
	at java.util.concurrent.ThreadPoolExecutor.runWorker(ThreadPoolExecutor.java:1134)
	at java.util.concurrent.ThreadPoolExecutor$Worker.run(ThreadPoolExecutor.java:624)
	at java.lang.Thread.run(Thread.java:748)

   Locked ownable synchronizers:
	- None

"RequestHouseKeepingService" #176 daemon prio=5 os_prio=0 tid=0x00007f5f62bdd000 nid=0x10f in Object.wait() [0x00007f5cf2bf2000]
   java.lang.Thread.State: TIMED_WAITING (on object monitor)
	at java.lang.Object.wait(Native Method)
	at java.util.TimerThread.mainLoop(Timer.java:552)
	- locked <0x000000070162c5e0> (a java.util.TaskQueue)
	at java.util.TimerThread.run(Timer.java:505)

   Locked ownable synchronizers:
	- None

"ClientHouseKeepingService" #175 daemon prio=5 os_prio=0 tid=0x00007f5f62d8a800 nid=0x10e in Object.wait() [0x00007f5cf2cf3000]
   java.lang.Thread.State: TIMED_WAITING (on object monitor)
	at java.lang.Object.wait(Native Method)
	at java.util.TimerThread.mainLoop(Timer.java:552)
	- locked <0x000000070162c160> (a java.util.TaskQueue)
	at java.util.TimerThread.run(Timer.java:505)

   Locked ownable synchronizers:
	- None

"RequestHouseKeepingService" #171 daemon prio=5 os_prio=0 tid=0x00007f5f6013f000 nid=0x10b in Object.wait() [0x00007f5cf2ef5000]
   java.lang.Thread.State: TIMED_WAITING (on object monitor)
	at java.lang.Object.wait(Native Method)
	at java.util.TimerThread.mainLoop(Timer.java:552)
	- locked <0x000000070162d420> (a java.util.TaskQueue)
	at java.util.TimerThread.run(Timer.java:505)

   Locked ownable synchronizers:
	- None

"spring.cloud.inetutils" #170 daemon prio=5 os_prio=0 tid=0x00007f5f62de2800 nid=0x10a waiting on condition [0x00007f5cf2ff6000]
   java.lang.Thread.State: WAITING (parking)
	at sun.misc.Unsafe.park(Native Method)
	- parking to wait for  <0x00000006ff615170> (a java.util.concurrent.locks.AbstractQueuedSynchronizer$ConditionObject)
	at java.util.concurrent.locks.LockSupport.park(LockSupport.java:175)
	at java.util.concurrent.locks.AbstractQueuedSynchronizer$ConditionObject.await(AbstractQueuedSynchronizer.java:2039)
	at java.util.concurrent.LinkedBlockingQueue.take(LinkedBlockingQueue.java:442)
	at java.util.concurrent.ThreadPoolExecutor.getTask(ThreadPoolExecutor.java:1074)
	at java.util.concurrent.ThreadPoolExecutor.runWorker(ThreadPoolExecutor.java:1134)
	at java.util.concurrent.ThreadPoolExecutor$Worker.run(ThreadPoolExecutor.java:624)
	at java.lang.Thread.run(Thread.java:748)

   Locked ownable synchronizers:
	- None

"NettyClientPublicExecutor_2" #169 prio=5 os_prio=0 tid=0x00007f5d18001000 nid=0x109 waiting on condition [0x00007f5cf32f7000]
   java.lang.Thread.State: WAITING (parking)
	at sun.misc.Unsafe.park(Native Method)
	- parking to wait for  <0x00000006ffe73130> (a java.util.concurrent.locks.AbstractQueuedSynchronizer$ConditionObject)
	at java.util.concurrent.locks.LockSupport.park(LockSupport.java:175)
	at java.util.concurrent.locks.AbstractQueuedSynchronizer$ConditionObject.await(AbstractQueuedSynchronizer.java:2039)
	at java.util.concurrent.LinkedBlockingQueue.take(LinkedBlockingQueue.java:442)
	at java.util.concurrent.ThreadPoolExecutor.getTask(ThreadPoolExecutor.java:1074)
	at java.util.concurrent.ThreadPoolExecutor.runWorker(ThreadPoolExecutor.java:1134)
	at java.util.concurrent.ThreadPoolExecutor$Worker.run(ThreadPoolExecutor.java:624)
	at java.lang.Thread.run(Thread.java:748)

   Locked ownable synchronizers:
	- None

"NettyClientPublicExecutor_1" #168 prio=5 os_prio=0 tid=0x00007f5d1c005000 nid=0x108 waiting on condition [0x00007f5cf33f8000]
   java.lang.Thread.State: WAITING (parking)
	at sun.misc.Unsafe.park(Native Method)
	- parking to wait for  <0x00000006ffe73130> (a java.util.concurrent.locks.AbstractQueuedSynchronizer$ConditionObject)
	at java.util.concurrent.locks.LockSupport.park(LockSupport.java:175)
	at java.util.concurrent.locks.AbstractQueuedSynchronizer$ConditionObject.await(AbstractQueuedSynchronizer.java:2039)
	at java.util.concurrent.LinkedBlockingQueue.take(LinkedBlockingQueue.java:442)
	at java.util.concurrent.ThreadPoolExecutor.getTask(ThreadPoolExecutor.java:1074)
	at java.util.concurrent.ThreadPoolExecutor.runWorker(ThreadPoolExecutor.java:1134)
	at java.util.concurrent.ThreadPoolExecutor$Worker.run(ThreadPoolExecutor.java:624)
	at java.lang.Thread.run(Thread.java:748)

   Locked ownable synchronizers:
	- None

"CleanExpireMsgScheduledThread_1" #167 prio=5 os_prio=0 tid=0x00007f5f6146a800 nid=0x107 waiting on condition [0x00007f5dc8cd1000]
   java.lang.Thread.State: TIMED_WAITING (parking)
	at sun.misc.Unsafe.park(Native Method)
	- parking to wait for  <0x0000000701665778> (a java.util.concurrent.locks.AbstractQueuedSynchronizer$ConditionObject)
	at java.util.concurrent.locks.LockSupport.parkNanos(LockSupport.java:215)
	at java.util.concurrent.locks.AbstractQueuedSynchronizer$ConditionObject.awaitNanos(AbstractQueuedSynchronizer.java:2078)
	at java.util.concurrent.ScheduledThreadPoolExecutor$DelayedWorkQueue.take(ScheduledThreadPoolExecutor.java:1093)
	at java.util.concurrent.ScheduledThreadPoolExecutor$DelayedWorkQueue.take(ScheduledThreadPoolExecutor.java:809)
	at java.util.concurrent.ThreadPoolExecutor.getTask(ThreadPoolExecutor.java:1074)
	at java.util.concurrent.ThreadPoolExecutor.runWorker(ThreadPoolExecutor.java:1134)
	at java.util.concurrent.ThreadPoolExecutor$Worker.run(ThreadPoolExecutor.java:624)
	at java.lang.Thread.run(Thread.java:748)

   Locked ownable synchronizers:
	- None

"downgrade-aoc-delayed-queue-manager-thread-8-1" #166 daemon prio=5 os_prio=0 tid=0x00007f5f6269c000 nid=0x106 waiting on condition [0x00007f5cf34f9000]
   java.lang.Thread.State: WAITING (parking)
	at sun.misc.Unsafe.park(Native Method)
	- parking to wait for  <0x00000007012d2370> (a java.util.concurrent.locks.AbstractQueuedSynchronizer$ConditionObject)
	at java.util.concurrent.locks.LockSupport.park(LockSupport.java:175)
	at java.util.concurrent.locks.AbstractQueuedSynchronizer$ConditionObject.await(AbstractQueuedSynchronizer.java:2039)
	at java.util.concurrent.DelayQueue.take(DelayQueue.java:211)
	at com.lixiang.platform.mdm.biz.delayedQueue.DowngradeAocDelayedQueueManager.lambda$new$0(DowngradeAocDelayedQueueManager.java:30)
	at com.lixiang.platform.mdm.biz.delayedQueue.DowngradeAocDelayedQueueManager$$Lambda$1231/1946400735.run(Unknown Source)
	at java.util.concurrent.ThreadPoolExecutor.runWorker(ThreadPoolExecutor.java:1149)
	at java.util.concurrent.ThreadPoolExecutor$Worker.run(ThreadPoolExecutor.java:624)
	at io.netty.util.concurrent.FastThreadLocalRunnable.run(FastThreadLocalRunnable.java:30)
	at java.lang.Thread.run(Thread.java:748)

   Locked ownable synchronizers:
	- <0x000000070146c880> (a java.util.concurrent.ThreadPoolExecutor$Worker)

"Thread-34" #163 daemon prio=5 os_prio=0 tid=0x00007f5f61662800 nid=0x105 in Object.wait() [0x00007f5cf37fa000]
   java.lang.Thread.State: TIMED_WAITING (on object monitor)
	at java.lang.Object.wait(Native Method)
	at com.mashape.unirest.http.utils.SyncIdleConnectionMonitorThread.run(SyncIdleConnectionMonitorThread.java:22)
	- locked <0x000000070165e918> (a com.mashape.unirest.http.utils.SyncIdleConnectionMonitorThread)

   Locked ownable synchronizers:
	- None

"Thread-32" #160 daemon prio=5 os_prio=0 tid=0x00007f5f61a00000 nid=0x104 in Object.wait() [0x00007f5cf38fb000]
   java.lang.Thread.State: TIMED_WAITING (on object monitor)
	at java.lang.Object.wait(Native Method)
	at com.mashape.unirest.http.utils.SyncIdleConnectionMonitorThread.run(SyncIdleConnectionMonitorThread.java:22)
	- locked <0x000000070165ea98> (a com.mashape.unirest.http.utils.SyncIdleConnectionMonitorThread)

   Locked ownable synchronizers:
	- None

"AsyncHttpClient-timer-6-1" #159 prio=5 os_prio=0 tid=0x00007f5f61f1f000 nid=0x103 sleeping[0x00007f5cf3bfc000]
   java.lang.Thread.State: TIMED_WAITING (sleeping)
	at java.lang.Thread.sleep(Native Method)
	at io.netty.util.HashedWheelTimer$Worker.waitForNextTick(HashedWheelTimer.java:569)
	at io.netty.util.HashedWheelTimer$Worker.run(HashedWheelTimer.java:465)
	at io.netty.util.concurrent.FastThreadLocalRunnable.run(FastThreadLocalRunnable.java:30)
	at java.lang.Thread.run(Thread.java:748)

   Locked ownable synchronizers:
	- None

"nioEventLoopGroup-5-1" #158 prio=10 os_prio=0 tid=0x00007f5f613df800 nid=0x102 runnable [0x00007f5cf3cfd000]
   java.lang.Thread.State: RUNNABLE
	at sun.nio.ch.EPollArrayWrapper.epollWait(Native Method)
	at sun.nio.ch.EPollArrayWrapper.poll(EPollArrayWrapper.java:269)
	at sun.nio.ch.EPollSelectorImpl.doSelect(EPollSelectorImpl.java:93)
	at sun.nio.ch.SelectorImpl.lockAndDoSelect(SelectorImpl.java:86)
	- locked <0x00000006ffb77358> (a io.netty.channel.nio.SelectedSelectionKeySet)
	- locked <0x00000006ffb77388> (a java.util.Collections$UnmodifiableSet)
	- locked <0x00000006ff13f110> (a sun.nio.ch.EPollSelectorImpl)
	at sun.nio.ch.SelectorImpl.select(SelectorImpl.java:97)
	at sun.nio.ch.SelectorImpl.select(SelectorImpl.java:101)
	at io.netty.channel.nio.SelectedSelectionKeySetSelector.select(SelectedSelectionKeySetSelector.java:68)
	at io.netty.channel.nio.NioEventLoop.select(NioEventLoop.java:803)
	at io.netty.channel.nio.NioEventLoop.run(NioEventLoop.java:457)
	at io.netty.util.concurrent.SingleThreadEventExecutor$4.run(SingleThreadEventExecutor.java:989)
	at io.netty.util.internal.ThreadExecutorMap$2.run(ThreadExecutorMap.java:74)
	at io.netty.util.concurrent.FastThreadLocalRunnable.run(FastThreadLocalRunnable.java:30)
	at java.lang.Thread.run(Thread.java:748)

   Locked ownable synchronizers:
	- None

"commons-pool-evictor-thread" #157 daemon prio=5 os_prio=0 tid=0x00007f5f62c7d000 nid=0x101 waiting on condition [0x00007f5cf3ffe000]
   java.lang.Thread.State: TIMED_WAITING (parking)
	at sun.misc.Unsafe.park(Native Method)
	- parking to wait for  <0x0000000700a52010> (a java.util.concurrent.locks.AbstractQueuedSynchronizer$ConditionObject)
	at java.util.concurrent.locks.LockSupport.parkNanos(LockSupport.java:215)
	at java.util.concurrent.locks.AbstractQueuedSynchronizer$ConditionObject.awaitNanos(AbstractQueuedSynchronizer.java:2078)
	at java.util.concurrent.ScheduledThreadPoolExecutor$DelayedWorkQueue.take(ScheduledThreadPoolExecutor.java:1093)
	at java.util.concurrent.ScheduledThreadPoolExecutor$DelayedWorkQueue.take(ScheduledThreadPoolExecutor.java:809)
	at java.util.concurrent.ThreadPoolExecutor.getTask(ThreadPoolExecutor.java:1074)
	at java.util.concurrent.ThreadPoolExecutor.runWorker(ThreadPoolExecutor.java:1134)
	at java.util.concurrent.ThreadPoolExecutor$Worker.run(ThreadPoolExecutor.java:624)
	at java.lang.Thread.run(Thread.java:748)

   Locked ownable synchronizers:
	- None

"NettyClientWorkerThread_1" #156 prio=5 os_prio=0 tid=0x00007f5cf4001000 nid=0x100 waiting on condition [0x00007f5dc85ca000]
   java.lang.Thread.State: TIMED_WAITING (parking)
	at sun.misc.Unsafe.park(Native Method)
	- parking to wait for  <0x00000006ff961800> (a java.util.concurrent.locks.AbstractQueuedSynchronizer$ConditionObject)
	at java.util.concurrent.locks.LockSupport.parkNanos(LockSupport.java:215)
	at java.util.concurrent.locks.AbstractQueuedSynchronizer$ConditionObject.awaitNanos(AbstractQueuedSynchronizer.java:2078)
	at java.util.concurrent.LinkedBlockingQueue.poll(LinkedBlockingQueue.java:467)
	at io.netty.util.concurrent.SingleThreadEventExecutor.takeTask(SingleThreadEventExecutor.java:256)
	at io.netty.util.concurrent.DefaultEventExecutor.run(DefaultEventExecutor.java:64)
	at io.netty.util.concurrent.SingleThreadEventExecutor$4.run(SingleThreadEventExecutor.java:989)
	at io.netty.util.internal.ThreadExecutorMap$2.run(ThreadExecutorMap.java:74)
	at java.lang.Thread.run(Thread.java:748)

   Locked ownable synchronizers:
	- None

"NettyClientSelector_1" #155 prio=5 os_prio=0 tid=0x00007f5d08001800 nid=0xff runnable [0x00007f5dc86cb000]
   java.lang.Thread.State: RUNNABLE
	at sun.nio.ch.EPollArrayWrapper.epollWait(Native Method)
	at sun.nio.ch.EPollArrayWrapper.poll(EPollArrayWrapper.java:269)
	at sun.nio.ch.EPollSelectorImpl.doSelect(EPollSelectorImpl.java:93)
	at sun.nio.ch.SelectorImpl.lockAndDoSelect(SelectorImpl.java:86)
	- locked <0x00000006ff961968> (a io.netty.channel.nio.SelectedSelectionKeySet)
	- locked <0x00000006ff961698> (a java.util.Collections$UnmodifiableSet)
	- locked <0x00000006fe70edb8> (a sun.nio.ch.EPollSelectorImpl)
	at sun.nio.ch.SelectorImpl.select(SelectorImpl.java:97)
	at sun.nio.ch.SelectorImpl.select(SelectorImpl.java:101)
	at io.netty.channel.nio.SelectedSelectionKeySetSelector.select(SelectedSelectionKeySetSelector.java:68)
	at io.netty.channel.nio.NioEventLoop.select(NioEventLoop.java:803)
	at io.netty.channel.nio.NioEventLoop.run(NioEventLoop.java:457)
	at io.netty.util.concurrent.SingleThreadEventExecutor$4.run(SingleThreadEventExecutor.java:989)
	at io.netty.util.internal.ThreadExecutorMap$2.run(ThreadExecutorMap.java:74)
	at java.lang.Thread.run(Thread.java:748)

   Locked ownable synchronizers:
	- None

"RebalanceService" #154 prio=5 os_prio=0 tid=0x00007f5f610e8800 nid=0xfe waiting on condition [0x00007f5dc87cc000]
   java.lang.Thread.State: TIMED_WAITING (parking)
	at sun.misc.Unsafe.park(Native Method)
	- parking to wait for  <0x00000006ffef4d98> (a org.apache.rocketmq.common.CountDownLatch2$Sync)
	at java.util.concurrent.locks.LockSupport.parkNanos(LockSupport.java:215)
	at java.util.concurrent.locks.AbstractQueuedSynchronizer.doAcquireSharedNanos(AbstractQueuedSynchronizer.java:1037)
	at java.util.concurrent.locks.AbstractQueuedSynchronizer.tryAcquireSharedNanos(AbstractQueuedSynchronizer.java:1328)
	at org.apache.rocketmq.common.CountDownLatch2.await(CountDownLatch2.java:114)
	at org.apache.rocketmq.common.ServiceThread.waitForRunning(ServiceThread.java:139)
	at org.apache.rocketmq.client.impl.consumer.RebalanceService.run(RebalanceService.java:40)
	at java.lang.Thread.run(Thread.java:748)

   Locked ownable synchronizers:
	- None

"PullMessageService" #153 prio=5 os_prio=0 tid=0x00007f5f6179f800 nid=0xfd waiting on condition [0x00007f5dc88cd000]
   java.lang.Thread.State: WAITING (parking)
	at sun.misc.Unsafe.park(Native Method)
	- parking to wait for  <0x00000006ff0c9350> (a java.util.concurrent.locks.AbstractQueuedSynchronizer$ConditionObject)
	at java.util.concurrent.locks.LockSupport.park(LockSupport.java:175)
	at java.util.concurrent.locks.AbstractQueuedSynchronizer$ConditionObject.await(AbstractQueuedSynchronizer.java:2039)
	at java.util.concurrent.LinkedBlockingQueue.take(LinkedBlockingQueue.java:442)
	at org.apache.rocketmq.client.impl.consumer.PullMessageService.run(PullMessageService.java:95)
	at java.lang.Thread.run(Thread.java:748)

   Locked ownable synchronizers:
	- None

"MQClientFactoryScheduledThread" #152 prio=5 os_prio=0 tid=0x00007f5f61aa2800 nid=0xfc waiting on condition [0x00007f5dc89ce000]
   java.lang.Thread.State: TIMED_WAITING (parking)
	at sun.misc.Unsafe.park(Native Method)
	- parking to wait for  <0x00000006ff961a10> (a java.util.concurrent.locks.AbstractQueuedSynchronizer$ConditionObject)
	at java.util.concurrent.locks.LockSupport.parkNanos(LockSupport.java:215)
	at java.util.concurrent.locks.AbstractQueuedSynchronizer$ConditionObject.awaitNanos(AbstractQueuedSynchronizer.java:2078)
	at java.util.concurrent.ScheduledThreadPoolExecutor$DelayedWorkQueue.take(ScheduledThreadPoolExecutor.java:1093)
	at java.util.concurrent.ScheduledThreadPoolExecutor$DelayedWorkQueue.take(ScheduledThreadPoolExecutor.java:809)
	at java.util.concurrent.ThreadPoolExecutor.getTask(ThreadPoolExecutor.java:1074)
	at java.util.concurrent.ThreadPoolExecutor.runWorker(ThreadPoolExecutor.java:1134)
	at java.util.concurrent.ThreadPoolExecutor$Worker.run(ThreadPoolExecutor.java:624)
	at java.lang.Thread.run(Thread.java:748)

   Locked ownable synchronizers:
	- None

"RequestHouseKeepingService" #151 daemon prio=5 os_prio=0 tid=0x00007f5f61aa2000 nid=0xfb in Object.wait() [0x00007f5dc8acf000]
   java.lang.Thread.State: TIMED_WAITING (on object monitor)
	at java.lang.Object.wait(Native Method)
	at java.util.TimerThread.mainLoop(Timer.java:552)
	- locked <0x00000006ff0c9848> (a java.util.TaskQueue)
	at java.util.TimerThread.run(Timer.java:505)

   Locked ownable synchronizers:
	- None

"ClientHouseKeepingService" #150 daemon prio=5 os_prio=0 tid=0x00007f5f6103a800 nid=0xfa in Object.wait() [0x00007f5dc8bd0000]
   java.lang.Thread.State: TIMED_WAITING (on object monitor)
	at java.lang.Object.wait(Native Method)
	at java.util.TimerThread.mainLoop(Timer.java:552)
	- locked <0x00000006ff960e58> (a java.util.TaskQueue)
	at java.util.TimerThread.run(Timer.java:505)

   Locked ownable synchronizers:
	- None

"NettyClientWorkerThread_3" #146 prio=5 os_prio=0 tid=0x00007f5d2c012000 nid=0xf6 waiting on condition [0x00007f5dc8fd2000]
   java.lang.Thread.State: TIMED_WAITING (parking)
	at sun.misc.Unsafe.park(Native Method)
	- parking to wait for  <0x00000006ffe74408> (a java.util.concurrent.locks.AbstractQueuedSynchronizer$ConditionObject)
	at java.util.concurrent.locks.LockSupport.parkNanos(LockSupport.java:215)
	at java.util.concurrent.locks.AbstractQueuedSynchronizer$ConditionObject.awaitNanos(AbstractQueuedSynchronizer.java:2078)
	at java.util.concurrent.LinkedBlockingQueue.poll(LinkedBlockingQueue.java:467)
	at io.netty.util.concurrent.SingleThreadEventExecutor.takeTask(SingleThreadEventExecutor.java:256)
	at io.netty.util.concurrent.DefaultEventExecutor.run(DefaultEventExecutor.java:64)
	at io.netty.util.concurrent.SingleThreadEventExecutor$4.run(SingleThreadEventExecutor.java:989)
	at io.netty.util.internal.ThreadExecutorMap$2.run(ThreadExecutorMap.java:74)
	at java.lang.Thread.run(Thread.java:748)

   Locked ownable synchronizers:
	- None

"NettyClientWorkerThread_3" #145 prio=5 os_prio=0 tid=0x00007f5d38034800 nid=0xf5 waiting on condition [0x00007f5dc90d3000]
   java.lang.Thread.State: TIMED_WAITING (parking)
	at sun.misc.Unsafe.park(Native Method)
	- parking to wait for  <0x00000007005eae78> (a java.util.concurrent.locks.AbstractQueuedSynchronizer$ConditionObject)
	at java.util.concurrent.locks.LockSupport.parkNanos(LockSupport.java:215)
	at java.util.concurrent.locks.AbstractQueuedSynchronizer$ConditionObject.awaitNanos(AbstractQueuedSynchronizer.java:2078)
	at java.util.concurrent.LinkedBlockingQueue.poll(LinkedBlockingQueue.java:467)
	at io.netty.util.concurrent.SingleThreadEventExecutor.takeTask(SingleThreadEventExecutor.java:256)
	at io.netty.util.concurrent.DefaultEventExecutor.run(DefaultEventExecutor.java:64)
	at io.netty.util.concurrent.SingleThreadEventExecutor$4.run(SingleThreadEventExecutor.java:989)
	at io.netty.util.internal.ThreadExecutorMap$2.run(ThreadExecutorMap.java:74)
	at java.lang.Thread.run(Thread.java:748)

   Locked ownable synchronizers:
	- None

"NettyClientWorkerThread_2" #144 prio=5 os_prio=0 tid=0x00007f5d38031000 nid=0xf4 waiting on condition [0x00007f5dc91d4000]
   java.lang.Thread.State: TIMED_WAITING (parking)
	at sun.misc.Unsafe.park(Native Method)
	- parking to wait for  <0x00000007005ea6b0> (a java.util.concurrent.locks.AbstractQueuedSynchronizer$ConditionObject)
	at java.util.concurrent.locks.LockSupport.parkNanos(LockSupport.java:215)
	at java.util.concurrent.locks.AbstractQueuedSynchronizer$ConditionObject.awaitNanos(AbstractQueuedSynchronizer.java:2078)
	at java.util.concurrent.LinkedBlockingQueue.poll(LinkedBlockingQueue.java:467)
	at io.netty.util.concurrent.SingleThreadEventExecutor.takeTask(SingleThreadEventExecutor.java:256)
	at io.netty.util.concurrent.DefaultEventExecutor.run(DefaultEventExecutor.java:64)
	at io.netty.util.concurrent.SingleThreadEventExecutor$4.run(SingleThreadEventExecutor.java:989)
	at io.netty.util.internal.ThreadExecutorMap$2.run(ThreadExecutorMap.java:74)
	at java.lang.Thread.run(Thread.java:748)

   Locked ownable synchronizers:
	- None

"NettyClientWorkerThread_2" #143 prio=5 os_prio=0 tid=0x00007f5d2c011000 nid=0xf3 waiting on condition [0x00007f5dc92d5000]
   java.lang.Thread.State: TIMED_WAITING (parking)
	at sun.misc.Unsafe.park(Native Method)
	- parking to wait for  <0x00000006ffe73d18> (a java.util.concurrent.locks.AbstractQueuedSynchronizer$ConditionObject)
	at java.util.concurrent.locks.LockSupport.parkNanos(LockSupport.java:215)
	at java.util.concurrent.locks.AbstractQueuedSynchronizer$ConditionObject.awaitNanos(AbstractQueuedSynchronizer.java:2078)
	at java.util.concurrent.LinkedBlockingQueue.poll(LinkedBlockingQueue.java:467)
	at io.netty.util.concurrent.SingleThreadEventExecutor.takeTask(SingleThreadEventExecutor.java:256)
	at io.netty.util.concurrent.DefaultEventExecutor.run(DefaultEventExecutor.java:64)
	at io.netty.util.concurrent.SingleThreadEventExecutor$4.run(SingleThreadEventExecutor.java:989)
	at io.netty.util.internal.ThreadExecutorMap$2.run(ThreadExecutorMap.java:74)
	at java.lang.Thread.run(Thread.java:748)

   Locked ownable synchronizers:
	- None

"RequestHouseKeepingService" #142 daemon prio=5 os_prio=0 tid=0x00007f5f619da800 nid=0xf2 in Object.wait() [0x00007f5dc93d6000]
   java.lang.Thread.State: TIMED_WAITING (on object monitor)
	at java.lang.Object.wait(Native Method)
	at java.util.TimerThread.mainLoop(Timer.java:552)
	- locked <0x00000006ff0a6a50> (a java.util.TaskQueue)
	at java.util.TimerThread.run(Timer.java:505)

   Locked ownable synchronizers:
	- None

"NettyClientWorkerThread_1" #141 prio=5 os_prio=0 tid=0x00007f5d2c001000 nid=0xf0 waiting on condition [0x00007f5dc94d7000]
   java.lang.Thread.State: TIMED_WAITING (parking)
	at sun.misc.Unsafe.park(Native Method)
	- parking to wait for  <0x00000006ffe73958> (a java.util.concurrent.locks.AbstractQueuedSynchronizer$ConditionObject)
	at java.util.concurrent.locks.LockSupport.parkNanos(LockSupport.java:215)
	at java.util.concurrent.locks.AbstractQueuedSynchronizer$ConditionObject.awaitNanos(AbstractQueuedSynchronizer.java:2078)
	at java.util.concurrent.LinkedBlockingQueue.poll(LinkedBlockingQueue.java:467)
	at io.netty.util.concurrent.SingleThreadEventExecutor.takeTask(SingleThreadEventExecutor.java:256)
	at io.netty.util.concurrent.DefaultEventExecutor.run(DefaultEventExecutor.java:64)
	at io.netty.util.concurrent.SingleThreadEventExecutor$4.run(SingleThreadEventExecutor.java:989)
	at io.netty.util.internal.ThreadExecutorMap$2.run(ThreadExecutorMap.java:74)
	at java.lang.Thread.run(Thread.java:748)

   Locked ownable synchronizers:
	- None

"NettyClientWorkerThread_1" #140 prio=5 os_prio=0 tid=0x00007f5d38024000 nid=0xef waiting on condition [0x00007f5dc95d8000]
   java.lang.Thread.State: TIMED_WAITING (parking)
	at sun.misc.Unsafe.park(Native Method)
	- parking to wait for  <0x00000007005ead40> (a java.util.concurrent.locks.AbstractQueuedSynchronizer$ConditionObject)
	at java.util.concurrent.locks.LockSupport.parkNanos(LockSupport.java:215)
	at java.util.concurrent.locks.AbstractQueuedSynchronizer$ConditionObject.awaitNanos(AbstractQueuedSynchronizer.java:2078)
	at java.util.concurrent.LinkedBlockingQueue.poll(LinkedBlockingQueue.java:467)
	at io.netty.util.concurrent.SingleThreadEventExecutor.takeTask(SingleThreadEventExecutor.java:256)
	at io.netty.util.concurrent.DefaultEventExecutor.run(DefaultEventExecutor.java:64)
	at io.netty.util.concurrent.SingleThreadEventExecutor$4.run(SingleThreadEventExecutor.java:989)
	at io.netty.util.internal.ThreadExecutorMap$2.run(ThreadExecutorMap.java:74)
	at java.lang.Thread.run(Thread.java:748)

   Locked ownable synchronizers:
	- None

"NettyClientSelector_1" #139 prio=5 os_prio=0 tid=0x00007f5d60004000 nid=0xe4 runnable [0x00007f5dc96d9000]
   java.lang.Thread.State: RUNNABLE
	at sun.nio.ch.EPollArrayWrapper.epollWait(Native Method)
	at sun.nio.ch.EPollArrayWrapper.poll(EPollArrayWrapper.java:269)
	at sun.nio.ch.EPollSelectorImpl.doSelect(EPollSelectorImpl.java:93)
	at sun.nio.ch.SelectorImpl.lockAndDoSelect(SelectorImpl.java:86)
	- locked <0x00000006ffe74090> (a io.netty.channel.nio.SelectedSelectionKeySet)
	- locked <0x00000006ffe740c0> (a java.util.Collections$UnmodifiableSet)
	- locked <0x00000006ff13f2c0> (a sun.nio.ch.EPollSelectorImpl)
	at sun.nio.ch.SelectorImpl.select(SelectorImpl.java:97)
	at sun.nio.ch.SelectorImpl.select(SelectorImpl.java:101)
	at io.netty.channel.nio.SelectedSelectionKeySetSelector.select(SelectedSelectionKeySetSelector.java:68)
	at io.netty.channel.nio.NioEventLoop.select(NioEventLoop.java:803)
	at io.netty.channel.nio.NioEventLoop.run(NioEventLoop.java:457)
	at io.netty.util.concurrent.SingleThreadEventExecutor$4.run(SingleThreadEventExecutor.java:989)
	at io.netty.util.internal.ThreadExecutorMap$2.run(ThreadExecutorMap.java:74)
	at java.lang.Thread.run(Thread.java:748)

   Locked ownable synchronizers:
	- None

"NettyClientSelector_1" #138 prio=5 os_prio=0 tid=0x00007f5d44003800 nid=0xe3 runnable [0x00007f5dc97da000]
   java.lang.Thread.State: RUNNABLE
	at sun.nio.ch.EPollArrayWrapper.epollWait(Native Method)
	at sun.nio.ch.EPollArrayWrapper.poll(EPollArrayWrapper.java:269)
	at sun.nio.ch.EPollSelectorImpl.doSelect(EPollSelectorImpl.java:93)
	at sun.nio.ch.SelectorImpl.lockAndDoSelect(SelectorImpl.java:86)
	- locked <0x00000007005ea848> (a io.netty.channel.nio.SelectedSelectionKeySet)
	- locked <0x00000007005ea878> (a java.util.Collections$UnmodifiableSet)
	- locked <0x00000007005cb7f0> (a sun.nio.ch.EPollSelectorImpl)
	at sun.nio.ch.SelectorImpl.select(SelectorImpl.java:97)
	at sun.nio.ch.SelectorImpl.select(SelectorImpl.java:101)
	at io.netty.channel.nio.SelectedSelectionKeySetSelector.select(SelectedSelectionKeySetSelector.java:68)
	at io.netty.channel.nio.NioEventLoop.select(NioEventLoop.java:803)
	at io.netty.channel.nio.NioEventLoop.run(NioEventLoop.java:457)
	at io.netty.util.concurrent.SingleThreadEventExecutor$4.run(SingleThreadEventExecutor.java:989)
	at io.netty.util.internal.ThreadExecutorMap$2.run(ThreadExecutorMap.java:74)
	at java.lang.Thread.run(Thread.java:748)

   Locked ownable synchronizers:
	- None

"MQ-AsyncTraceDispatcher-Thread-189cdfbe-3ad0-452d-acb8-2a60a055a13a" #136 daemon prio=5 os_prio=0 tid=0x00007f5f62a59800 nid=0xe1 runnable [0x00007f5dc98db000]
   java.lang.Thread.State: TIMED_WAITING (parking)
	at sun.misc.Unsafe.park(Native Method)
	- parking to wait for  <0x00000006ffe74fd8> (a java.util.concurrent.locks.AbstractQueuedSynchronizer$ConditionObject)
	at java.util.concurrent.locks.LockSupport.parkNanos(LockSupport.java:215)
	at java.util.concurrent.locks.AbstractQueuedSynchronizer$ConditionObject.awaitNanos(AbstractQueuedSynchronizer.java:2078)
	at java.util.concurrent.ArrayBlockingQueue.poll(ArrayBlockingQueue.java:418)
	at org.apache.rocketmq.client.trace.AsyncTraceDispatcher$AsyncRunnable.run(AsyncTraceDispatcher.java:247)
	at java.lang.Thread.run(Thread.java:748)

   Locked ownable synchronizers:
	- None

"RebalanceService" #135 prio=5 os_prio=0 tid=0x00007f5f62a55000 nid=0xdd waiting on condition [0x00007f5dc99dc000]
   java.lang.Thread.State: TIMED_WAITING (parking)
	at sun.misc.Unsafe.park(Native Method)
	- parking to wait for  <0x0000000700605da0> (a org.apache.rocketmq.common.CountDownLatch2$Sync)
	at java.util.concurrent.locks.LockSupport.parkNanos(LockSupport.java:215)
	at java.util.concurrent.locks.AbstractQueuedSynchronizer.doAcquireSharedNanos(AbstractQueuedSynchronizer.java:1037)
	at java.util.concurrent.locks.AbstractQueuedSynchronizer.tryAcquireSharedNanos(AbstractQueuedSynchronizer.java:1328)
	at org.apache.rocketmq.common.CountDownLatch2.await(CountDownLatch2.java:114)
	at org.apache.rocketmq.common.ServiceThread.waitForRunning(ServiceThread.java:139)
	at org.apache.rocketmq.client.impl.consumer.RebalanceService.run(RebalanceService.java:40)
	at java.lang.Thread.run(Thread.java:748)

   Locked ownable synchronizers:
	- None

"PullMessageService" #134 prio=5 os_prio=0 tid=0x00007f5f62a53800 nid=0xdc waiting on condition [0x00007f5dc9add000]
   java.lang.Thread.State: WAITING (parking)
	at sun.misc.Unsafe.park(Native Method)
	- parking to wait for  <0x00000007005eb970> (a java.util.concurrent.locks.AbstractQueuedSynchronizer$ConditionObject)
	at java.util.concurrent.locks.LockSupport.park(LockSupport.java:175)
	at java.util.concurrent.locks.AbstractQueuedSynchronizer$ConditionObject.await(AbstractQueuedSynchronizer.java:2039)
	at java.util.concurrent.LinkedBlockingQueue.take(LinkedBlockingQueue.java:442)
	at org.apache.rocketmq.client.impl.consumer.PullMessageService.run(PullMessageService.java:95)
	at java.lang.Thread.run(Thread.java:748)

   Locked ownable synchronizers:
	- None

"MQClientFactoryScheduledThread" #133 prio=5 os_prio=0 tid=0x00007f5f62a51800 nid=0xdb waiting on condition [0x00007f5dc9bde000]
   java.lang.Thread.State: TIMED_WAITING (parking)
	at sun.misc.Unsafe.park(Native Method)
	- parking to wait for  <0x00000007005eafc8> (a java.util.concurrent.locks.AbstractQueuedSynchronizer$ConditionObject)
	at java.util.concurrent.locks.LockSupport.parkNanos(LockSupport.java:215)
	at java.util.concurrent.locks.AbstractQueuedSynchronizer$ConditionObject.awaitNanos(AbstractQueuedSynchronizer.java:2078)
	at java.util.concurrent.ScheduledThreadPoolExecutor$DelayedWorkQueue.take(ScheduledThreadPoolExecutor.java:1093)
	at java.util.concurrent.ScheduledThreadPoolExecutor$DelayedWorkQueue.take(ScheduledThreadPoolExecutor.java:809)
	at java.util.concurrent.ThreadPoolExecutor.getTask(ThreadPoolExecutor.java:1074)
	at java.util.concurrent.ThreadPoolExecutor.runWorker(ThreadPoolExecutor.java:1134)
	at java.util.concurrent.ThreadPoolExecutor$Worker.run(ThreadPoolExecutor.java:624)
	at java.lang.Thread.run(Thread.java:748)

   Locked ownable synchronizers:
	- None

"RequestHouseKeepingService" #132 daemon prio=5 os_prio=0 tid=0x00007f5f624b3800 nid=0xda in Object.wait() [0x00007f5dc9cdf000]
   java.lang.Thread.State: TIMED_WAITING (on object monitor)
	at java.lang.Object.wait(Native Method)
	at java.util.TimerThread.mainLoop(Timer.java:552)
	- locked <0x00000007005eb598> (a java.util.TaskQueue)
	at java.util.TimerThread.run(Timer.java:505)

   Locked ownable synchronizers:
	- None

"ClientHouseKeepingService" #131 daemon prio=5 os_prio=0 tid=0x00007f5f62a20800 nid=0xd9 in Object.wait() [0x00007f5dc9de0000]
   java.lang.Thread.State: TIMED_WAITING (on object monitor)
	at java.lang.Object.wait(Native Method)
	at java.util.TimerThread.mainLoop(Timer.java:552)
	- locked <0x000000070024e150> (a java.util.TaskQueue)
	at java.util.TimerThread.run(Timer.java:505)

   Locked ownable synchronizers:
	- None

"RebalanceService" #129 prio=5 os_prio=0 tid=0x00007f5f62d4c000 nid=0xd0 waiting on condition [0x00007f5dc9ee1000]
   java.lang.Thread.State: TIMED_WAITING (parking)
	at sun.misc.Unsafe.park(Native Method)
	- parking to wait for  <0x00000006ffc09890> (a org.apache.rocketmq.common.CountDownLatch2$Sync)
	at java.util.concurrent.locks.LockSupport.parkNanos(LockSupport.java:215)
	at java.util.concurrent.locks.AbstractQueuedSynchronizer.doAcquireSharedNanos(AbstractQueuedSynchronizer.java:1037)
	at java.util.concurrent.locks.AbstractQueuedSynchronizer.tryAcquireSharedNanos(AbstractQueuedSynchronizer.java:1328)
	at org.apache.rocketmq.common.CountDownLatch2.await(CountDownLatch2.java:114)
	at org.apache.rocketmq.common.ServiceThread.waitForRunning(ServiceThread.java:139)
	at org.apache.rocketmq.client.impl.consumer.RebalanceService.run(RebalanceService.java:40)
	at java.lang.Thread.run(Thread.java:748)

   Locked ownable synchronizers:
	- None

"PullMessageService" #128 prio=5 os_prio=0 tid=0x00007f5f62574800 nid=0xcf waiting on condition [0x00007f5dc9fe2000]
   java.lang.Thread.State: WAITING (parking)
	at sun.misc.Unsafe.park(Native Method)
	- parking to wait for  <0x00000006ffe74678> (a java.util.concurrent.locks.AbstractQueuedSynchronizer$ConditionObject)
	at java.util.concurrent.locks.LockSupport.park(LockSupport.java:175)
	at java.util.concurrent.locks.AbstractQueuedSynchronizer$ConditionObject.await(AbstractQueuedSynchronizer.java:2039)
	at java.util.concurrent.LinkedBlockingQueue.take(LinkedBlockingQueue.java:442)
	at org.apache.rocketmq.client.impl.consumer.PullMessageService.run(PullMessageService.java:95)
	at java.lang.Thread.run(Thread.java:748)

   Locked ownable synchronizers:
	- None

"AsyncAppender-Dispatcher-Thread-26" #127 daemon prio=5 os_prio=0 tid=0x00007f5f62564000 nid=0xce in Object.wait() [0x00007f5dca0e3000]
   java.lang.Thread.State: WAITING (on object monitor)
	at java.lang.Object.wait(Native Method)
	at java.lang.Object.wait(Object.java:502)
	at org.apache.rocketmq.logging.inner.LoggingBuilder$AsyncAppender$Dispatcher.run(LoggingBuilder.java:386)
	- locked <0x00000007005ec1b0> (a java.util.ArrayList)
	at java.lang.Thread.run(Thread.java:748)

   Locked ownable synchronizers:
	- None

"MQClientFactoryScheduledThread" #126 prio=5 os_prio=0 tid=0x00007f5f6251f800 nid=0xcc waiting on condition [0x00007f5dca1e4000]
   java.lang.Thread.State: TIMED_WAITING (parking)
	at sun.misc.Unsafe.park(Native Method)
	- parking to wait for  <0x00000006ffe747b0> (a java.util.concurrent.locks.AbstractQueuedSynchronizer$ConditionObject)
	at java.util.concurrent.locks.LockSupport.parkNanos(LockSupport.java:215)
	at java.util.concurrent.locks.AbstractQueuedSynchronizer$ConditionObject.awaitNanos(AbstractQueuedSynchronizer.java:2078)
	at java.util.concurrent.ScheduledThreadPoolExecutor$DelayedWorkQueue.take(ScheduledThreadPoolExecutor.java:1093)
	at java.util.concurrent.ScheduledThreadPoolExecutor$DelayedWorkQueue.take(ScheduledThreadPoolExecutor.java:809)
	at java.util.concurrent.ThreadPoolExecutor.getTask(ThreadPoolExecutor.java:1074)
	at java.util.concurrent.ThreadPoolExecutor.runWorker(ThreadPoolExecutor.java:1134)
	at java.util.concurrent.ThreadPoolExecutor$Worker.run(ThreadPoolExecutor.java:624)
	at java.lang.Thread.run(Thread.java:748)

   Locked ownable synchronizers:
	- None

"RequestHouseKeepingService" #125 daemon prio=5 os_prio=0 tid=0x00007f5f628d1800 nid=0xca in Object.wait() [0x00007f5dca2e5000]
   java.lang.Thread.State: TIMED_WAITING (on object monitor)
	at java.lang.Object.wait(Native Method)
	at java.util.TimerThread.mainLoop(Timer.java:552)
	- locked <0x00000006ffe74ea0> (a java.util.TaskQueue)
	at java.util.TimerThread.run(Timer.java:505)

   Locked ownable synchronizers:
	- None

"AsyncAppender-Dispatcher-Thread-24" #124 daemon prio=5 os_prio=0 tid=0x00007f5f62b44000 nid=0xc8 in Object.wait() [0x00007f5dca3e6000]
   java.lang.Thread.State: WAITING (on object monitor)
	at java.lang.Object.wait(Native Method)
	at java.lang.Object.wait(Object.java:502)
	at org.apache.rocketmq.logging.inner.LoggingBuilder$AsyncAppender$Dispatcher.run(LoggingBuilder.java:386)
	- locked <0x00000007005ec2d0> (a java.util.ArrayList)
	at java.lang.Thread.run(Thread.java:748)

   Locked ownable synchronizers:
	- None

"ClientHouseKeepingService" #123 daemon prio=5 os_prio=0 tid=0x00007f5f61a46800 nid=0xc7 in Object.wait() [0x00007f5dca4e7000]
   java.lang.Thread.State: TIMED_WAITING (on object monitor)
	at java.lang.Object.wait(Native Method)
	at java.util.TimerThread.mainLoop(Timer.java:552)
	- locked <0x00000006ff26e578> (a java.util.TaskQueue)
	at java.util.TimerThread.run(Timer.java:505)

   Locked ownable synchronizers:
	- None

"AsyncAppender-Dispatcher-Thread-22" #121 daemon prio=5 os_prio=0 tid=0x00007f5f615ce000 nid=0xae in Object.wait() [0x00007f5dca7e8000]
   java.lang.Thread.State: WAITING (on object monitor)
	at java.lang.Object.wait(Native Method)
	at java.lang.Object.wait(Object.java:502)
	at org.apache.rocketmq.logging.inner.LoggingBuilder$AsyncAppender$Dispatcher.run(LoggingBuilder.java:386)
	- locked <0x00000007005ebfb8> (a java.util.ArrayList)
	at java.lang.Thread.run(Thread.java:748)

   Locked ownable synchronizers:
	- None

"RequestHouseKeepingService" #120 daemon prio=5 os_prio=0 tid=0x00007f5f61f0c000 nid=0xad in Object.wait() [0x00007f5dca8e9000]
   java.lang.Thread.State: TIMED_WAITING (on object monitor)
	at java.lang.Object.wait(Native Method)
	at java.util.TimerThread.mainLoop(Timer.java:552)
	- locked <0x00000007005ebbb0> (a java.util.TaskQueue)
	at java.util.TimerThread.run(Timer.java:505)

   Locked ownable synchronizers:
	- None

"RequestHouseKeepingService" #119 daemon prio=5 os_prio=0 tid=0x00007f5f62386800 nid=0xab in Object.wait() [0x00007f5dca9ea000]
   java.lang.Thread.State: TIMED_WAITING (on object monitor)
	at java.lang.Object.wait(Native Method)
	at java.util.TimerThread.mainLoop(Timer.java:552)
	- locked <0x00000006ff1025f8> (a java.util.TaskQueue)
	at java.util.TimerThread.run(Timer.java:505)

   Locked ownable synchronizers:
	- None

"Attach Listener" #118 daemon prio=9 os_prio=0 tid=0x00007f5f18001000 nid=0xaa waiting on condition [0x0000000000000000]
   java.lang.Thread.State: RUNNABLE

   Locked ownable synchronizers:
	- None

"redisson-netty-2-32" #117 prio=5 os_prio=0 tid=0x00007f5dec004000 nid=0x80 runnable [0x00007f5dcadec000]
   java.lang.Thread.State: RUNNABLE
	at sun.nio.ch.EPollArrayWrapper.epollWait(Native Method)
	at sun.nio.ch.EPollArrayWrapper.poll(EPollArrayWrapper.java:269)
	at sun.nio.ch.EPollSelectorImpl.doSelect(EPollSelectorImpl.java:93)
	at sun.nio.ch.SelectorImpl.lockAndDoSelect(SelectorImpl.java:86)
	- locked <0x00000006fe5d89f0> (a io.netty.channel.nio.SelectedSelectionKeySet)
	- locked <0x00000006fe5d8a80> (a java.util.Collections$UnmodifiableSet)
	- locked <0x00000006fe3b24d0> (a sun.nio.ch.EPollSelectorImpl)
	at sun.nio.ch.SelectorImpl.select(SelectorImpl.java:97)
	at sun.nio.ch.SelectorImpl.select(SelectorImpl.java:101)
	at io.netty.channel.nio.SelectedSelectionKeySetSelector.select(SelectedSelectionKeySetSelector.java:68)
	at io.netty.channel.nio.NioEventLoop.select(NioEventLoop.java:803)
	at io.netty.channel.nio.NioEventLoop.run(NioEventLoop.java:457)
	at io.netty.util.concurrent.SingleThreadEventExecutor$4.run(SingleThreadEventExecutor.java:989)
	at io.netty.util.internal.ThreadExecutorMap$2.run(ThreadExecutorMap.java:74)
	at io.netty.util.concurrent.FastThreadLocalRunnable.run(FastThreadLocalRunnable.java:30)
	at java.lang.Thread.run(Thread.java:748)

   Locked ownable synchronizers:
	- None

"redisson-netty-2-31" #116 prio=5 os_prio=0 tid=0x00007f5dd0007800 nid=0x7f runnable [0x00007f5dcaeed000]
   java.lang.Thread.State: RUNNABLE
	at sun.nio.ch.EPollArrayWrapper.epollWait(Native Method)
	at sun.nio.ch.EPollArrayWrapper.poll(EPollArrayWrapper.java:269)
	at sun.nio.ch.EPollSelectorImpl.doSelect(EPollSelectorImpl.java:93)
	at sun.nio.ch.SelectorImpl.lockAndDoSelect(SelectorImpl.java:86)
	- locked <0x00000006ff2fd378> (a io.netty.channel.nio.SelectedSelectionKeySet)
	- locked <0x00000006ff2fd408> (a java.util.Collections$UnmodifiableSet)
	- locked <0x00000006ff47d098> (a sun.nio.ch.EPollSelectorImpl)
	at sun.nio.ch.SelectorImpl.select(SelectorImpl.java:97)
	at sun.nio.ch.SelectorImpl.select(SelectorImpl.java:101)
	at io.netty.channel.nio.SelectedSelectionKeySetSelector.select(SelectedSelectionKeySetSelector.java:68)
	at io.netty.channel.nio.NioEventLoop.select(NioEventLoop.java:803)
	at io.netty.channel.nio.NioEventLoop.run(NioEventLoop.java:457)
	at io.netty.util.concurrent.SingleThreadEventExecutor$4.run(SingleThreadEventExecutor.java:989)
	at io.netty.util.internal.ThreadExecutorMap$2.run(ThreadExecutorMap.java:74)
	at io.netty.util.concurrent.FastThreadLocalRunnable.run(FastThreadLocalRunnable.java:30)
	at java.lang.Thread.run(Thread.java:748)

   Locked ownable synchronizers:
	- None

"redisson-netty-2-30" #115 prio=5 os_prio=0 tid=0x00007f5d98004800 nid=0x7e runnable [0x00007f5dcafee000]
   java.lang.Thread.State: RUNNABLE
	at sun.nio.ch.EPollArrayWrapper.epollWait(Native Method)
	at sun.nio.ch.EPollArrayWrapper.poll(EPollArrayWrapper.java:269)
	at sun.nio.ch.EPollSelectorImpl.doSelect(EPollSelectorImpl.java:93)
	at sun.nio.ch.SelectorImpl.lockAndDoSelect(SelectorImpl.java:86)
	- locked <0x00000006fed39408> (a io.netty.channel.nio.SelectedSelectionKeySet)
	- locked <0x00000006fed39438> (a java.util.Collections$UnmodifiableSet)
	- locked <0x00000006fdc13ac0> (a sun.nio.ch.EPollSelectorImpl)
	at sun.nio.ch.SelectorImpl.select(SelectorImpl.java:97)
	at sun.nio.ch.SelectorImpl.select(SelectorImpl.java:101)
	at io.netty.channel.nio.SelectedSelectionKeySetSelector.select(SelectedSelectionKeySetSelector.java:68)
	at io.netty.channel.nio.NioEventLoop.select(NioEventLoop.java:803)
	at io.netty.channel.nio.NioEventLoop.run(NioEventLoop.java:457)
	at io.netty.util.concurrent.SingleThreadEventExecutor$4.run(SingleThreadEventExecutor.java:989)
	at io.netty.util.internal.ThreadExecutorMap$2.run(ThreadExecutorMap.java:74)
	at io.netty.util.concurrent.FastThreadLocalRunnable.run(FastThreadLocalRunnable.java:30)
	at java.lang.Thread.run(Thread.java:748)

   Locked ownable synchronizers:
	- None

"redisson-netty-2-29" #114 prio=5 os_prio=0 tid=0x00007f5de8004800 nid=0x7d runnable [0x00007f5dcb0ef000]
   java.lang.Thread.State: RUNNABLE
	at sun.nio.ch.EPollArrayWrapper.epollWait(Native Method)
	at sun.nio.ch.EPollArrayWrapper.poll(EPollArrayWrapper.java:269)
	at sun.nio.ch.EPollSelectorImpl.doSelect(EPollSelectorImpl.java:93)
	at sun.nio.ch.SelectorImpl.lockAndDoSelect(SelectorImpl.java:86)
	- locked <0x00000006fe1d1a98> (a io.netty.channel.nio.SelectedSelectionKeySet)
	- locked <0x00000006fe1d1ac8> (a java.util.Collections$UnmodifiableSet)
	- locked <0x00000006fe3b2a70> (a sun.nio.ch.EPollSelectorImpl)
	at sun.nio.ch.SelectorImpl.select(SelectorImpl.java:97)
	at sun.nio.ch.SelectorImpl.select(SelectorImpl.java:101)
	at io.netty.channel.nio.SelectedSelectionKeySetSelector.select(SelectedSelectionKeySetSelector.java:68)
	at io.netty.channel.nio.NioEventLoop.select(NioEventLoop.java:803)
	at io.netty.channel.nio.NioEventLoop.run(NioEventLoop.java:457)
	at io.netty.util.concurrent.SingleThreadEventExecutor$4.run(SingleThreadEventExecutor.java:989)
	at io.netty.util.internal.ThreadExecutorMap$2.run(ThreadExecutorMap.java:74)
	at io.netty.util.concurrent.FastThreadLocalRunnable.run(FastThreadLocalRunnable.java:30)
	at java.lang.Thread.run(Thread.java:748)

   Locked ownable synchronizers:
	- None

"redisson-netty-2-26" #113 prio=5 os_prio=0 tid=0x00007f5df8001000 nid=0x7c runnable [0x00007f5dcb1f0000]
   java.lang.Thread.State: RUNNABLE
	at sun.nio.ch.EPollArrayWrapper.epollWait(Native Method)
	at sun.nio.ch.EPollArrayWrapper.poll(EPollArrayWrapper.java:269)
	at sun.nio.ch.EPollSelectorImpl.doSelect(EPollSelectorImpl.java:93)
	at sun.nio.ch.SelectorImpl.lockAndDoSelect(SelectorImpl.java:86)
	- locked <0x00000006fe1d4168> (a io.netty.channel.nio.SelectedSelectionKeySet)
	- locked <0x00000006fe1d4198> (a java.util.Collections$UnmodifiableSet)
	- locked <0x00000006fe3b3058> (a sun.nio.ch.EPollSelectorImpl)
	at sun.nio.ch.SelectorImpl.select(SelectorImpl.java:97)
	at sun.nio.ch.SelectorImpl.select(SelectorImpl.java:101)
	at io.netty.channel.nio.SelectedSelectionKeySetSelector.select(SelectedSelectionKeySetSelector.java:68)
	at io.netty.channel.nio.NioEventLoop.select(NioEventLoop.java:803)
	at io.netty.channel.nio.NioEventLoop.run(NioEventLoop.java:457)
	at io.netty.util.concurrent.SingleThreadEventExecutor$4.run(SingleThreadEventExecutor.java:989)
	at io.netty.util.internal.ThreadExecutorMap$2.run(ThreadExecutorMap.java:74)
	at io.netty.util.concurrent.FastThreadLocalRunnable.run(FastThreadLocalRunnable.java:30)
	at java.lang.Thread.run(Thread.java:748)

   Locked ownable synchronizers:
	- None

"redisson-netty-2-27" #112 prio=5 os_prio=0 tid=0x00007f5e001de800 nid=0x7b runnable [0x00007f5dcb2f1000]
   java.lang.Thread.State: RUNNABLE
	at sun.nio.ch.EPollArrayWrapper.epollWait(Native Method)
	at sun.nio.ch.EPollArrayWrapper.poll(EPollArrayWrapper.java:269)
	at sun.nio.ch.EPollSelectorImpl.doSelect(EPollSelectorImpl.java:93)
	at sun.nio.ch.SelectorImpl.lockAndDoSelect(SelectorImpl.java:86)
	- locked <0x00000006fdbd4db0> (a io.netty.channel.nio.SelectedSelectionKeySet)
	- locked <0x00000006fdbd4de0> (a java.util.Collections$UnmodifiableSet)
	- locked <0x00000006fdecb618> (a sun.nio.ch.EPollSelectorImpl)
	at sun.nio.ch.SelectorImpl.select(SelectorImpl.java:97)
	at sun.nio.ch.SelectorImpl.select(SelectorImpl.java:101)
	at io.netty.channel.nio.SelectedSelectionKeySetSelector.select(SelectedSelectionKeySetSelector.java:68)
	at io.netty.channel.nio.NioEventLoop.select(NioEventLoop.java:803)
	at io.netty.channel.nio.NioEventLoop.run(NioEventLoop.java:457)
	at io.netty.util.concurrent.SingleThreadEventExecutor$4.run(SingleThreadEventExecutor.java:989)
	at io.netty.util.internal.ThreadExecutorMap$2.run(ThreadExecutorMap.java:74)
	at io.netty.util.concurrent.FastThreadLocalRunnable.run(FastThreadLocalRunnable.java:30)
	at java.lang.Thread.run(Thread.java:748)

   Locked ownable synchronizers:
	- None

"redisson-netty-2-28" #111 prio=5 os_prio=0 tid=0x00007f5dac001800 nid=0x7a runnable [0x00007f5dcb3f2000]
   java.lang.Thread.State: RUNNABLE
	at sun.nio.ch.EPollArrayWrapper.epollWait(Native Method)
	at sun.nio.ch.EPollArrayWrapper.poll(EPollArrayWrapper.java:269)
	at sun.nio.ch.EPollSelectorImpl.doSelect(EPollSelectorImpl.java:93)
	at sun.nio.ch.SelectorImpl.lockAndDoSelect(SelectorImpl.java:86)
	- locked <0x00000006ff2fcaf0> (a io.netty.channel.nio.SelectedSelectionKeySet)
	- locked <0x00000006ff2fcb80> (a java.util.Collections$UnmodifiableSet)
	- locked <0x00000006ff47cf30> (a sun.nio.ch.EPollSelectorImpl)
	at sun.nio.ch.SelectorImpl.select(SelectorImpl.java:97)
	at sun.nio.ch.SelectorImpl.select(SelectorImpl.java:101)
	at io.netty.channel.nio.SelectedSelectionKeySetSelector.select(SelectedSelectionKeySetSelector.java:68)
	at io.netty.channel.nio.NioEventLoop.select(NioEventLoop.java:803)
	at io.netty.channel.nio.NioEventLoop.run(NioEventLoop.java:457)
	at io.netty.util.concurrent.SingleThreadEventExecutor$4.run(SingleThreadEventExecutor.java:989)
	at io.netty.util.internal.ThreadExecutorMap$2.run(ThreadExecutorMap.java:74)
	at io.netty.util.concurrent.FastThreadLocalRunnable.run(FastThreadLocalRunnable.java:30)
	at java.lang.Thread.run(Thread.java:748)

   Locked ownable synchronizers:
	- None

"redisson-netty-2-25" #110 prio=5 os_prio=0 tid=0x00007f5da0002800 nid=0x79 runnable [0x00007f5dcb4f3000]
   java.lang.Thread.State: RUNNABLE
	at sun.nio.ch.EPollArrayWrapper.epollWait(Native Method)
	at sun.nio.ch.EPollArrayWrapper.poll(EPollArrayWrapper.java:269)
	at sun.nio.ch.EPollSelectorImpl.doSelect(EPollSelectorImpl.java:93)
	at sun.nio.ch.SelectorImpl.lockAndDoSelect(SelectorImpl.java:86)
	- locked <0x00000006fe78e198> (a io.netty.channel.nio.SelectedSelectionKeySet)
	- locked <0x00000006fe78e228> (a java.util.Collections$UnmodifiableSet)
	- locked <0x00000006fdecba50> (a sun.nio.ch.EPollSelectorImpl)
	at sun.nio.ch.SelectorImpl.select(SelectorImpl.java:97)
	at sun.nio.ch.SelectorImpl.select(SelectorImpl.java:101)
	at io.netty.channel.nio.SelectedSelectionKeySetSelector.select(SelectedSelectionKeySetSelector.java:68)
	at io.netty.channel.nio.NioEventLoop.select(NioEventLoop.java:803)
	at io.netty.channel.nio.NioEventLoop.run(NioEventLoop.java:457)
	at io.netty.util.concurrent.SingleThreadEventExecutor$4.run(SingleThreadEventExecutor.java:989)
	at io.netty.util.internal.ThreadExecutorMap$2.run(ThreadExecutorMap.java:74)
	at io.netty.util.concurrent.FastThreadLocalRunnable.run(FastThreadLocalRunnable.java:30)
	at java.lang.Thread.run(Thread.java:748)

   Locked ownable synchronizers:
	- None

"redisson-netty-2-24" #109 prio=5 os_prio=0 tid=0x00007f5dd8001800 nid=0x78 runnable [0x00007f5dcb5f4000]
   java.lang.Thread.State: RUNNABLE
	at sun.nio.ch.EPollArrayWrapper.epollWait(Native Method)
	at sun.nio.ch.EPollArrayWrapper.poll(EPollArrayWrapper.java:269)
	at sun.nio.ch.EPollSelectorImpl.doSelect(EPollSelectorImpl.java:93)
	at sun.nio.ch.SelectorImpl.lockAndDoSelect(SelectorImpl.java:86)
	- locked <0x00000006ff5dc348> (a io.netty.channel.nio.SelectedSelectionKeySet)
	- locked <0x00000006ff5dc3d8> (a java.util.Collections$UnmodifiableSet)
	- locked <0x00000006ff47d1b8> (a sun.nio.ch.EPollSelectorImpl)
	at sun.nio.ch.SelectorImpl.select(SelectorImpl.java:97)
	at sun.nio.ch.SelectorImpl.select(SelectorImpl.java:101)
	at io.netty.channel.nio.SelectedSelectionKeySetSelector.select(SelectedSelectionKeySetSelector.java:68)
	at io.netty.channel.nio.NioEventLoop.select(NioEventLoop.java:803)
	at io.netty.channel.nio.NioEventLoop.run(NioEventLoop.java:457)
	at io.netty.util.concurrent.SingleThreadEventExecutor$4.run(SingleThreadEventExecutor.java:989)
	at io.netty.util.internal.ThreadExecutorMap$2.run(ThreadExecutorMap.java:74)
	at io.netty.util.concurrent.FastThreadLocalRunnable.run(FastThreadLocalRunnable.java:30)
	at java.lang.Thread.run(Thread.java:748)

   Locked ownable synchronizers:
	- None

"redisson-netty-2-23" #108 prio=5 os_prio=0 tid=0x00007f5de000d800 nid=0x77 runnable [0x00007f5dcb6f5000]
   java.lang.Thread.State: RUNNABLE
	at sun.nio.ch.EPollArrayWrapper.epollWait(Native Method)
	at sun.nio.ch.EPollArrayWrapper.poll(EPollArrayWrapper.java:269)
	at sun.nio.ch.EPollSelectorImpl.doSelect(EPollSelectorImpl.java:93)
	at sun.nio.ch.SelectorImpl.lockAndDoSelect(SelectorImpl.java:86)
	- locked <0x00000006ff52b4e0> (a io.netty.channel.nio.SelectedSelectionKeySet)
	- locked <0x00000006ff52b558> (a java.util.Collections$UnmodifiableSet)
	- locked <0x00000006ff4f58b8> (a sun.nio.ch.EPollSelectorImpl)
	at sun.nio.ch.SelectorImpl.select(SelectorImpl.java:97)
	at sun.nio.ch.SelectorImpl.select(SelectorImpl.java:101)
	at io.netty.channel.nio.SelectedSelectionKeySetSelector.select(SelectedSelectionKeySetSelector.java:68)
	at io.netty.channel.nio.NioEventLoop.select(NioEventLoop.java:803)
	at io.netty.channel.nio.NioEventLoop.run(NioEventLoop.java:457)
	at io.netty.util.concurrent.SingleThreadEventExecutor$4.run(SingleThreadEventExecutor.java:989)
	at io.netty.util.internal.ThreadExecutorMap$2.run(ThreadExecutorMap.java:74)
	at io.netty.util.concurrent.FastThreadLocalRunnable.run(FastThreadLocalRunnable.java:30)
	at java.lang.Thread.run(Thread.java:748)

   Locked ownable synchronizers:
	- None

"redisson-netty-2-22" #107 prio=5 os_prio=0 tid=0x00007f5da4001800 nid=0x76 runnable [0x00007f5dcb7f6000]
   java.lang.Thread.State: RUNNABLE
	at sun.nio.ch.EPollArrayWrapper.epollWait(Native Method)
	at sun.nio.ch.EPollArrayWrapper.poll(EPollArrayWrapper.java:269)
	at sun.nio.ch.EPollSelectorImpl.doSelect(EPollSelectorImpl.java:93)
	at sun.nio.ch.SelectorImpl.lockAndDoSelect(SelectorImpl.java:86)
	- locked <0x00000006fe1d4e88> (a io.netty.channel.nio.SelectedSelectionKeySet)
	- locked <0x00000006fe1d4eb8> (a java.util.Collections$UnmodifiableSet)
	- locked <0x00000006fe3b2f80> (a sun.nio.ch.EPollSelectorImpl)
	at sun.nio.ch.SelectorImpl.select(SelectorImpl.java:97)
	at sun.nio.ch.SelectorImpl.select(SelectorImpl.java:101)
	at io.netty.channel.nio.SelectedSelectionKeySetSelector.select(SelectedSelectionKeySetSelector.java:68)
	at io.netty.channel.nio.NioEventLoop.select(NioEventLoop.java:803)
	at io.netty.channel.nio.NioEventLoop.run(NioEventLoop.java:457)
	at io.netty.util.concurrent.SingleThreadEventExecutor$4.run(SingleThreadEventExecutor.java:989)
	at io.netty.util.internal.ThreadExecutorMap$2.run(ThreadExecutorMap.java:74)
	at io.netty.util.concurrent.FastThreadLocalRunnable.run(FastThreadLocalRunnable.java:30)
	at java.lang.Thread.run(Thread.java:748)

   Locked ownable synchronizers:
	- None

"redisson-netty-2-21" #106 prio=5 os_prio=0 tid=0x00007f5dc4001800 nid=0x75 runnable [0x00007f5dcb8f7000]
   java.lang.Thread.State: RUNNABLE
	at sun.nio.ch.EPollArrayWrapper.epollWait(Native Method)
	at sun.nio.ch.EPollArrayWrapper.poll(EPollArrayWrapper.java:269)
	at sun.nio.ch.EPollSelectorImpl.doSelect(EPollSelectorImpl.java:93)
	at sun.nio.ch.SelectorImpl.lockAndDoSelect(SelectorImpl.java:86)
	- locked <0x00000006fe72bf28> (a io.netty.channel.nio.SelectedSelectionKeySet)
	- locked <0x00000006fe72bf58> (a java.util.Collections$UnmodifiableSet)
	- locked <0x00000006fdecb300> (a sun.nio.ch.EPollSelectorImpl)
	at sun.nio.ch.SelectorImpl.select(SelectorImpl.java:97)
	at sun.nio.ch.SelectorImpl.select(SelectorImpl.java:101)
	at io.netty.channel.nio.SelectedSelectionKeySetSelector.select(SelectedSelectionKeySetSelector.java:68)
	at io.netty.channel.nio.NioEventLoop.select(NioEventLoop.java:803)
	at io.netty.channel.nio.NioEventLoop.run(NioEventLoop.java:457)
	at io.netty.util.concurrent.SingleThreadEventExecutor$4.run(SingleThreadEventExecutor.java:989)
	at io.netty.util.internal.ThreadExecutorMap$2.run(ThreadExecutorMap.java:74)
	at io.netty.util.concurrent.FastThreadLocalRunnable.run(FastThreadLocalRunnable.java:30)
	at java.lang.Thread.run(Thread.java:748)

   Locked ownable synchronizers:
	- None

"redisson-netty-2-20" #105 prio=5 os_prio=0 tid=0x00007f5db4009000 nid=0x74 runnable [0x00007f5dcb9f8000]
   java.lang.Thread.State: RUNNABLE
	at sun.nio.ch.EPollArrayWrapper.epollWait(Native Method)
	at sun.nio.ch.EPollArrayWrapper.poll(EPollArrayWrapper.java:269)
	at sun.nio.ch.EPollSelectorImpl.doSelect(EPollSelectorImpl.java:93)
	at sun.nio.ch.SelectorImpl.lockAndDoSelect(SelectorImpl.java:86)
	- locked <0x00000006fe5d5cf0> (a io.netty.channel.nio.SelectedSelectionKeySet)
	- locked <0x00000006fe5d5d20> (a java.util.Collections$UnmodifiableSet)
	- locked <0x00000006fe3b21b8> (a sun.nio.ch.EPollSelectorImpl)
	at sun.nio.ch.SelectorImpl.select(SelectorImpl.java:97)
	at sun.nio.ch.SelectorImpl.select(SelectorImpl.java:101)
	at io.netty.channel.nio.SelectedSelectionKeySetSelector.select(SelectedSelectionKeySetSelector.java:68)
	at io.netty.channel.nio.NioEventLoop.select(NioEventLoop.java:803)
	at io.netty.channel.nio.NioEventLoop.run(NioEventLoop.java:457)
	at io.netty.util.concurrent.SingleThreadEventExecutor$4.run(SingleThreadEventExecutor.java:989)
	at io.netty.util.internal.ThreadExecutorMap$2.run(ThreadExecutorMap.java:74)
	at io.netty.util.concurrent.FastThreadLocalRunnable.run(FastThreadLocalRunnable.java:30)
	at java.lang.Thread.run(Thread.java:748)

   Locked ownable synchronizers:
	- None

"redisson-netty-2-19" #104 prio=5 os_prio=0 tid=0x00007f5db8001800 nid=0x73 runnable [0x00007f5dcbaf9000]
   java.lang.Thread.State: RUNNABLE
	at sun.nio.ch.EPollArrayWrapper.epollWait(Native Method)
	at sun.nio.ch.EPollArrayWrapper.poll(EPollArrayWrapper.java:269)
	at sun.nio.ch.EPollSelectorImpl.doSelect(EPollSelectorImpl.java:93)
	at sun.nio.ch.SelectorImpl.lockAndDoSelect(SelectorImpl.java:86)
	- locked <0x00000006fe8efd10> (a io.netty.channel.nio.SelectedSelectionKeySet)
	- locked <0x00000006fe8efd40> (a java.util.Collections$UnmodifiableSet)
	- locked <0x00000006fdc13640> (a sun.nio.ch.EPollSelectorImpl)
	at sun.nio.ch.SelectorImpl.select(SelectorImpl.java:97)
	at io.netty.channel.nio.SelectedSelectionKeySetSelector.select(SelectedSelectionKeySetSelector.java:62)
	at io.netty.channel.nio.NioEventLoop.select(NioEventLoop.java:807)
	at io.netty.channel.nio.NioEventLoop.run(NioEventLoop.java:457)
	at io.netty.util.concurrent.SingleThreadEventExecutor$4.run(SingleThreadEventExecutor.java:989)
	at io.netty.util.internal.ThreadExecutorMap$2.run(ThreadExecutorMap.java:74)
	at io.netty.util.concurrent.FastThreadLocalRunnable.run(FastThreadLocalRunnable.java:30)
	at java.lang.Thread.run(Thread.java:748)

   Locked ownable synchronizers:
	- None

"redisson-netty-2-18" #103 prio=5 os_prio=0 tid=0x00007f5de8001800 nid=0x72 runnable [0x00007f5dcbbfa000]
   java.lang.Thread.State: RUNNABLE
	at sun.nio.ch.EPollArrayWrapper.epollWait(Native Method)
	at sun.nio.ch.EPollArrayWrapper.poll(EPollArrayWrapper.java:269)
	at sun.nio.ch.EPollSelectorImpl.doSelect(EPollSelectorImpl.java:93)
	at sun.nio.ch.SelectorImpl.lockAndDoSelect(SelectorImpl.java:86)
	- locked <0x00000006fe8efc68> (a io.netty.channel.nio.SelectedSelectionKeySet)
	- locked <0x00000006fe8efc98> (a java.util.Collections$UnmodifiableSet)
	- locked <0x00000006fdc136d0> (a sun.nio.ch.EPollSelectorImpl)
	at sun.nio.ch.SelectorImpl.select(SelectorImpl.java:97)
	at sun.nio.ch.SelectorImpl.select(SelectorImpl.java:101)
	at io.netty.channel.nio.SelectedSelectionKeySetSelector.select(SelectedSelectionKeySetSelector.java:68)
	at io.netty.channel.nio.NioEventLoop.select(NioEventLoop.java:803)
	at io.netty.channel.nio.NioEventLoop.run(NioEventLoop.java:457)
	at io.netty.util.concurrent.SingleThreadEventExecutor$4.run(SingleThreadEventExecutor.java:989)
	at io.netty.util.internal.ThreadExecutorMap$2.run(ThreadExecutorMap.java:74)
	at io.netty.util.concurrent.FastThreadLocalRunnable.run(FastThreadLocalRunnable.java:30)
	at java.lang.Thread.run(Thread.java:748)

   Locked ownable synchronizers:
	- None

"redisson-netty-2-17" #102 prio=5 os_prio=0 tid=0x00007f5de4002800 nid=0x71 runnable [0x00007f5dcbcfb000]
   java.lang.Thread.State: RUNNABLE
	at sun.nio.ch.EPollArrayWrapper.epollWait(Native Method)
	at sun.nio.ch.EPollArrayWrapper.poll(EPollArrayWrapper.java:269)
	at sun.nio.ch.EPollSelectorImpl.doSelect(EPollSelectorImpl.java:93)
	at sun.nio.ch.SelectorImpl.lockAndDoSelect(SelectorImpl.java:86)
	- locked <0x00000006ff2fb818> (a io.netty.channel.nio.SelectedSelectionKeySet)
	- locked <0x00000006ff2fb8a8> (a java.util.Collections$UnmodifiableSet)
	- locked <0x00000006fe3b1af8> (a sun.nio.ch.EPollSelectorImpl)
	at sun.nio.ch.SelectorImpl.select(SelectorImpl.java:97)
	at sun.nio.ch.SelectorImpl.select(SelectorImpl.java:101)
	at io.netty.channel.nio.SelectedSelectionKeySetSelector.select(SelectedSelectionKeySetSelector.java:68)
	at io.netty.channel.nio.NioEventLoop.select(NioEventLoop.java:803)
	at io.netty.channel.nio.NioEventLoop.run(NioEventLoop.java:457)
	at io.netty.util.concurrent.SingleThreadEventExecutor$4.run(SingleThreadEventExecutor.java:989)
	at io.netty.util.internal.ThreadExecutorMap$2.run(ThreadExecutorMap.java:74)
	at io.netty.util.concurrent.FastThreadLocalRunnable.run(FastThreadLocalRunnable.java:30)
	at java.lang.Thread.run(Thread.java:748)

   Locked ownable synchronizers:
	- None

"redisson-netty-2-16" #101 prio=5 os_prio=0 tid=0x00007f5dd0004800 nid=0x70 runnable [0x00007f5dcbdfc000]
   java.lang.Thread.State: RUNNABLE
	at sun.nio.ch.EPollArrayWrapper.epollWait(Native Method)
	at sun.nio.ch.EPollArrayWrapper.poll(EPollArrayWrapper.java:269)
	at sun.nio.ch.EPollSelectorImpl.doSelect(EPollSelectorImpl.java:93)
	at sun.nio.ch.SelectorImpl.lockAndDoSelect(SelectorImpl.java:86)
	- locked <0x00000006fec6a4d8> (a io.netty.channel.nio.SelectedSelectionKeySet)
	- locked <0x00000006fec6a508> (a java.util.Collections$UnmodifiableSet)
	- locked <0x00000006fdc13b98> (a sun.nio.ch.EPollSelectorImpl)
	at sun.nio.ch.SelectorImpl.select(SelectorImpl.java:97)
	at sun.nio.ch.SelectorImpl.select(SelectorImpl.java:101)
	at io.netty.channel.nio.SelectedSelectionKeySetSelector.select(SelectedSelectionKeySetSelector.java:68)
	at io.netty.channel.nio.NioEventLoop.select(NioEventLoop.java:803)
	at io.netty.channel.nio.NioEventLoop.run(NioEventLoop.java:457)
	at io.netty.util.concurrent.SingleThreadEventExecutor$4.run(SingleThreadEventExecutor.java:989)
	at io.netty.util.internal.ThreadExecutorMap$2.run(ThreadExecutorMap.java:74)
	at io.netty.util.concurrent.FastThreadLocalRunnable.run(FastThreadLocalRunnable.java:30)
	at java.lang.Thread.run(Thread.java:748)

   Locked ownable synchronizers:
	- None

"redisson-netty-2-15" #100 prio=5 os_prio=0 tid=0x00007f5dd0003000 nid=0x6f runnable [0x00007f5dcbefd000]
   java.lang.Thread.State: RUNNABLE
	at sun.nio.ch.EPollArrayWrapper.epollWait(Native Method)
	at sun.nio.ch.EPollArrayWrapper.poll(EPollArrayWrapper.java:269)
	at sun.nio.ch.EPollSelectorImpl.doSelect(EPollSelectorImpl.java:93)
	at sun.nio.ch.SelectorImpl.lockAndDoSelect(SelectorImpl.java:86)
	- locked <0x00000006fec6a868> (a io.netty.channel.nio.SelectedSelectionKeySet)
	- locked <0x00000006fec6a898> (a java.util.Collections$UnmodifiableSet)
	- locked <0x00000006fdc13c28> (a sun.nio.ch.EPollSelectorImpl)
	at sun.nio.ch.SelectorImpl.select(SelectorImpl.java:97)
	at sun.nio.ch.SelectorImpl.select(SelectorImpl.java:101)
	at io.netty.channel.nio.SelectedSelectionKeySetSelector.select(SelectedSelectionKeySetSelector.java:68)
	at io.netty.channel.nio.NioEventLoop.select(NioEventLoop.java:803)
	at io.netty.channel.nio.NioEventLoop.run(NioEventLoop.java:457)
	at io.netty.util.concurrent.SingleThreadEventExecutor$4.run(SingleThreadEventExecutor.java:989)
	at io.netty.util.internal.ThreadExecutorMap$2.run(ThreadExecutorMap.java:74)
	at io.netty.util.concurrent.FastThreadLocalRunnable.run(FastThreadLocalRunnable.java:30)
	at java.lang.Thread.run(Thread.java:748)

   Locked ownable synchronizers:
	- None

"redisson-netty-2-14" #99 prio=5 os_prio=0 tid=0x00007f5dd0001800 nid=0x6e runnable [0x00007f5dcbffe000]
   java.lang.Thread.State: RUNNABLE
	at sun.nio.ch.EPollArrayWrapper.epollWait(Native Method)
	at sun.nio.ch.EPollArrayWrapper.poll(EPollArrayWrapper.java:269)
	at sun.nio.ch.EPollSelectorImpl.doSelect(EPollSelectorImpl.java:93)
	at sun.nio.ch.SelectorImpl.lockAndDoSelect(SelectorImpl.java:86)
	- locked <0x00000006fe1d3388> (a io.netty.channel.nio.SelectedSelectionKeySet)
	- locked <0x00000006fe1d33b8> (a java.util.Collections$UnmodifiableSet)
	- locked <0x00000006fe3b2e60> (a sun.nio.ch.EPollSelectorImpl)
	at sun.nio.ch.SelectorImpl.select(SelectorImpl.java:97)
	at sun.nio.ch.SelectorImpl.select(SelectorImpl.java:101)
	at io.netty.channel.nio.SelectedSelectionKeySetSelector.select(SelectedSelectionKeySetSelector.java:68)
	at io.netty.channel.nio.NioEventLoop.select(NioEventLoop.java:803)
	at io.netty.channel.nio.NioEventLoop.run(NioEventLoop.java:457)
	at io.netty.util.concurrent.SingleThreadEventExecutor$4.run(SingleThreadEventExecutor.java:989)
	at io.netty.util.internal.ThreadExecutorMap$2.run(ThreadExecutorMap.java:74)
	at io.netty.util.concurrent.FastThreadLocalRunnable.run(FastThreadLocalRunnable.java:30)
	at java.lang.Thread.run(Thread.java:748)

   Locked ownable synchronizers:
	- None

"redisson-netty-2-13" #98 prio=5 os_prio=0 tid=0x00007f5ddc004800 nid=0x6d runnable [0x00007f5e501dd000]
   java.lang.Thread.State: RUNNABLE
	at sun.nio.ch.EPollArrayWrapper.epollWait(Native Method)
	at sun.nio.ch.EPollArrayWrapper.poll(EPollArrayWrapper.java:269)
	at sun.nio.ch.EPollSelectorImpl.doSelect(EPollSelectorImpl.java:93)
	at sun.nio.ch.SelectorImpl.lockAndDoSelect(SelectorImpl.java:86)
	- locked <0x00000006fe78df28> (a io.netty.channel.nio.SelectedSelectionKeySet)
	- locked <0x00000006fe78db08> (a java.util.Collections$UnmodifiableSet)
	- locked <0x00000006fdecb7c8> (a sun.nio.ch.EPollSelectorImpl)
	at sun.nio.ch.SelectorImpl.select(SelectorImpl.java:97)
	at sun.nio.ch.SelectorImpl.select(SelectorImpl.java:101)
	at io.netty.channel.nio.SelectedSelectionKeySetSelector.select(SelectedSelectionKeySetSelector.java:68)
	at io.netty.channel.nio.NioEventLoop.select(NioEventLoop.java:803)
	at io.netty.channel.nio.NioEventLoop.run(NioEventLoop.java:457)
	at io.netty.util.concurrent.SingleThreadEventExecutor$4.run(SingleThreadEventExecutor.java:989)
	at io.netty.util.internal.ThreadExecutorMap$2.run(ThreadExecutorMap.java:74)
	at io.netty.util.concurrent.FastThreadLocalRunnable.run(FastThreadLocalRunnable.java:30)
	at java.lang.Thread.run(Thread.java:748)

   Locked ownable synchronizers:
	- None

"redisson-netty-2-12" #97 prio=5 os_prio=0 tid=0x00007f5ddc003000 nid=0x6c runnable [0x00007f5e502de000]
   java.lang.Thread.State: RUNNABLE
	at sun.nio.ch.EPollArrayWrapper.epollWait(Native Method)
	at sun.nio.ch.EPollArrayWrapper.poll(EPollArrayWrapper.java:269)
	at sun.nio.ch.EPollSelectorImpl.doSelect(EPollSelectorImpl.java:93)
	at sun.nio.ch.SelectorImpl.lockAndDoSelect(SelectorImpl.java:86)
	- locked <0x00000006fe5d99e0> (a io.netty.channel.nio.SelectedSelectionKeySet)
	- locked <0x00000006fe5d9a10> (a java.util.Collections$UnmodifiableSet)
	- locked <0x00000006fe3b2680> (a sun.nio.ch.EPollSelectorImpl)
	at sun.nio.ch.SelectorImpl.select(SelectorImpl.java:97)
	at sun.nio.ch.SelectorImpl.select(SelectorImpl.java:101)
	at io.netty.channel.nio.SelectedSelectionKeySetSelector.select(SelectedSelectionKeySetSelector.java:68)
	at io.netty.channel.nio.NioEventLoop.select(NioEventLoop.java:803)
	at io.netty.channel.nio.NioEventLoop.run(NioEventLoop.java:457)
	at io.netty.util.concurrent.SingleThreadEventExecutor$4.run(SingleThreadEventExecutor.java:989)
	at io.netty.util.internal.ThreadExecutorMap$2.run(ThreadExecutorMap.java:74)
	at io.netty.util.concurrent.FastThreadLocalRunnable.run(FastThreadLocalRunnable.java:30)
	at java.lang.Thread.run(Thread.java:748)

   Locked ownable synchronizers:
	- None

"redisson-netty-2-10" #96 prio=5 os_prio=0 tid=0x00007f5ddc001800 nid=0x6b runnable [0x00007f5e503df000]
   java.lang.Thread.State: RUNNABLE
	at sun.nio.ch.EPollArrayWrapper.epollWait(Native Method)
	at sun.nio.ch.EPollArrayWrapper.poll(EPollArrayWrapper.java:269)
	at sun.nio.ch.EPollSelectorImpl.doSelect(EPollSelectorImpl.java:93)
	at sun.nio.ch.SelectorImpl.lockAndDoSelect(SelectorImpl.java:86)
	- locked <0x00000006fe72d938> (a io.netty.channel.nio.SelectedSelectionKeySet)
	- locked <0x00000006fe72d098> (a java.util.Collections$UnmodifiableSet)
	- locked <0x00000006fdecb420> (a sun.nio.ch.EPollSelectorImpl)
	at sun.nio.ch.SelectorImpl.select(SelectorImpl.java:97)
	at sun.nio.ch.SelectorImpl.select(SelectorImpl.java:101)
	at io.netty.channel.nio.SelectedSelectionKeySetSelector.select(SelectedSelectionKeySetSelector.java:68)
	at io.netty.channel.nio.NioEventLoop.select(NioEventLoop.java:803)
	at io.netty.channel.nio.NioEventLoop.run(NioEventLoop.java:457)
	at io.netty.util.concurrent.SingleThreadEventExecutor$4.run(SingleThreadEventExecutor.java:989)
	at io.netty.util.internal.ThreadExecutorMap$2.run(ThreadExecutorMap.java:74)
	at io.netty.util.concurrent.FastThreadLocalRunnable.run(FastThreadLocalRunnable.java:30)
	at java.lang.Thread.run(Thread.java:748)

   Locked ownable synchronizers:
	- None

"redisson-netty-2-11" #95 prio=5 os_prio=0 tid=0x00007f5df0002800 nid=0x6a runnable [0x00007f5e504e0000]
   java.lang.Thread.State: RUNNABLE
	at sun.nio.ch.EPollArrayWrapper.epollWait(Native Method)
	at sun.nio.ch.EPollArrayWrapper.poll(EPollArrayWrapper.java:269)
	at sun.nio.ch.EPollSelectorImpl.doSelect(EPollSelectorImpl.java:93)
	at sun.nio.ch.SelectorImpl.lockAndDoSelect(SelectorImpl.java:86)
	- locked <0x00000006fe72d3f8> (a io.netty.channel.nio.SelectedSelectionKeySet)
	- locked <0x00000006fe72d428> (a java.util.Collections$UnmodifiableSet)
	- locked <0x00000006fdecb4b0> (a sun.nio.ch.EPollSelectorImpl)
	at sun.nio.ch.SelectorImpl.select(SelectorImpl.java:97)
	at sun.nio.ch.SelectorImpl.select(SelectorImpl.java:101)
	at io.netty.channel.nio.SelectedSelectionKeySetSelector.select(SelectedSelectionKeySetSelector.java:68)
	at io.netty.channel.nio.NioEventLoop.select(NioEventLoop.java:803)
	at io.netty.channel.nio.NioEventLoop.run(NioEventLoop.java:457)
	at io.netty.util.concurrent.SingleThreadEventExecutor$4.run(SingleThreadEventExecutor.java:989)
	at io.netty.util.internal.ThreadExecutorMap$2.run(ThreadExecutorMap.java:74)
	at io.netty.util.concurrent.FastThreadLocalRunnable.run(FastThreadLocalRunnable.java:30)
	at java.lang.Thread.run(Thread.java:748)

   Locked ownable synchronizers:
	- None

"redisson-netty-2-9" #94 prio=5 os_prio=0 tid=0x00007f5f62709800 nid=0x69 runnable [0x00007f5e505e1000]
   java.lang.Thread.State: RUNNABLE
	at sun.nio.ch.EPollArrayWrapper.epollWait(Native Method)
	at sun.nio.ch.EPollArrayWrapper.poll(EPollArrayWrapper.java:269)
	at sun.nio.ch.EPollSelectorImpl.doSelect(EPollSelectorImpl.java:93)
	at sun.nio.ch.SelectorImpl.lockAndDoSelect(SelectorImpl.java:86)
	- locked <0x00000006fe5d6020> (a io.netty.channel.nio.SelectedSelectionKeySet)
	- locked <0x00000006fe5d6050> (a java.util.Collections$UnmodifiableSet)
	- locked <0x00000006fe3b2248> (a sun.nio.ch.EPollSelectorImpl)
	at sun.nio.ch.SelectorImpl.select(SelectorImpl.java:97)
	at sun.nio.ch.SelectorImpl.select(SelectorImpl.java:101)
	at io.netty.channel.nio.SelectedSelectionKeySetSelector.select(SelectedSelectionKeySetSelector.java:68)
	at io.netty.channel.nio.NioEventLoop.select(NioEventLoop.java:803)
	at io.netty.channel.nio.NioEventLoop.run(NioEventLoop.java:457)
	at io.netty.util.concurrent.SingleThreadEventExecutor$4.run(SingleThreadEventExecutor.java:989)
	at io.netty.util.internal.ThreadExecutorMap$2.run(ThreadExecutorMap.java:74)
	at io.netty.util.concurrent.FastThreadLocalRunnable.run(FastThreadLocalRunnable.java:30)
	at java.lang.Thread.run(Thread.java:748)

   Locked ownable synchronizers:
	- None

"redisson-netty-2-7" #93 prio=5 os_prio=0 tid=0x00007f5dec002800 nid=0x68 runnable [0x00007f5e506e2000]
   java.lang.Thread.State: RUNNABLE
	at sun.nio.ch.EPollArrayWrapper.epollWait(Native Method)
	at sun.nio.ch.EPollArrayWrapper.poll(EPollArrayWrapper.java:269)
	at sun.nio.ch.EPollSelectorImpl.doSelect(EPollSelectorImpl.java:93)
	at sun.nio.ch.SelectorImpl.lockAndDoSelect(SelectorImpl.java:86)
	- locked <0x00000006ff52b828> (a io.netty.channel.nio.SelectedSelectionKeySet)
	- locked <0x00000006ff52b8a0> (a java.util.Collections$UnmodifiableSet)
	- locked <0x00000006ff4f5990> (a sun.nio.ch.EPollSelectorImpl)
	at sun.nio.ch.SelectorImpl.select(SelectorImpl.java:97)
	at sun.nio.ch.SelectorImpl.select(SelectorImpl.java:101)
	at io.netty.channel.nio.SelectedSelectionKeySetSelector.select(SelectedSelectionKeySetSelector.java:68)
	at io.netty.channel.nio.NioEventLoop.select(NioEventLoop.java:803)
	at io.netty.channel.nio.NioEventLoop.run(NioEventLoop.java:457)
	at io.netty.util.concurrent.SingleThreadEventExecutor$4.run(SingleThreadEventExecutor.java:989)
	at io.netty.util.internal.ThreadExecutorMap$2.run(ThreadExecutorMap.java:74)
	at io.netty.util.concurrent.FastThreadLocalRunnable.run(FastThreadLocalRunnable.java:30)
	at java.lang.Thread.run(Thread.java:748)

   Locked ownable synchronizers:
	- None

"redisson-netty-2-8" #92 prio=5 os_prio=0 tid=0x00007f5f62708000 nid=0x67 runnable [0x00007f5e507e3000]
   java.lang.Thread.State: RUNNABLE
	at sun.nio.ch.EPollArrayWrapper.epollWait(Native Method)
	at sun.nio.ch.EPollArrayWrapper.poll(EPollArrayWrapper.java:269)
	at sun.nio.ch.EPollSelectorImpl.doSelect(EPollSelectorImpl.java:93)
	at sun.nio.ch.SelectorImpl.lockAndDoSelect(SelectorImpl.java:86)
	- locked <0x00000006ff2f9d78> (a io.netty.channel.nio.SelectedSelectionKeySet)
	- locked <0x00000006ff2f9da8> (a java.util.Collections$UnmodifiableSet)
	- locked <0x00000006fe3b1ea0> (a sun.nio.ch.EPollSelectorImpl)
	at sun.nio.ch.SelectorImpl.select(SelectorImpl.java:97)
	at sun.nio.ch.SelectorImpl.select(SelectorImpl.java:101)
	at io.netty.channel.nio.SelectedSelectionKeySetSelector.select(SelectedSelectionKeySetSelector.java:68)
	at io.netty.channel.nio.NioEventLoop.select(NioEventLoop.java:803)
	at io.netty.channel.nio.NioEventLoop.run(NioEventLoop.java:457)
	at io.netty.util.concurrent.SingleThreadEventExecutor$4.run(SingleThreadEventExecutor.java:989)
	at io.netty.util.internal.ThreadExecutorMap$2.run(ThreadExecutorMap.java:74)
	at io.netty.util.concurrent.FastThreadLocalRunnable.run(FastThreadLocalRunnable.java:30)
	at java.lang.Thread.run(Thread.java:748)

   Locked ownable synchronizers:
	- None

"redisson-netty-2-6" #91 prio=5 os_prio=0 tid=0x00007f5f62705000 nid=0x66 runnable [0x00007f5e508e4000]
   java.lang.Thread.State: RUNNABLE
	at sun.nio.ch.EPollArrayWrapper.epollWait(Native Method)
	at sun.nio.ch.EPollArrayWrapper.poll(EPollArrayWrapper.java:269)
	at sun.nio.ch.EPollSelectorImpl.doSelect(EPollSelectorImpl.java:93)
	at sun.nio.ch.SelectorImpl.lockAndDoSelect(SelectorImpl.java:86)
	- locked <0x00000006fe5d50f0> (a io.netty.channel.nio.SelectedSelectionKeySet)
	- locked <0x00000006fe5d5120> (a java.util.Collections$UnmodifiableSet)
	- locked <0x00000006fe3b20e0> (a sun.nio.ch.EPollSelectorImpl)
	at sun.nio.ch.SelectorImpl.select(SelectorImpl.java:97)
	at sun.nio.ch.SelectorImpl.select(SelectorImpl.java:101)
	at io.netty.channel.nio.SelectedSelectionKeySetSelector.select(SelectedSelectionKeySetSelector.java:68)
	at io.netty.channel.nio.NioEventLoop.select(NioEventLoop.java:803)
	at io.netty.channel.nio.NioEventLoop.run(NioEventLoop.java:457)
	at io.netty.util.concurrent.SingleThreadEventExecutor$4.run(SingleThreadEventExecutor.java:989)
	at io.netty.util.internal.ThreadExecutorMap$2.run(ThreadExecutorMap.java:74)
	at io.netty.util.concurrent.FastThreadLocalRunnable.run(FastThreadLocalRunnable.java:30)
	at java.lang.Thread.run(Thread.java:748)

   Locked ownable synchronizers:
	- None

"redisson-netty-2-5" #90 prio=5 os_prio=0 tid=0x00007f5f61ec2000 nid=0x65 runnable [0x00007f5e50be5000]
   java.lang.Thread.State: RUNNABLE
	at sun.nio.ch.EPollArrayWrapper.epollWait(Native Method)
	at sun.nio.ch.EPollArrayWrapper.poll(EPollArrayWrapper.java:269)
	at sun.nio.ch.EPollSelectorImpl.doSelect(EPollSelectorImpl.java:93)
	at sun.nio.ch.SelectorImpl.lockAndDoSelect(SelectorImpl.java:86)
	- locked <0x00000006fe5d7490> (a io.netty.channel.nio.SelectedSelectionKeySet)
	- locked <0x00000006fe5d74c0> (a java.util.Collections$UnmodifiableSet)
	- locked <0x00000006fe3b2368> (a sun.nio.ch.EPollSelectorImpl)
	at sun.nio.ch.SelectorImpl.select(SelectorImpl.java:97)
	at sun.nio.ch.SelectorImpl.select(SelectorImpl.java:101)
	at io.netty.channel.nio.SelectedSelectionKeySetSelector.select(SelectedSelectionKeySetSelector.java:68)
	at io.netty.channel.nio.NioEventLoop.select(NioEventLoop.java:803)
	at io.netty.channel.nio.NioEventLoop.run(NioEventLoop.java:457)
	at io.netty.util.concurrent.SingleThreadEventExecutor$4.run(SingleThreadEventExecutor.java:989)
	at io.netty.util.internal.ThreadExecutorMap$2.run(ThreadExecutorMap.java:74)
	at io.netty.util.concurrent.FastThreadLocalRunnable.run(FastThreadLocalRunnable.java:30)
	at java.lang.Thread.run(Thread.java:748)

   Locked ownable synchronizers:
	- None

"redisson-netty-2-4" #89 prio=5 os_prio=0 tid=0x00007f5f61d9b800 nid=0x64 runnable [0x00007f5e50ce6000]
   java.lang.Thread.State: RUNNABLE
	at sun.nio.ch.EPollArrayWrapper.epollWait(Native Method)
	at sun.nio.ch.EPollArrayWrapper.poll(EPollArrayWrapper.java:269)
	at sun.nio.ch.EPollSelectorImpl.doSelect(EPollSelectorImpl.java:93)
	at sun.nio.ch.SelectorImpl.lockAndDoSelect(SelectorImpl.java:86)
	- locked <0x00000006fe78e8e8> (a io.netty.channel.nio.SelectedSelectionKeySet)
	- locked <0x00000006fe78e918> (a java.util.Collections$UnmodifiableSet)
	- locked <0x00000006fdecb978> (a sun.nio.ch.EPollSelectorImpl)
	at sun.nio.ch.SelectorImpl.select(SelectorImpl.java:97)
	at sun.nio.ch.SelectorImpl.select(SelectorImpl.java:101)
	at io.netty.channel.nio.SelectedSelectionKeySetSelector.select(SelectedSelectionKeySetSelector.java:68)
	at io.netty.channel.nio.NioEventLoop.select(NioEventLoop.java:803)
	at io.netty.channel.nio.NioEventLoop.run(NioEventLoop.java:457)
	at io.netty.util.concurrent.SingleThreadEventExecutor$4.run(SingleThreadEventExecutor.java:989)
	at io.netty.util.internal.ThreadExecutorMap$2.run(ThreadExecutorMap.java:74)
	at io.netty.util.concurrent.FastThreadLocalRunnable.run(FastThreadLocalRunnable.java:30)
	at java.lang.Thread.run(Thread.java:748)

   Locked ownable synchronizers:
	- None

"redisson-netty-2-3" #88 prio=5 os_prio=0 tid=0x00007f5e001d2000 nid=0x63 runnable [0x00007f5e50de7000]
   java.lang.Thread.State: RUNNABLE
	at sun.nio.ch.EPollArrayWrapper.epollWait(Native Method)
	at sun.nio.ch.EPollArrayWrapper.poll(EPollArrayWrapper.java:269)
	at sun.nio.ch.EPollSelectorImpl.doSelect(EPollSelectorImpl.java:93)
	at sun.nio.ch.SelectorImpl.lockAndDoSelect(SelectorImpl.java:86)
	- locked <0x00000006ff68e470> (a io.netty.channel.nio.SelectedSelectionKeySet)
	- locked <0x00000006ff68e500> (a java.util.Collections$UnmodifiableSet)
	- locked <0x00000006ff47d5a8> (a sun.nio.ch.EPollSelectorImpl)
	at sun.nio.ch.SelectorImpl.select(SelectorImpl.java:97)
	at sun.nio.ch.SelectorImpl.select(SelectorImpl.java:101)
	at io.netty.channel.nio.SelectedSelectionKeySetSelector.select(SelectedSelectionKeySetSelector.java:68)
	at io.netty.channel.nio.NioEventLoop.select(NioEventLoop.java:803)
	at io.netty.channel.nio.NioEventLoop.run(NioEventLoop.java:457)
	at io.netty.util.concurrent.SingleThreadEventExecutor$4.run(SingleThreadEventExecutor.java:989)
	at io.netty.util.internal.ThreadExecutorMap$2.run(ThreadExecutorMap.java:74)
	at io.netty.util.concurrent.FastThreadLocalRunnable.run(FastThreadLocalRunnable.java:30)
	at java.lang.Thread.run(Thread.java:748)

   Locked ownable synchronizers:
	- None

"redisson-timer-4-1" #85 prio=5 os_prio=0 tid=0x00007f5e00155800 nid=0x62 sleeping[0x00007f5e51ee9000]
   java.lang.Thread.State: TIMED_WAITING (sleeping)
	at java.lang.Thread.sleep(Native Method)
	at io.netty.util.HashedWheelTimer$Worker.waitForNextTick(HashedWheelTimer.java:569)
	at io.netty.util.HashedWheelTimer$Worker.run(HashedWheelTimer.java:465)
	at io.netty.util.concurrent.FastThreadLocalRunnable.run(FastThreadLocalRunnable.java:30)
	at java.lang.Thread.run(Thread.java:748)

   Locked ownable synchronizers:
	- None

"redisson-netty-2-2" #87 prio=5 os_prio=0 tid=0x00007f5f622ed000 nid=0x61 runnable [0x00007f5e51fea000]
   java.lang.Thread.State: RUNNABLE
	at sun.nio.ch.EPollArrayWrapper.epollWait(Native Method)
	at sun.nio.ch.EPollArrayWrapper.poll(EPollArrayWrapper.java:269)
	at sun.nio.ch.EPollSelectorImpl.doSelect(EPollSelectorImpl.java:93)
	at sun.nio.ch.SelectorImpl.lockAndDoSelect(SelectorImpl.java:86)
	- locked <0x00000006fec6a0e8> (a io.netty.channel.nio.SelectedSelectionKeySet)
	- locked <0x00000006fec6a178> (a java.util.Collections$UnmodifiableSet)
	- locked <0x00000006fdc13e68> (a sun.nio.ch.EPollSelectorImpl)
	at sun.nio.ch.SelectorImpl.select(SelectorImpl.java:97)
	at sun.nio.ch.SelectorImpl.select(SelectorImpl.java:101)
	at io.netty.channel.nio.SelectedSelectionKeySetSelector.select(SelectedSelectionKeySetSelector.java:68)
	at io.netty.channel.nio.NioEventLoop.select(NioEventLoop.java:803)
	at io.netty.channel.nio.NioEventLoop.run(NioEventLoop.java:457)
	at io.netty.util.concurrent.SingleThreadEventExecutor$4.run(SingleThreadEventExecutor.java:989)
	at io.netty.util.internal.ThreadExecutorMap$2.run(ThreadExecutorMap.java:74)
	at io.netty.util.concurrent.FastThreadLocalRunnable.run(FastThreadLocalRunnable.java:30)
	at java.lang.Thread.run(Thread.java:748)

   Locked ownable synchronizers:
	- None

"redisson-netty-2-1" #86 prio=5 os_prio=0 tid=0x00007f5f62736000 nid=0x60 runnable [0x00007f5e522eb000]
   java.lang.Thread.State: RUNNABLE
	at sun.nio.ch.EPollArrayWrapper.epollWait(Native Method)
	at sun.nio.ch.EPollArrayWrapper.poll(EPollArrayWrapper.java:269)
	at sun.nio.ch.EPollSelectorImpl.doSelect(EPollSelectorImpl.java:93)
	at sun.nio.ch.SelectorImpl.lockAndDoSelect(SelectorImpl.java:86)
	- locked <0x00000006fed37368> (a io.netty.channel.nio.SelectedSelectionKeySet)
	- locked <0x00000006fed373f8> (a java.util.Collections$UnmodifiableSet)
	- locked <0x00000006fdc139e8> (a sun.nio.ch.EPollSelectorImpl)
	at sun.nio.ch.SelectorImpl.select(SelectorImpl.java:97)
	at io.netty.channel.nio.SelectedSelectionKeySetSelector.select(SelectedSelectionKeySetSelector.java:62)
	at io.netty.channel.nio.NioEventLoop.select(NioEventLoop.java:807)
	at io.netty.channel.nio.NioEventLoop.run(NioEventLoop.java:457)
	at io.netty.util.concurrent.SingleThreadEventExecutor$4.run(SingleThreadEventExecutor.java:989)
	at io.netty.util.internal.ThreadExecutorMap$2.run(ThreadExecutorMap.java:74)
	at io.netty.util.concurrent.FastThreadLocalRunnable.run(FastThreadLocalRunnable.java:30)
	at java.lang.Thread.run(Thread.java:748)

   Locked ownable synchronizers:
	- None

"Druid-ConnectionPool-Destroy-58299647" #84 daemon prio=5 os_prio=0 tid=0x00007f5f62e18000 nid=0x5f waiting on condition [0x00007f5e529ec000]
   java.lang.Thread.State: TIMED_WAITING (sleeping)
	at java.lang.Thread.sleep(Native Method)
	at com.alibaba.druid.pool.DruidDataSource$DestroyConnectionThread.run(DruidDataSource.java:2913)

   Locked ownable synchronizers:
	- None

"Druid-ConnectionPool-Create-58299647" #83 daemon prio=5 os_prio=0 tid=0x00007f5f61712800 nid=0x5e waiting on condition [0x00007f5e52aed000]
   java.lang.Thread.State: WAITING (parking)
	at sun.misc.Unsafe.park(Native Method)
	- parking to wait for  <0x00000006ff52bb58> (a java.util.concurrent.locks.AbstractQueuedSynchronizer$ConditionObject)
	at java.util.concurrent.locks.LockSupport.park(LockSupport.java:175)
	at java.util.concurrent.locks.AbstractQueuedSynchronizer$ConditionObject.await(AbstractQueuedSynchronizer.java:2039)
	at com.alibaba.druid.pool.DruidDataSource$CreateConnectionThread.run(DruidDataSource.java:2813)

   Locked ownable synchronizers:
	- None

"Druid-ConnectionPool-Destroy-1493132386" #82 daemon prio=5 os_prio=0 tid=0x00007f5f6208e800 nid=0x5d waiting on condition [0x00007f5e52bee000]
   java.lang.Thread.State: TIMED_WAITING (sleeping)
	at java.lang.Thread.sleep(Native Method)
	at com.alibaba.druid.pool.DruidDataSource$DestroyConnectionThread.run(DruidDataSource.java:2913)

   Locked ownable synchronizers:
	- None

"Druid-ConnectionPool-Create-1493132386" #81 daemon prio=5 os_prio=0 tid=0x00007f5f61c33800 nid=0x5c waiting on condition [0x00007f5e52cef000]
   java.lang.Thread.State: WAITING (parking)
	at sun.misc.Unsafe.park(Native Method)
	- parking to wait for  <0x00000006ff68e968> (a java.util.concurrent.locks.AbstractQueuedSynchronizer$ConditionObject)
	at java.util.concurrent.locks.LockSupport.park(LockSupport.java:175)
	at java.util.concurrent.locks.AbstractQueuedSynchronizer$ConditionObject.await(AbstractQueuedSynchronizer.java:2039)
	at com.alibaba.druid.pool.DruidDataSource$CreateConnectionThread.run(DruidDataSource.java:2813)

   Locked ownable synchronizers:
	- None

"Druid-ConnectionPool-Destroy-847666229" #80 daemon prio=5 os_prio=0 tid=0x00007f5f6213c800 nid=0x5b waiting on condition [0x00007f5e52df0000]
   java.lang.Thread.State: TIMED_WAITING (sleeping)
	at java.lang.Thread.sleep(Native Method)
	at com.alibaba.druid.pool.DruidDataSource$DestroyConnectionThread.run(DruidDataSource.java:2913)

   Locked ownable synchronizers:
	- None

"Druid-ConnectionPool-Create-847666229" #79 daemon prio=5 os_prio=0 tid=0x00007f5f61c98000 nid=0x5a waiting on condition [0x00007f5e52ef1000]
   java.lang.Thread.State: WAITING (parking)
	at sun.misc.Unsafe.park(Native Method)
	- parking to wait for  <0x00000006ff68f160> (a java.util.concurrent.locks.AbstractQueuedSynchronizer$ConditionObject)
	at java.util.concurrent.locks.LockSupport.park(LockSupport.java:175)
	at java.util.concurrent.locks.AbstractQueuedSynchronizer$ConditionObject.await(AbstractQueuedSynchronizer.java:2039)
	at com.alibaba.druid.pool.DruidDataSource$CreateConnectionThread.run(DruidDataSource.java:2813)

   Locked ownable synchronizers:
	- None

"Druid-ConnectionPool-Destroy-710137206" #78 daemon prio=5 os_prio=0 tid=0x00007f5f61431800 nid=0x59 waiting on condition [0x00007f5e52ff2000]
   java.lang.Thread.State: TIMED_WAITING (sleeping)
	at java.lang.Thread.sleep(Native Method)
	at com.alibaba.druid.pool.DruidDataSource$DestroyConnectionThread.run(DruidDataSource.java:2913)

   Locked ownable synchronizers:
	- None

"Druid-ConnectionPool-Create-710137206" #77 daemon prio=5 os_prio=0 tid=0x00007f5f61430800 nid=0x58 waiting on condition [0x00007f5e530f3000]
   java.lang.Thread.State: WAITING (parking)
	at sun.misc.Unsafe.park(Native Method)
	- parking to wait for  <0x00000006ff615308> (a java.util.concurrent.locks.AbstractQueuedSynchronizer$ConditionObject)
	at java.util.concurrent.locks.LockSupport.park(LockSupport.java:175)
	at java.util.concurrent.locks.AbstractQueuedSynchronizer$ConditionObject.await(AbstractQueuedSynchronizer.java:2039)
	at com.alibaba.druid.pool.DruidDataSource$CreateConnectionThread.run(DruidDataSource.java:2813)

   Locked ownable synchronizers:
	- None

"Druid-ConnectionPool-Destroy-1808322060" #76 daemon prio=5 os_prio=0 tid=0x00007f5f61e8a000 nid=0x57 waiting on condition [0x00007f5e533f4000]
   java.lang.Thread.State: TIMED_WAITING (sleeping)
	at java.lang.Thread.sleep(Native Method)
	at com.alibaba.druid.pool.DruidDataSource$DestroyConnectionThread.run(DruidDataSource.java:2913)

   Locked ownable synchronizers:
	- None

"Druid-ConnectionPool-Create-1808322060" #75 daemon prio=5 os_prio=0 tid=0x00007f5f61e7e000 nid=0x56 waiting on condition [0x00007f5e534f5000]
   java.lang.Thread.State: WAITING (parking)
	at sun.misc.Unsafe.park(Native Method)
	- parking to wait for  <0x00000006ff92d6b0> (a java.util.concurrent.locks.AbstractQueuedSynchronizer$ConditionObject)
	at java.util.concurrent.locks.LockSupport.park(LockSupport.java:175)
	at java.util.concurrent.locks.AbstractQueuedSynchronizer$ConditionObject.await(AbstractQueuedSynchronizer.java:2039)
	at com.alibaba.druid.pool.DruidDataSource$CreateConnectionThread.run(DruidDataSource.java:2813)

   Locked ownable synchronizers:
	- None

"Druid-ConnectionPool-Destroy-728928021" #74 daemon prio=5 os_prio=0 tid=0x00007f5f6190a000 nid=0x55 waiting on condition [0x00007f5e535f6000]
   java.lang.Thread.State: TIMED_WAITING (sleeping)
	at java.lang.Thread.sleep(Native Method)
	at com.alibaba.druid.pool.DruidDataSource$DestroyConnectionThread.run(DruidDataSource.java:2913)

   Locked ownable synchronizers:
	- None

"Druid-ConnectionPool-Create-728928021" #73 daemon prio=5 os_prio=0 tid=0x00007f5f61541000 nid=0x54 waiting on condition [0x00007f5e536f7000]
   java.lang.Thread.State: WAITING (parking)
	at sun.misc.Unsafe.park(Native Method)
	- parking to wait for  <0x00000006ffae37a8> (a java.util.concurrent.locks.AbstractQueuedSynchronizer$ConditionObject)
	at java.util.concurrent.locks.LockSupport.park(LockSupport.java:175)
	at java.util.concurrent.locks.AbstractQueuedSynchronizer$ConditionObject.await(AbstractQueuedSynchronizer.java:2039)
	at com.alibaba.druid.pool.DruidDataSource$CreateConnectionThread.run(DruidDataSource.java:2813)

   Locked ownable synchronizers:
	- None

"Druid-ConnectionPool-Destroy-471513166" #72 daemon prio=5 os_prio=0 tid=0x00007f5f62348000 nid=0x53 waiting on condition [0x00007f5e537f8000]
   java.lang.Thread.State: TIMED_WAITING (sleeping)
	at java.lang.Thread.sleep(Native Method)
	at com.alibaba.druid.pool.DruidDataSource$DestroyConnectionThread.run(DruidDataSource.java:2913)

   Locked ownable synchronizers:
	- None

"Druid-ConnectionPool-Create-471513166" #71 daemon prio=5 os_prio=0 tid=0x00007f5f616ad000 nid=0x52 waiting on condition [0x00007f5e538f9000]
   java.lang.Thread.State: WAITING (parking)
	at sun.misc.Unsafe.park(Native Method)
	- parking to wait for  <0x00000006fe28a660> (a java.util.concurrent.locks.AbstractQueuedSynchronizer$ConditionObject)
	at java.util.concurrent.locks.LockSupport.park(LockSupport.java:175)
	at java.util.concurrent.locks.AbstractQueuedSynchronizer$ConditionObject.await(AbstractQueuedSynchronizer.java:2039)
	at com.alibaba.druid.pool.DruidDataSource$CreateConnectionThread.run(DruidDataSource.java:2813)

   Locked ownable synchronizers:
	- None

"Druid-ConnectionPool-Destroy-1172042998" #70 daemon prio=5 os_prio=0 tid=0x00007f5f62e1a800 nid=0x51 waiting on condition [0x00007f5e539fa000]
   java.lang.Thread.State: TIMED_WAITING (sleeping)
	at java.lang.Thread.sleep(Native Method)
	at com.alibaba.druid.pool.DruidDataSource$DestroyConnectionThread.run(DruidDataSource.java:2913)

   Locked ownable synchronizers:
	- None

"Druid-ConnectionPool-Create-1172042998" #69 daemon prio=5 os_prio=0 tid=0x00007f5f62d9f000 nid=0x50 waiting on condition [0x00007f5e53afb000]
   java.lang.Thread.State: WAITING (parking)
	at sun.misc.Unsafe.park(Native Method)
	- parking to wait for  <0x00000006fe28a8a0> (a java.util.concurrent.locks.AbstractQueuedSynchronizer$ConditionObject)
	at java.util.concurrent.locks.LockSupport.park(LockSupport.java:175)
	at java.util.concurrent.locks.AbstractQueuedSynchronizer$ConditionObject.await(AbstractQueuedSynchronizer.java:2039)
	at com.alibaba.druid.pool.DruidDataSource$CreateConnectionThread.run(DruidDataSource.java:2813)

   Locked ownable synchronizers:
	- None

"Druid-ConnectionPool-Destroy-1647022556" #68 daemon prio=5 os_prio=0 tid=0x00007f5f62df6800 nid=0x4f waiting on condition [0x00007f5e53bfc000]
   java.lang.Thread.State: TIMED_WAITING (sleeping)
	at java.lang.Thread.sleep(Native Method)
	at com.alibaba.druid.pool.DruidDataSource$DestroyConnectionThread.run(DruidDataSource.java:2913)

   Locked ownable synchronizers:
	- None

"Druid-ConnectionPool-Create-1647022556" #67 daemon prio=5 os_prio=0 tid=0x00007f5f62df5000 nid=0x4e waiting on condition [0x00007f5e53cfd000]
   java.lang.Thread.State: WAITING (parking)
	at sun.misc.Unsafe.park(Native Method)
	- parking to wait for  <0x00000006fdb86160> (a java.util.concurrent.locks.AbstractQueuedSynchronizer$ConditionObject)
	at java.util.concurrent.locks.LockSupport.park(LockSupport.java:175)
	at java.util.concurrent.locks.AbstractQueuedSynchronizer$ConditionObject.await(AbstractQueuedSynchronizer.java:2039)
	at com.alibaba.druid.pool.DruidDataSource$CreateConnectionThread.run(DruidDataSource.java:2813)

   Locked ownable synchronizers:
	- None

"mysql-cj-abandoned-connection-cleanup" #66 daemon prio=5 os_prio=0 tid=0x00007f5f62b48000 nid=0x4d in Object.wait() [0x00007f5e53ffe000]
   java.lang.Thread.State: TIMED_WAITING (on object monitor)
	at java.lang.Object.wait(Native Method)
	at java.lang.ref.ReferenceQueue.remove(ReferenceQueue.java:144)
	- locked <0x00000006fe379f40> (a java.lang.ref.ReferenceQueue$Lock)
	at com.mysql.cj.jdbc.AbandonedConnectionCleanupThread.run(AbandonedConnectionCleanupThread.java:85)
	at java.util.concurrent.ThreadPoolExecutor.runWorker(ThreadPoolExecutor.java:1149)
	at java.util.concurrent.ThreadPoolExecutor$Worker.run(ThreadPoolExecutor.java:624)
	at java.lang.Thread.run(Thread.java:748)

   Locked ownable synchronizers:
	- <0x00000006fe263988> (a java.util.concurrent.ThreadPoolExecutor$Worker)

"container-0" #65 prio=5 os_prio=0 tid=0x00007f5f62a27000 nid=0x4c waiting on condition [0x00007f5e98316000]
   java.lang.Thread.State: TIMED_WAITING (sleeping)
	at java.lang.Thread.sleep(Native Method)
	at org.apache.catalina.core.StandardServer.await(StandardServer.java:570)
	at org.springframework.boot.web.embedded.tomcat.TomcatWebServer$1.run(TomcatWebServer.java:197)

   Locked ownable synchronizers:
	- None

"Catalina-utility-2" #64 prio=1 os_prio=0 tid=0x00007f5f62a1f000 nid=0x4b waiting on condition [0x00007f5e98417000]
   java.lang.Thread.State: TIMED_WAITING (parking)
	at sun.misc.Unsafe.park(Native Method)
	- parking to wait for  <0x00000006fdc3c260> (a java.util.concurrent.locks.AbstractQueuedSynchronizer$ConditionObject)
	at java.util.concurrent.locks.LockSupport.parkNanos(LockSupport.java:215)
	at java.util.concurrent.locks.AbstractQueuedSynchronizer$ConditionObject.awaitNanos(AbstractQueuedSynchronizer.java:2078)
	at java.util.concurrent.ScheduledThreadPoolExecutor$DelayedWorkQueue.take(ScheduledThreadPoolExecutor.java:1093)
	at java.util.concurrent.ScheduledThreadPoolExecutor$DelayedWorkQueue.take(ScheduledThreadPoolExecutor.java:809)
	at java.util.concurrent.ThreadPoolExecutor.getTask(ThreadPoolExecutor.java:1074)
	at java.util.concurrent.ThreadPoolExecutor.runWorker(ThreadPoolExecutor.java:1134)
	at java.util.concurrent.ThreadPoolExecutor$Worker.run(ThreadPoolExecutor.java:624)
	at org.apache.tomcat.util.threads.TaskThread$WrappingRunnable.run(TaskThread.java:61)
	at java.lang.Thread.run(Thread.java:748)

   Locked ownable synchronizers:
	- None

"Catalina-utility-1" #63 prio=1 os_prio=0 tid=0x00007f5f62a18000 nid=0x4a waiting on condition [0x00007f5e98518000]
   java.lang.Thread.State: WAITING (parking)
	at sun.misc.Unsafe.park(Native Method)
	- parking to wait for  <0x00000006fdc3c260> (a java.util.concurrent.locks.AbstractQueuedSynchronizer$ConditionObject)
	at java.util.concurrent.locks.LockSupport.park(LockSupport.java:175)
	at java.util.concurrent.locks.AbstractQueuedSynchronizer$ConditionObject.await(AbstractQueuedSynchronizer.java:2039)
	at java.util.concurrent.ScheduledThreadPoolExecutor$DelayedWorkQueue.take(ScheduledThreadPoolExecutor.java:1088)
	at java.util.concurrent.ScheduledThreadPoolExecutor$DelayedWorkQueue.take(ScheduledThreadPoolExecutor.java:809)
	at java.util.concurrent.ThreadPoolExecutor.getTask(ThreadPoolExecutor.java:1074)
	at java.util.concurrent.ThreadPoolExecutor.runWorker(ThreadPoolExecutor.java:1134)
	at java.util.concurrent.ThreadPoolExecutor$Worker.run(ThreadPoolExecutor.java:624)
	at org.apache.tomcat.util.threads.TaskThread$WrappingRunnable.run(TaskThread.java:61)
	at java.lang.Thread.run(Thread.java:748)

   Locked ownable synchronizers:
	- None

"DefaultQuartzScheduler_QuartzSchedulerThread" #62 prio=5 os_prio=0 tid=0x00007f5f624c6000 nid=0x49 in Object.wait() [0x00007f5e98af1000]
   java.lang.Thread.State: TIMED_WAITING (on object monitor)
	at java.lang.Object.wait(Native Method)
	at org.quartz.core.QuartzSchedulerThread.run(QuartzSchedulerThread.java:254)
	- locked <0x00000006fdc3b6f0> (a java.lang.Object)

   Locked ownable synchronizers:
	- None

"DefaultQuartzScheduler_Worker-10" #61 prio=5 os_prio=0 tid=0x00007f5f6245e800 nid=0x48 in Object.wait() [0x00007f5e98bf2000]
   java.lang.Thread.State: TIMED_WAITING (on object monitor)
	at java.lang.Object.wait(Native Method)
	at org.quartz.simpl.SimpleThreadPool$WorkerThread.run(SimpleThreadPool.java:568)
	- locked <0x00000006fe3b4a38> (a java.lang.Object)

   Locked ownable synchronizers:
	- None

"DefaultQuartzScheduler_Worker-9" #60 prio=5 os_prio=0 tid=0x00007f5f6245c800 nid=0x47 in Object.wait() [0x00007f5e98cf3000]
   java.lang.Thread.State: TIMED_WAITING (on object monitor)
	at java.lang.Object.wait(Native Method)
	at org.quartz.simpl.SimpleThreadPool$WorkerThread.run(SimpleThreadPool.java:568)
	- locked <0x00000006fdb50c90> (a java.lang.Object)

   Locked ownable synchronizers:
	- None

"DefaultQuartzScheduler_Worker-8" #59 prio=5 os_prio=0 tid=0x00007f5f6245a800 nid=0x46 in Object.wait() [0x00007f5e98df4000]
   java.lang.Thread.State: TIMED_WAITING (on object monitor)
	at java.lang.Object.wait(Native Method)
	at org.quartz.simpl.SimpleThreadPool$WorkerThread.run(SimpleThreadPool.java:568)
	- locked <0x00000006fdb50c18> (a java.lang.Object)

   Locked ownable synchronizers:
	- None

"DefaultQuartzScheduler_Worker-7" #58 prio=5 os_prio=0 tid=0x00007f5f62459000 nid=0x45 in Object.wait() [0x00007f5e98ef5000]
   java.lang.Thread.State: TIMED_WAITING (on object monitor)
	at java.lang.Object.wait(Native Method)
	at org.quartz.simpl.SimpleThreadPool$WorkerThread.run(SimpleThreadPool.java:568)
	- locked <0x00000006fdb50ba0> (a java.lang.Object)

   Locked ownable synchronizers:
	- None

"DefaultQuartzScheduler_Worker-6" #57 prio=5 os_prio=0 tid=0x00007f5f62457800 nid=0x44 in Object.wait() [0x00007f5e98ff6000]
   java.lang.Thread.State: TIMED_WAITING (on object monitor)
	at java.lang.Object.wait(Native Method)
	at org.quartz.simpl.SimpleThreadPool$WorkerThread.run(SimpleThreadPool.java:568)
	- locked <0x00000006fdb50b28> (a java.lang.Object)

   Locked ownable synchronizers:
	- None

"DefaultQuartzScheduler_Worker-5" #56 prio=5 os_prio=0 tid=0x00007f5f62455800 nid=0x43 in Object.wait() [0x00007f5e990f7000]
   java.lang.Thread.State: TIMED_WAITING (on object monitor)
	at java.lang.Object.wait(Native Method)
	at org.quartz.simpl.SimpleThreadPool$WorkerThread.run(SimpleThreadPool.java:568)
	- locked <0x00000006fdb50e70> (a java.lang.Object)

   Locked ownable synchronizers:
	- None

"DefaultQuartzScheduler_Worker-4" #55 prio=5 os_prio=0 tid=0x00007f5f62454000 nid=0x42 in Object.wait() [0x00007f5e991f8000]
   java.lang.Thread.State: TIMED_WAITING (on object monitor)
	at java.lang.Object.wait(Native Method)
	at org.quartz.simpl.SimpleThreadPool$WorkerThread.run(SimpleThreadPool.java:568)
	- locked <0x00000006fdb50df8> (a java.lang.Object)

   Locked ownable synchronizers:
	- None

"DefaultQuartzScheduler_Worker-3" #54 prio=5 os_prio=0 tid=0x00007f5f62453800 nid=0x41 in Object.wait() [0x00007f5e9b8fd000]
   java.lang.Thread.State: TIMED_WAITING (on object monitor)
	at java.lang.Object.wait(Native Method)
	at org.quartz.simpl.SimpleThreadPool$WorkerThread.run(SimpleThreadPool.java:568)
	- locked <0x00000006fdb50d80> (a java.lang.Object)

   Locked ownable synchronizers:
	- None

"DefaultQuartzScheduler_Worker-2" #53 prio=5 os_prio=0 tid=0x00007f5f62451000 nid=0x40 in Object.wait() [0x00007f5e9b3fc000]
   java.lang.Thread.State: TIMED_WAITING (on object monitor)
	at java.lang.Object.wait(Native Method)
	at org.quartz.simpl.SimpleThreadPool$WorkerThread.run(SimpleThreadPool.java:568)
	- locked <0x00000006fdb50d08> (a java.lang.Object)

   Locked ownable synchronizers:
	- None

"DefaultQuartzScheduler_Worker-1" #52 prio=5 os_prio=0 tid=0x00007f5f6244b800 nid=0x3f in Object.wait() [0x00007f5f0a2cc000]
   java.lang.Thread.State: TIMED_WAITING (on object monitor)
	at java.lang.Object.wait(Native Method)
	at org.quartz.simpl.SimpleThreadPool$WorkerThread.run(SimpleThreadPool.java:568)
	- locked <0x00000006fe3b4ab0> (a java.lang.Object)

   Locked ownable synchronizers:
	- None

"javamelody" #51 daemon prio=5 os_prio=0 tid=0x00007f5f626c1000 nid=0x3e in Object.wait() [0x00007f5f0a3cd000]
   java.lang.Thread.State: TIMED_WAITING (on object monitor)
	at java.lang.Object.wait(Native Method)
	at java.util.TimerThread.mainLoop(Timer.java:552)
	- locked <0x00000006fe37a000> (a java.util.TaskQueue)
	at java.util.TimerThread.run(Timer.java:505)

   Locked ownable synchronizers:
	- None

"AsyncAppender-Worker-ASYNC_ERROR" #49 daemon prio=5 os_prio=0 tid=0x00007f5f618db000 nid=0x3c waiting on condition [0x00007f5f081bc000]
   java.lang.Thread.State: WAITING (parking)
	at sun.misc.Unsafe.park(Native Method)
	- parking to wait for  <0x00000006fd5ca7c8> (a java.util.concurrent.locks.AbstractQueuedSynchronizer$ConditionObject)
	at java.util.concurrent.locks.LockSupport.park(LockSupport.java:175)
	at java.util.concurrent.locks.AbstractQueuedSynchronizer$ConditionObject.await(AbstractQueuedSynchronizer.java:2039)
	at java.util.concurrent.ArrayBlockingQueue.take(ArrayBlockingQueue.java:403)
	at ch.qos.logback.core.AsyncAppenderBase$Worker.run(AsyncAppenderBase.java:289)

   Locked ownable synchronizers:
	- None

"AsyncAppender-Worker-ASYNC" #48 daemon prio=5 os_prio=0 tid=0x00007f5f60f4f000 nid=0x3b waiting on condition [0x00007f5f082bd000]
   java.lang.Thread.State: WAITING (parking)
	at sun.misc.Unsafe.park(Native Method)
	- parking to wait for  <0x00000006fd5c9bf8> (a java.util.concurrent.locks.AbstractQueuedSynchronizer$ConditionObject)
	at java.util.concurrent.locks.LockSupport.park(LockSupport.java:175)
	at java.util.concurrent.locks.AbstractQueuedSynchronizer$ConditionObject.await(AbstractQueuedSynchronizer.java:2039)
	at java.util.concurrent.ArrayBlockingQueue.take(ArrayBlockingQueue.java:403)
	at ch.qos.logback.core.AsyncAppenderBase$Worker.run(AsyncAppenderBase.java:289)

   Locked ownable synchronizers:
	- None

"Apollo-RemoteConfigLongPollService-1" #46 daemon prio=5 os_prio=0 tid=0x00007f5f6127b000 nid=0x39 runnable [0x00007f5e9aef8000]
   java.lang.Thread.State: RUNNABLE
	at java.net.SocketInputStream.socketRead0(Native Method)
	at java.net.SocketInputStream.socketRead(SocketInputStream.java:116)
	at java.net.SocketInputStream.read(SocketInputStream.java:171)
	at java.net.SocketInputStream.read(SocketInputStream.java:141)
	at java.io.BufferedInputStream.fill(BufferedInputStream.java:246)
	at java.io.BufferedInputStream.read1(BufferedInputStream.java:286)
	at java.io.BufferedInputStream.read(BufferedInputStream.java:345)
	- locked <0x00000006e27e7ee0> (a java.io.BufferedInputStream)
	at sun.net.www.http.HttpClient.parseHTTPHeader(HttpClient.java:735)
	at sun.net.www.http.HttpClient.parseHTTP(HttpClient.java:678)
	at sun.net.www.protocol.http.HttpURLConnection.getInputStream0(HttpURLConnection.java:1587)
	- locked <0x00000006e27e7f78> (a sun.net.www.protocol.http.HttpURLConnection)
	at sun.net.www.protocol.http.HttpURLConnection.getInputStream(HttpURLConnection.java:1492)
	- locked <0x00000006e27e7f78> (a sun.net.www.protocol.http.HttpURLConnection)
	at java.net.HttpURLConnection.getResponseCode(HttpURLConnection.java:480)
	at com.ctrip.framework.apollo.util.http.HttpUtil.doGetWithSerializeFunction(HttpUtil.java:98)
	at com.ctrip.framework.apollo.util.http.HttpUtil.doGet(HttpUtil.java:70)
	at com.ctrip.framework.apollo.internals.chj.ChjRemoteConfigLongPollService.doLongPollingRefresh(ChjRemoteConfigLongPollService.java:163)
	at com.ctrip.framework.apollo.internals.chj.ChjRemoteConfigLongPollService.access$100(ChjRemoteConfigLongPollService.java:42)
	at com.ctrip.framework.apollo.internals.chj.ChjRemoteConfigLongPollService$2.run(ChjRemoteConfigLongPollService.java:117)
	at java.util.concurrent.Executors$RunnableAdapter.call(Executors.java:511)
	at java.util.concurrent.FutureTask.run(FutureTask.java:266)
	at java.util.concurrent.ThreadPoolExecutor.runWorker(ThreadPoolExecutor.java:1149)
	at java.util.concurrent.ThreadPoolExecutor$Worker.run(ThreadPoolExecutor.java:624)
	at java.lang.Thread.run(Thread.java:748)

   Locked ownable synchronizers:
	- <0x00000006fd4b25a8> (a java.util.concurrent.ThreadPoolExecutor$Worker)

"Apollo-RemoteConfigRepository-1" #45 daemon prio=5 os_prio=0 tid=0x00007f5f60f7c800 nid=0x38 waiting on condition [0x00007f5e9affa000]
   java.lang.Thread.State: TIMED_WAITING (parking)
	at sun.misc.Unsafe.park(Native Method)
	- parking to wait for  <0x00000006fc5c9e70> (a java.util.concurrent.locks.AbstractQueuedSynchronizer$ConditionObject)
	at java.util.concurrent.locks.LockSupport.parkNanos(LockSupport.java:215)
	at java.util.concurrent.locks.AbstractQueuedSynchronizer$ConditionObject.awaitNanos(AbstractQueuedSynchronizer.java:2078)
	at java.util.concurrent.ScheduledThreadPoolExecutor$DelayedWorkQueue.take(ScheduledThreadPoolExecutor.java:1093)
	at java.util.concurrent.ScheduledThreadPoolExecutor$DelayedWorkQueue.take(ScheduledThreadPoolExecutor.java:809)
	at java.util.concurrent.ThreadPoolExecutor.getTask(ThreadPoolExecutor.java:1074)
	at java.util.concurrent.ThreadPoolExecutor.runWorker(ThreadPoolExecutor.java:1134)
	at java.util.concurrent.ThreadPoolExecutor$Worker.run(ThreadPoolExecutor.java:624)
	at java.lang.Thread.run(Thread.java:748)

   Locked ownable synchronizers:
	- None

"Apollo-ConfigServiceLocator-1" #44 daemon prio=5 os_prio=0 tid=0x00007f5f60f88000 nid=0x37 waiting on condition [0x00007f5e9b2fb000]
   java.lang.Thread.State: TIMED_WAITING (parking)
	at sun.misc.Unsafe.park(Native Method)
	- parking to wait for  <0x00000006fc66b778> (a java.util.concurrent.locks.AbstractQueuedSynchronizer$ConditionObject)
	at java.util.concurrent.locks.LockSupport.parkNanos(LockSupport.java:215)
	at java.util.concurrent.locks.AbstractQueuedSynchronizer$ConditionObject.awaitNanos(AbstractQueuedSynchronizer.java:2078)
	at java.util.concurrent.ScheduledThreadPoolExecutor$DelayedWorkQueue.take(ScheduledThreadPoolExecutor.java:1093)
	at java.util.concurrent.ScheduledThreadPoolExecutor$DelayedWorkQueue.take(ScheduledThreadPoolExecutor.java:809)
	at java.util.concurrent.ThreadPoolExecutor.getTask(ThreadPoolExecutor.java:1074)
	at java.util.concurrent.ThreadPoolExecutor.runWorker(ThreadPoolExecutor.java:1134)
	at java.util.concurrent.ThreadPoolExecutor$Worker.run(ThreadPoolExecutor.java:624)
	at java.lang.Thread.run(Thread.java:748)

   Locked ownable synchronizers:
	- None

"grpc-nio-worker-ELG-1-4" #38 daemon prio=5 os_prio=0 tid=0x00007f5ed0005800 nid=0x31 runnable [0x00007f5e9bbfe000]
   java.lang.Thread.State: RUNNABLE
	at sun.nio.ch.EPollArrayWrapper.epollWait(Native Method)
	at sun.nio.ch.EPollArrayWrapper.poll(EPollArrayWrapper.java:269)
	at sun.nio.ch.EPollSelectorImpl.doSelect(EPollSelectorImpl.java:93)
	at sun.nio.ch.SelectorImpl.lockAndDoSelect(SelectorImpl.java:86)
	- locked <0x00000006fcb5fbf8> (a io.grpc.netty.shaded.io.netty.channel.nio.SelectedSelectionKeySet)
	- locked <0x00000006fcb5fc70> (a java.util.Collections$UnmodifiableSet)
	- locked <0x00000006fcb0ef78> (a sun.nio.ch.EPollSelectorImpl)
	at sun.nio.ch.SelectorImpl.select(SelectorImpl.java:97)
	at sun.nio.ch.SelectorImpl.select(SelectorImpl.java:101)
	at io.grpc.netty.shaded.io.netty.channel.nio.SelectedSelectionKeySetSelector.select(SelectedSelectionKeySetSelector.java:68)
	at io.grpc.netty.shaded.io.netty.channel.nio.NioEventLoop.select(NioEventLoop.java:813)
	at io.grpc.netty.shaded.io.netty.channel.nio.NioEventLoop.run(NioEventLoop.java:460)
	at io.grpc.netty.shaded.io.netty.util.concurrent.SingleThreadEventExecutor$4.run(SingleThreadEventExecutor.java:986)
	at io.grpc.netty.shaded.io.netty.util.internal.ThreadExecutorMap$2.run(ThreadExecutorMap.java:74)
	at io.grpc.netty.shaded.io.netty.util.concurrent.FastThreadLocalRunnable.run(FastThreadLocalRunnable.java:30)
	at java.lang.Thread.run(Thread.java:748)

   Locked ownable synchronizers:
	- None

"grpc-nio-worker-ELG-1-3" #35 daemon prio=5 os_prio=0 tid=0x00007f5ea4054800 nid=0x2e runnable [0x00007f5f087be000]
   java.lang.Thread.State: RUNNABLE
	at sun.nio.ch.EPollArrayWrapper.epollWait(Native Method)
	at sun.nio.ch.EPollArrayWrapper.poll(EPollArrayWrapper.java:269)
	at sun.nio.ch.EPollSelectorImpl.doSelect(EPollSelectorImpl.java:93)
	at sun.nio.ch.SelectorImpl.lockAndDoSelect(SelectorImpl.java:86)
	- locked <0x00000006fcb4a9a0> (a io.grpc.netty.shaded.io.netty.channel.nio.SelectedSelectionKeySet)
	- locked <0x00000006fcb4bc48> (a java.util.Collections$UnmodifiableSet)
	- locked <0x00000006fcb0eee8> (a sun.nio.ch.EPollSelectorImpl)
	at sun.nio.ch.SelectorImpl.select(SelectorImpl.java:97)
	at sun.nio.ch.SelectorImpl.select(SelectorImpl.java:101)
	at io.grpc.netty.shaded.io.netty.channel.nio.SelectedSelectionKeySetSelector.select(SelectedSelectionKeySetSelector.java:68)
	at io.grpc.netty.shaded.io.netty.channel.nio.NioEventLoop.select(NioEventLoop.java:813)
	at io.grpc.netty.shaded.io.netty.channel.nio.NioEventLoop.run(NioEventLoop.java:460)
	at io.grpc.netty.shaded.io.netty.util.concurrent.SingleThreadEventExecutor$4.run(SingleThreadEventExecutor.java:986)
	at io.grpc.netty.shaded.io.netty.util.internal.ThreadExecutorMap$2.run(ThreadExecutorMap.java:74)
	at io.grpc.netty.shaded.io.netty.util.concurrent.FastThreadLocalRunnable.run(FastThreadLocalRunnable.java:30)
	at java.lang.Thread.run(Thread.java:748)

   Locked ownable synchronizers:
	- None

"com.lixiang.lse.common" #34 daemon prio=5 os_prio=0 tid=0x00007f5f60e24800 nid=0x2d waiting on condition [0x00007f5f088bf000]
   java.lang.Thread.State: WAITING (parking)
	at sun.misc.Unsafe.park(Native Method)
	- parking to wait for  <0x00000006fcdbe138> (a java.util.concurrent.locks.AbstractQueuedSynchronizer$ConditionObject)
	at java.util.concurrent.locks.LockSupport.park(LockSupport.java:175)
	at java.util.concurrent.locks.AbstractQueuedSynchronizer$ConditionObject.await(AbstractQueuedSynchronizer.java:2039)
	at java.util.concurrent.LinkedBlockingQueue.take(LinkedBlockingQueue.java:442)
	at java.util.concurrent.ThreadPoolExecutor.getTask(ThreadPoolExecutor.java:1074)
	at java.util.concurrent.ThreadPoolExecutor.runWorker(ThreadPoolExecutor.java:1134)
	at java.util.concurrent.ThreadPoolExecutor$Worker.run(ThreadPoolExecutor.java:624)
	at java.lang.Thread.run(Thread.java:748)

   Locked ownable synchronizers:
	- None

"Service Thread" #33 daemon prio=9 os_prio=0 tid=0x00007f5f60db7000 nid=0x2b runnable [0x0000000000000000]
   java.lang.Thread.State: RUNNABLE

   Locked ownable synchronizers:
	- None

"C1 CompilerThread2" #32 daemon prio=9 os_prio=0 tid=0x00007f5f60dac000 nid=0x2a waiting on condition [0x0000000000000000]
   java.lang.Thread.State: RUNNABLE

   Locked ownable synchronizers:
	- None

"C2 CompilerThread1" #31 daemon prio=9 os_prio=0 tid=0x00007f5f60daa000 nid=0x29 waiting on condition [0x0000000000000000]
   java.lang.Thread.State: RUNNABLE

   Locked ownable synchronizers:
	- None

"C2 CompilerThread0" #30 daemon prio=9 os_prio=0 tid=0x00007f5f60da9000 nid=0x28 waiting on condition [0x0000000000000000]
   java.lang.Thread.State: RUNNABLE

   Locked ownable synchronizers:
	- None

"Jacoco-Agent-1" #29 daemon prio=5 os_prio=0 tid=0x00007f5f60db0800 nid=0x27 waiting on condition [0x00007f5f08ec5000]
   java.lang.Thread.State: TIMED_WAITING (parking)
	at sun.misc.Unsafe.park(Native Method)
	- parking to wait for  <0x00000006fce30860> (a java.util.concurrent.locks.AbstractQueuedSynchronizer$ConditionObject)
	at java.util.concurrent.locks.LockSupport.parkNanos(LockSupport.java:215)
	at java.util.concurrent.locks.AbstractQueuedSynchronizer$ConditionObject.awaitNanos(AbstractQueuedSynchronizer.java:2078)
	at java.util.concurrent.ScheduledThreadPoolExecutor$DelayedWorkQueue.take(ScheduledThreadPoolExecutor.java:1093)
	at java.util.concurrent.ScheduledThreadPoolExecutor$DelayedWorkQueue.take(ScheduledThreadPoolExecutor.java:809)
	at java.util.concurrent.ThreadPoolExecutor.getTask(ThreadPoolExecutor.java:1074)
	at java.util.concurrent.ThreadPoolExecutor.runWorker(ThreadPoolExecutor.java:1134)
	at java.util.concurrent.ThreadPoolExecutor$Worker.run(ThreadPoolExecutor.java:624)
	at java.lang.Thread.run(Thread.java:748)

   Locked ownable synchronizers:
	- None

"org.jacoco.agent.rt.internal_3607058.output.TcpServerOutput" #27 daemon prio=5 os_prio=0 tid=0x00007f5f60d9d800 nid=0x26 runnable [0x00007f5f091c6000]
   java.lang.Thread.State: RUNNABLE
	at java.net.PlainSocketImpl.socketAccept(Native Method)
	at java.net.AbstractPlainSocketImpl.accept(AbstractPlainSocketImpl.java:409)
	at java.net.ServerSocket.implAccept(ServerSocket.java:545)
	at java.net.ServerSocket.accept(ServerSocket.java:513)
	at org.jacoco.agent.rt.internal_3607058.output.TcpServerOutput$1.run(TcpServerOutput.java:61)
	- locked <0x00000006fc8c0d78> (a java.net.ServerSocket)
	at java.lang.Thread.run(Thread.java:748)

   Locked ownable synchronizers:
	- None

"grpc-nio-worker-ELG-1-2" #26 daemon prio=5 os_prio=0 tid=0x00007f5ee80b5000 nid=0x25 runnable [0x00007f5f09ac8000]
   java.lang.Thread.State: RUNNABLE
	at sun.nio.ch.EPollArrayWrapper.epollWait(Native Method)
	at sun.nio.ch.EPollArrayWrapper.poll(EPollArrayWrapper.java:269)
	at sun.nio.ch.EPollSelectorImpl.doSelect(EPollSelectorImpl.java:93)
	at sun.nio.ch.SelectorImpl.lockAndDoSelect(SelectorImpl.java:86)
	- locked <0x00000006fcaf2598> (a io.grpc.netty.shaded.io.netty.channel.nio.SelectedSelectionKeySet)
	- locked <0x00000006fcaf2628> (a java.util.Collections$UnmodifiableSet)
	- locked <0x00000006fca96910> (a sun.nio.ch.EPollSelectorImpl)
	at sun.nio.ch.SelectorImpl.select(SelectorImpl.java:97)
	at io.grpc.netty.shaded.io.netty.channel.nio.SelectedSelectionKeySetSelector.select(SelectedSelectionKeySetSelector.java:62)
	at io.grpc.netty.shaded.io.netty.channel.nio.NioEventLoop.select(NioEventLoop.java:817)
	at io.grpc.netty.shaded.io.netty.channel.nio.NioEventLoop.run(NioEventLoop.java:460)
	at io.grpc.netty.shaded.io.netty.util.concurrent.SingleThreadEventExecutor$4.run(SingleThreadEventExecutor.java:986)
	at io.grpc.netty.shaded.io.netty.util.internal.ThreadExecutorMap$2.run(ThreadExecutorMap.java:74)
	at io.grpc.netty.shaded.io.netty.util.concurrent.FastThreadLocalRunnable.run(FastThreadLocalRunnable.java:30)
	at java.lang.Thread.run(Thread.java:748)

   Locked ownable synchronizers:
	- None

"com.lixiang.lsf.grpc.health" #24 daemon prio=5 os_prio=0 tid=0x00007f5f60a87000 nid=0x24 waiting on condition [0x00007f5f09fc9000]
   java.lang.Thread.State: TIMED_WAITING (parking)
	at sun.misc.Unsafe.park(Native Method)
	- parking to wait for  <0x00000006fce31b28> (a java.util.concurrent.locks.AbstractQueuedSynchronizer$ConditionObject)
	at java.util.concurrent.locks.LockSupport.parkNanos(LockSupport.java:215)
	at java.util.concurrent.locks.AbstractQueuedSynchronizer$ConditionObject.awaitNanos(AbstractQueuedSynchronizer.java:2078)
	at java.util.concurrent.ScheduledThreadPoolExecutor$DelayedWorkQueue.take(ScheduledThreadPoolExecutor.java:1093)
	at java.util.concurrent.ScheduledThreadPoolExecutor$DelayedWorkQueue.take(ScheduledThreadPoolExecutor.java:809)
	at java.util.concurrent.ThreadPoolExecutor.getTask(ThreadPoolExecutor.java:1074)
	at java.util.concurrent.ThreadPoolExecutor.runWorker(ThreadPoolExecutor.java:1134)
	at java.util.concurrent.ThreadPoolExecutor$Worker.run(ThreadPoolExecutor.java:624)
	at java.lang.Thread.run(Thread.java:748)

   Locked ownable synchronizers:
	- None

"com.lixiang.lsf.grpc.reset.stream.heap_dump" #23 daemon prio=5 os_prio=0 tid=0x00007f5f60a85000 nid=0x23 waiting on condition [0x00007f5f0a0ca000]
   java.lang.Thread.State: TIMED_WAITING (parking)
	at sun.misc.Unsafe.park(Native Method)
	- parking to wait for  <0x00000006fcb0f1e8> (a java.util.concurrent.locks.AbstractQueuedSynchronizer$ConditionObject)
	at java.util.concurrent.locks.LockSupport.parkNanos(LockSupport.java:215)
	at java.util.concurrent.locks.AbstractQueuedSynchronizer$ConditionObject.awaitNanos(AbstractQueuedSynchronizer.java:2078)
	at java.util.concurrent.ArrayBlockingQueue.poll(ArrayBlockingQueue.java:418)
	at com.lixiang.lsf.duplexer.DefaultGRpcDuplexer.lambda$new$1(DefaultGRpcDuplexer.java:69)
	at com.lixiang.lsf.duplexer.DefaultGRpcDuplexer$$Lambda$217/1541525668.run(Unknown Source)
	at java.util.concurrent.Executors$RunnableAdapter.call(Executors.java:511)
	at java.util.concurrent.FutureTask.run(FutureTask.java:256)
	at java.util.concurrent.ScheduledThreadPoolExecutor$ScheduledFutureTask.access$201(ScheduledThreadPoolExecutor.java:180)
	at java.util.concurrent.ScheduledThreadPoolExecutor$ScheduledFutureTask.run(ScheduledThreadPoolExecutor.java:289)
	at java.util.concurrent.ThreadPoolExecutor.runWorker(ThreadPoolExecutor.java:1149)
	at java.util.concurrent.ThreadPoolExecutor$Worker.run(ThreadPoolExecutor.java:624)
	at java.lang.Thread.run(Thread.java:748)

   Locked ownable synchronizers:
	- <0x00000006fcb0df50> (a java.util.concurrent.ThreadPoolExecutor$Worker)

"com.lixiang.lsf.grpc.reset.stream.thread_dump" #22 daemon prio=5 os_prio=0 tid=0x00007f5f60a77800 nid=0x22 waiting on condition [0x00007f5f0a1cb000]
   java.lang.Thread.State: TIMED_WAITING (parking)
	at sun.misc.Unsafe.park(Native Method)
	- parking to wait for  <0x00000006fcb11980> (a java.util.concurrent.locks.AbstractQueuedSynchronizer$ConditionObject)
	at java.util.concurrent.locks.LockSupport.parkNanos(LockSupport.java:215)
	at java.util.concurrent.locks.AbstractQueuedSynchronizer$ConditionObject.awaitNanos(AbstractQueuedSynchronizer.java:2078)
	at java.util.concurrent.ArrayBlockingQueue.poll(ArrayBlockingQueue.java:418)
	at com.lixiang.lsf.duplexer.DefaultGRpcDuplexer.lambda$new$1(DefaultGRpcDuplexer.java:69)
	at com.lixiang.lsf.duplexer.DefaultGRpcDuplexer$$Lambda$217/1541525668.run(Unknown Source)
	at java.util.concurrent.Executors$RunnableAdapter.call(Executors.java:511)
	at java.util.concurrent.FutureTask.run(FutureTask.java:256)
	at java.util.concurrent.ScheduledThreadPoolExecutor$ScheduledFutureTask.access$201(ScheduledThreadPoolExecutor.java:180)
	at java.util.concurrent.ScheduledThreadPoolExecutor$ScheduledFutureTask.run(ScheduledThreadPoolExecutor.java:289)
	at java.util.concurrent.ThreadPoolExecutor.runWorker(ThreadPoolExecutor.java:1149)
	at java.util.concurrent.ThreadPoolExecutor$Worker.run(ThreadPoolExecutor.java:624)
	at java.lang.Thread.run(Thread.java:748)

   Locked ownable synchronizers:
	- <0x00000006fcb10240> (a java.util.concurrent.ThreadPoolExecutor$Worker)

"com.lixiang.lsf.grpc.reset.stream.log_level" #19 daemon prio=5 os_prio=0 tid=0x00007f5f60a63000 nid=0x1f waiting on condition [0x00007f5f0a4ce000]
   java.lang.Thread.State: TIMED_WAITING (parking)
	at sun.misc.Unsafe.park(Native Method)
	- parking to wait for  <0x00000006fcb106b0> (a java.util.concurrent.locks.AbstractQueuedSynchronizer$ConditionObject)
	at java.util.concurrent.locks.LockSupport.parkNanos(LockSupport.java:215)
	at java.util.concurrent.locks.AbstractQueuedSynchronizer$ConditionObject.awaitNanos(AbstractQueuedSynchronizer.java:2078)
	at java.util.concurrent.ArrayBlockingQueue.poll(ArrayBlockingQueue.java:418)
	at com.lixiang.lsf.duplexer.DefaultGRpcDuplexer.lambda$new$1(DefaultGRpcDuplexer.java:69)
	at com.lixiang.lsf.duplexer.DefaultGRpcDuplexer$$Lambda$217/1541525668.run(Unknown Source)
	at java.util.concurrent.Executors$RunnableAdapter.call(Executors.java:511)
	at java.util.concurrent.FutureTask.run(FutureTask.java:256)
	at java.util.concurrent.ScheduledThreadPoolExecutor$ScheduledFutureTask.access$201(ScheduledThreadPoolExecutor.java:180)
	at java.util.concurrent.ScheduledThreadPoolExecutor$ScheduledFutureTask.run(ScheduledThreadPoolExecutor.java:289)
	at java.util.concurrent.ThreadPoolExecutor.runWorker(ThreadPoolExecutor.java:1149)
	at java.util.concurrent.ThreadPoolExecutor$Worker.run(ThreadPoolExecutor.java:624)
	at java.lang.Thread.run(Thread.java:748)

   Locked ownable synchronizers:
	- <0x00000006fcb10060> (a java.util.concurrent.ThreadPoolExecutor$Worker)

"grpc-nio-worker-ELG-1-1" #17 daemon prio=5 os_prio=0 tid=0x00007f5f60a53800 nid=0x1d runnable [0x00007f5f0a6d0000]
   java.lang.Thread.State: RUNNABLE
	at sun.nio.ch.EPollArrayWrapper.epollWait(Native Method)
	at sun.nio.ch.EPollArrayWrapper.poll(EPollArrayWrapper.java:269)
	at sun.nio.ch.EPollSelectorImpl.doSelect(EPollSelectorImpl.java:93)
	at sun.nio.ch.SelectorImpl.lockAndDoSelect(SelectorImpl.java:86)
	- locked <0x00000006fcade2e0> (a io.grpc.netty.shaded.io.netty.channel.nio.SelectedSelectionKeySet)
	- locked <0x00000006fcade388> (a java.util.Collections$UnmodifiableSet)
	- locked <0x00000006fca96880> (a sun.nio.ch.EPollSelectorImpl)
	at sun.nio.ch.SelectorImpl.select(SelectorImpl.java:97)
	at sun.nio.ch.SelectorImpl.select(SelectorImpl.java:101)
	at io.grpc.netty.shaded.io.netty.channel.nio.SelectedSelectionKeySetSelector.select(SelectedSelectionKeySetSelector.java:68)
	at io.grpc.netty.shaded.io.netty.channel.nio.NioEventLoop.select(NioEventLoop.java:813)
	at io.grpc.netty.shaded.io.netty.channel.nio.NioEventLoop.run(NioEventLoop.java:460)
	at io.grpc.netty.shaded.io.netty.util.concurrent.SingleThreadEventExecutor$4.run(SingleThreadEventExecutor.java:986)
	at io.grpc.netty.shaded.io.netty.util.internal.ThreadExecutorMap$2.run(ThreadExecutorMap.java:74)
	at io.grpc.netty.shaded.io.netty.util.concurrent.FastThreadLocalRunnable.run(FastThreadLocalRunnable.java:30)
	at java.lang.Thread.run(Thread.java:748)

   Locked ownable synchronizers:
	- None

"lsf.inetutils" #16 daemon prio=5 os_prio=0 tid=0x00007f5f608aa800 nid=0x1c waiting on condition [0x00007f5f0add1000]
   java.lang.Thread.State: WAITING (parking)
	at sun.misc.Unsafe.park(Native Method)
	- parking to wait for  <0x00000006fce42b98> (a java.util.concurrent.locks.AbstractQueuedSynchronizer$ConditionObject)
	at java.util.concurrent.locks.LockSupport.park(LockSupport.java:175)
	at java.util.concurrent.locks.AbstractQueuedSynchronizer$ConditionObject.await(AbstractQueuedSynchronizer.java:2039)
	at java.util.concurrent.LinkedBlockingQueue.take(LinkedBlockingQueue.java:442)
	at java.util.concurrent.ThreadPoolExecutor.getTask(ThreadPoolExecutor.java:1074)
	at java.util.concurrent.ThreadPoolExecutor.runWorker(ThreadPoolExecutor.java:1134)
	at java.util.concurrent.ThreadPoolExecutor$Worker.run(ThreadPoolExecutor.java:624)
	at java.lang.Thread.run(Thread.java:748)

   Locked ownable synchronizers:
	- None

"BatchSpanProcessor_WorkerThread-1" #14 daemon prio=5 os_prio=0 tid=0x00007f5f60893000 nid=0x1b waiting on condition [0x00007f5f0b0d2000]
   java.lang.Thread.State: TIMED_WAITING (parking)
	at sun.misc.Unsafe.park(Native Method)
	- parking to wait for  <0x00000006fc11ba10> (a java.util.concurrent.locks.AbstractQueuedSynchronizer$ConditionObject)
	at java.util.concurrent.locks.LockSupport.parkNanos(LockSupport.java:215)
	at java.util.concurrent.locks.AbstractQueuedSynchronizer$ConditionObject.awaitNanos(AbstractQueuedSynchronizer.java:2078)
	at java.util.concurrent.ArrayBlockingQueue.poll(ArrayBlockingQueue.java:418)
	at io.opentelemetry.sdk.trace.export.BatchSpanProcessor$Worker.run(BatchSpanProcessor.java:252)
	at java.lang.Thread.run(Thread.java:748)

   Locked ownable synchronizers:
	- None

"kafka-producer-network-thread | producer-1" #13 daemon prio=5 os_prio=0 tid=0x00007f5f6086e800 nid=0x1a runnable [0x00007f5f0b1d3000]
   java.lang.Thread.State: RUNNABLE
	at sun.nio.ch.EPollArrayWrapper.epollWait(Native Method)
	at sun.nio.ch.EPollArrayWrapper.poll(EPollArrayWrapper.java:269)
	at sun.nio.ch.EPollSelectorImpl.doSelect(EPollSelectorImpl.java:93)
	at sun.nio.ch.SelectorImpl.lockAndDoSelect(SelectorImpl.java:86)
	- locked <0x00000006fce506a0> (a sun.nio.ch.Util$3)
	- locked <0x00000006fce50688> (a java.util.Collections$UnmodifiableSet)
	- locked <0x00000006fcd93ad0> (a sun.nio.ch.EPollSelectorImpl)
	at sun.nio.ch.SelectorImpl.select(SelectorImpl.java:97)
	at org.apache.kafka.common.network.Selector.select(Selector.java:794)
	at org.apache.kafka.common.network.Selector.poll(Selector.java:467)
	at org.apache.kafka.clients.NetworkClient.poll(NetworkClient.java:547)
	at org.apache.kafka.clients.producer.internals.Sender.runOnce(Sender.java:335)
	at org.apache.kafka.clients.producer.internals.Sender.run(Sender.java:244)
	at java.lang.Thread.run(Thread.java:748)

   Locked ownable synchronizers:
	- None

"logback-2" #11 daemon prio=5 os_prio=0 tid=0x00007f5f0c004000 nid=0x19 waiting on condition [0x00007f5f0b6de000]
   java.lang.Thread.State: WAITING (parking)
	at sun.misc.Unsafe.park(Native Method)
	- parking to wait for  <0x00000006fc15a120> (a java.util.concurrent.locks.AbstractQueuedSynchronizer$ConditionObject)
	at java.util.concurrent.locks.LockSupport.park(LockSupport.java:175)
	at java.util.concurrent.locks.AbstractQueuedSynchronizer$ConditionObject.await(AbstractQueuedSynchronizer.java:2039)
	at java.util.concurrent.ScheduledThreadPoolExecutor$DelayedWorkQueue.take(ScheduledThreadPoolExecutor.java:1081)
	at java.util.concurrent.ScheduledThreadPoolExecutor$DelayedWorkQueue.take(ScheduledThreadPoolExecutor.java:809)
	at java.util.concurrent.ThreadPoolExecutor.getTask(ThreadPoolExecutor.java:1074)
	at java.util.concurrent.ThreadPoolExecutor.runWorker(ThreadPoolExecutor.java:1134)
	at java.util.concurrent.ThreadPoolExecutor$Worker.run(ThreadPoolExecutor.java:624)
	at java.lang.Thread.run(Thread.java:748)

   Locked ownable synchronizers:
	- None

"logback-1" #10 daemon prio=5 os_prio=0 tid=0x00007f5f0c002000 nid=0x18 waiting on condition [0x00007f5f0b7df000]
   java.lang.Thread.State: WAITING (parking)
	at sun.misc.Unsafe.park(Native Method)
	- parking to wait for  <0x00000006fc15a120> (a java.util.concurrent.locks.AbstractQueuedSynchronizer$ConditionObject)
	at java.util.concurrent.locks.LockSupport.park(LockSupport.java:175)
	at java.util.concurrent.locks.AbstractQueuedSynchronizer$ConditionObject.await(AbstractQueuedSynchronizer.java:2039)
	at java.util.concurrent.ScheduledThreadPoolExecutor$DelayedWorkQueue.take(ScheduledThreadPoolExecutor.java:1081)
	at java.util.concurrent.ScheduledThreadPoolExecutor$DelayedWorkQueue.take(ScheduledThreadPoolExecutor.java:809)
	at java.util.concurrent.ThreadPoolExecutor.getTask(ThreadPoolExecutor.java:1074)
	at java.util.concurrent.ThreadPoolExecutor.runWorker(ThreadPoolExecutor.java:1134)
	at java.util.concurrent.ThreadPoolExecutor$Worker.run(ThreadPoolExecutor.java:624)
	at java.lang.Thread.run(Thread.java:748)

   Locked ownable synchronizers:
	- None

"OkHttp TaskRunner" #9 daemon prio=5 os_prio=0 tid=0x00007f5f6071e000 nid=0x17 in Object.wait() [0x00007f5f0bae0000]
   java.lang.Thread.State: TIMED_WAITING (on object monitor)
	at java.lang.Object.wait(Native Method)
	at java.lang.Object.wait(Object.java:460)
	at okhttp3.internal.concurrent.TaskRunner$RealBackend.coordinatorWait(TaskRunner.kt:294)
	at okhttp3.internal.concurrent.TaskRunner.awaitTaskToRun(TaskRunner.kt:218)
	at okhttp3.internal.concurrent.TaskRunner$runnable$1.run(TaskRunner.kt:59)
	- locked <0x00000006fc1903f0> (a okhttp3.internal.concurrent.TaskRunner)
	at java.util.concurrent.ThreadPoolExecutor.runWorker(ThreadPoolExecutor.java:1149)
	at java.util.concurrent.ThreadPoolExecutor$Worker.run(ThreadPoolExecutor.java:624)
	at java.lang.Thread.run(Thread.java:748)

   Locked ownable synchronizers:
	- <0x00000006fc1934d0> (a java.util.concurrent.ThreadPoolExecutor$Worker)

"Okio Watchdog" #8 daemon prio=5 os_prio=0 tid=0x00007f5f606f8000 nid=0x16 in Object.wait() [0x00007f5f0bffe000]
   java.lang.Thread.State: TIMED_WAITING (on object monitor)
	at java.lang.Object.wait(Native Method)
	at okio.AsyncTimeout$Companion.awaitTimeout$okio(AsyncTimeout.kt:300)
	at okio.AsyncTimeout$Watchdog.run(AsyncTimeout.kt:187)
	- locked <0x00000006fc16c508> (a java.lang.Class for okio.AsyncTimeout)

   Locked ownable synchronizers:
	- None

"li-auto-otel-configration-poll" #7 prio=5 os_prio=0 tid=0x00007f5f606d9800 nid=0x15 waiting on condition [0x00007f5f30130000]
   java.lang.Thread.State: TIMED_WAITING (parking)
	at sun.misc.Unsafe.park(Native Method)
	- parking to wait for  <0x00000006fce7bc00> (a java.util.concurrent.locks.AbstractQueuedSynchronizer$ConditionObject)
	at java.util.concurrent.locks.LockSupport.parkNanos(LockSupport.java:215)
	at java.util.concurrent.locks.AbstractQueuedSynchronizer$ConditionObject.awaitNanos(AbstractQueuedSynchronizer.java:2078)
	at java.util.concurrent.ScheduledThreadPoolExecutor$DelayedWorkQueue.take(ScheduledThreadPoolExecutor.java:1093)
	at java.util.concurrent.ScheduledThreadPoolExecutor$DelayedWorkQueue.take(ScheduledThreadPoolExecutor.java:809)
	at java.util.concurrent.ThreadPoolExecutor.getTask(ThreadPoolExecutor.java:1074)
	at java.util.concurrent.ThreadPoolExecutor.runWorker(ThreadPoolExecutor.java:1134)
	at java.util.concurrent.ThreadPoolExecutor$Worker.run(ThreadPoolExecutor.java:624)
	at java.lang.Thread.run(Thread.java:748)

   Locked ownable synchronizers:
	- None

"AsyncAppender-Worker-ASYNC" #6 daemon prio=5 os_prio=0 tid=0x00007f5f60296000 nid=0x14 waiting on condition [0x00007f5f33d52000]
   java.lang.Thread.State: WAITING (parking)
	at sun.misc.Unsafe.park(Native Method)
	- parking to wait for  <0x00000006fc152eb0> (a java.util.concurrent.locks.AbstractQueuedSynchronizer$ConditionObject)
	at java.util.concurrent.locks.LockSupport.park(LockSupport.java:175)
	at java.util.concurrent.locks.AbstractQueuedSynchronizer$ConditionObject.await(AbstractQueuedSynchronizer.java:2039)
	at java.util.concurrent.ArrayBlockingQueue.take(ArrayBlockingQueue.java:403)
	at io.opentelemetry.javaagent.ch.qos.logback.core.AsyncAppenderBase$Worker.run(AsyncAppenderBase.java:283)

   Locked ownable synchronizers:
	- None

"Signal Dispatcher" #5 daemon prio=9 os_prio=0 tid=0x00007f5f60124000 nid=0x13 runnable [0x0000000000000000]
   java.lang.Thread.State: RUNNABLE

   Locked ownable synchronizers:
	- None

"Surrogate Locker Thread (Concurrent GC)" #4 daemon prio=9 os_prio=0 tid=0x00007f5f60123000 nid=0x12 waiting on condition [0x0000000000000000]
   java.lang.Thread.State: RUNNABLE

   Locked ownable synchronizers:
	- None

"Finalizer" #3 daemon prio=8 os_prio=0 tid=0x00007f5f600f0800 nid=0x11 in Object.wait() [0x00007f5f485ae000]
   java.lang.Thread.State: WAITING (on object monitor)
	at java.lang.Object.wait(Native Method)
	at java.lang.ref.ReferenceQueue.remove(ReferenceQueue.java:144)
	- locked <0x00000006fce85520> (a java.lang.ref.ReferenceQueue$Lock)
	at java.lang.ref.ReferenceQueue.remove(ReferenceQueue.java:165)
	at java.lang.ref.Finalizer$FinalizerThread.run(Finalizer.java:216)

   Locked ownable synchronizers:
	- None

"Reference Handler" #2 daemon prio=10 os_prio=0 tid=0x00007f5f600ee000 nid=0x10 in Object.wait() [0x00007f5f486af000]
   java.lang.Thread.State: WAITING (on object monitor)
	at java.lang.Object.wait(Native Method)
	at java.lang.Object.wait(Object.java:502)
	at java.lang.ref.Reference.tryHandlePending(Reference.java:191)
	- locked <0x00000006fcbfc440> (a java.lang.ref.Reference$Lock)
	at java.lang.ref.Reference$ReferenceHandler.run(Reference.java:153)

   Locked ownable synchronizers:
	- None

"VM Thread" os_prio=0 tid=0x00007f5f600e4000 nid=0xf runnable 

"Gang worker#0 (Parallel GC Threads)" os_prio=0 tid=0x00007f5f6001f800 nid=0x8 runnable 

"Gang worker#1 (Parallel GC Threads)" os_prio=0 tid=0x00007f5f60020800 nid=0x9 runnable 

"Gang worker#2 (Parallel GC Threads)" os_prio=0 tid=0x00007f5f60022800 nid=0xa runnable 

"Gang worker#3 (Parallel GC Threads)" os_prio=0 tid=0x00007f5f60024000 nid=0xb runnable 

"Concurrent Mark-Sweep GC Thread" os_prio=0 tid=0x00007f5f6006a800 nid=0xe runnable 

"Gang worker#0 (Parallel CMS Threads)" os_prio=0 tid=0x00007f5f60067000 nid=0xc runnable 

"Gang worker#1 (Parallel CMS Threads)" os_prio=0 tid=0x00007f5f60068800 nid=0xd runnable 

"VM Periodic Task Thread" os_prio=0 tid=0x00007f5f60dbc000 nid=0x2c waiting on condition 

JNI global references: 3625

